tree
version=v4
num_class=1
num_tree_per_iteration=1
label_index=0
max_feature_idx=21
objective=regression
feature_names=wps filler_rate question you_rate numeral_rate novelty redundancy promise_sim topic_sim cta sponsor outro greeting hook loop_open loop_close complexity pct t_log is_intro since_last_hook remaining_s
feature_infos=[0:19.035533905029297] [0:1] [0:1] [0:0.77777779102325439] [0:1] [0:1] [0:1.0000001192092896] [0:0.9078412652015686] [0:0.99999994039535522] [0:1] none [0:1] [0:1] [0:1] none [0:1] [0:1] [0.004999999888241291:0.99500000476837158] [0.90133953094482422:6.7929782867431641] [0:1] [0:120] [1.4629000425338745:890.5648193359375]
tree_sizes=1501 1517 1512 1510 1522 1514 1507 1509 1509 1523 1530 1518 1509 1519 1523 1512 1521 1518 1524 1518 1519 1522 1502 1519 1520 1513 1510 1510 1531 1530 1528 1527 1510 1518 1518 1532 1505 1531 1527 1522 1514 1531 1507 1519 1515 1518 1526 1534 1533 1518 1514 1511 1525 1511 1522 1533 1525 1529 1519 1527 1538 1514 1513 1519 1519 1521 1519 1534 1523 1520 1525 1532 1512 1528 1525 1511 1535 1519 1505 1518 1539 1522 1518 1538 1539 1522 1521 1530 1507 1528 1530 1502 1513 1522 1515 1532 1523 1539 1507 1529 1508 1525 1509 1516 1493 1508 1526 1521 1505 1518 1530 1526 1512 1519 1528 1527 1499 1498 1531 1529 1505 1518 1544 1510 1514 1533 1516 1525 1516 1502 1518 1516 1516 1519 1524 1501 1526 1512 1526 1537 1521 1523 1518 1509 1511 1532 1525 1513 1517 1529 1510 1517 1522 1509 1528 1506 1508 1510 1517 1515 1522 1519 1525 1503 1512 1531 1520 1509 1518 1517 1532 1517 1526 1522 1510 1523 1533 1501 1524 1518 1496 1526 1508 1516 1526 1523 1503 1508 1521 1502 1504 1528 1541 1509 1526 1492 1521 1491 1501 1522 1518 1544 1506 1525 1507 1505 1508 1509 1520 1502 1523 1509 1504 1514 1505 1521 1522 1494 1521 1531 1510 1524 1503 1511 1524 1514 1499 1535 1513 1524 1514 1526 1518 1511 1509 1502 1523 1513 1511 1507 1526 1501 1509 1528 1505 1519 1524 1504 1493 1509 1507 1510 1507 1517 1511 1513 1516 1537 1504 1517 1510 1503 1506 1512 1513 1525 1504 1520 1519 1510 1509 1505 1505 1513 1510 1512 1508 1505 1500 1532 1502 1514 1525 1522 1495 1511 1496 1495 1511 1523 1518 1528 1507 1527 1503 1508 1499 1521 1518 1511 1507 1512 1520 1522 1533 1504 1512 1522 1537 1501 1528 1509 1530 1504 1527 1510 1524 1506 1513 1497 1514 1496 1505 1497 1536 1508 1515 1521 1507 1513 1517 1518 1514 1505 1507 1511 1508 1512 1490 1507 1488 1525 1516 1506 1514 1514 1508 1505 1502 1511 1512 1524 1529 1524 1523 1512 1533 1515 1509 1508 1512 1509 1522 1508 1510 1506 1513 1515 1507 1523 1521 1515 1496 1507 1528 1515 1524 1509 1502 1504 1509 1514 1520 1492 1515 1502 1515 1525 1512 1514 1515 1502 1521 1499 1499 1507 1522 1500 1515 1512

Tree=0
num_leaves=15
num_cat=0
split_feature=17 18 17 21 0 6 17 20 6 20 8 18 6 18
split_gain=1107.1 496.064 184.97 132.217 133.714 65.4981 61.4522 50.9545 56.9992 47.7322 25.9401 24.253 22.3724 21.4857
threshold=0.87999999523162853 2.6526130437850957 0.96999999880790722 114.22532272338869 2.9937009811401372 0.19846625626087191 0.0099999997764825838 118.91424942016603 0.06970407068729402 119.40042114257814 0.41605456173419958 6.282386541366578 0.12768946588039401 6.1755096912384042
decision_type=2 2 2 2 2 2 2 2 2 2 2 2 2 2
left_child=1 6 7 -3 13 -4 -1 11 -9 -7 12 -2 -6 -5
right_child=2 3 5 4 10 9 -8 8 -10 -11 -12 -13 -14 -15
leaf_value=0.03946688839510034 -0.012502445577154781 -0.0051534354393314727 -0.048138352605219113 0.0056287998651761758 0.005680272845124572 -0.041839835212403885 0.019968219271068049 -0.028679305667431387 -0.0091389420758465449 -0.020651263110707477 -0.0026821273710096213 -0.029492021826525765 0.00052332513265653338 -0.00056162555718543565
leaf_weight=263 136 2414 135 7709 817 121 368 141 1939 544 2155 207 9615 539
leaf_count=263 136 2414 135 7709 817 121 368 141 1939 544 2155 207 9615 539
internal_value=-2.70341e-05 0.00220156 -0.0165171 0.00148616 0.00225649 -0.0290046 0.0283416 -0.0123428 -0.0105292 -0.0247901 0.000310529 -0.0230321 0.000929728 0.00522417
internal_weight=27103 23880 3223 23249 20835 800 631 2423 2080 665 12587 343 10432 8248
internal_count=27103 23880 3223 23249 20835 800 631 2423 2080 665 12587 343 10432 8248
is_linear=0
shrinkage=1


Tree=1
num_leaves=15
num_cat=0
split_feature=17 18 17 4 0 4 6 21 17 20 21 20 6 4
split_gain=1115.05 511.897 214.754 146.672 139.567 116.979 89.5715 81.8851 69.0871 48.2927 36.5202 29.4067 26.2176 25.785
threshold=0.87000000476837169 2.6526130437850957 0.96999999880790722 0.030143773183226589 2.619484663009644 0.00083578232442960154 0.18447522073984149 124.92372512817384 0.0099999997764825838 119.40042114257814 107.78744888305665 98.208877563476577 0.061232291162014015 0.071421429514884963
decision_type=2 2 2 2 2 2 2 2 2 2 2 2 2 2
left_child=1 8 5 4 10 12 -4 -6 -1 -8 -3 -9 -2 -5
right_child=2 3 6 13 7 -7 9 11 -10 -11 -12 -13 -14 -15
leaf_value=0.040466924308518767 -0.027127919483550443 -0.0041107171015498942 -0.052873524928092955 0.0050500218648658144 -0.0074187687540314545 -0.0012967846815755929 -0.041958345385864376 0.0019104438989986916 0.020046501747841377 -0.020725809716220411 0.0054392010490569428 -0.0012436137008349098 -0.014227412214568733 0.010059104379657702
leaf_weight=264 157 386 120 2692 1599 735 120 3967 383 583 4807 8052 1823 1424
leaf_count=264 157 386 120 2692 1599 735 120 3967 383 583 4807 8052 1823 1424
internal_value=5.49518e-05 0.00241286 -0.0156373 0.00166707 0.000543948 -0.0115302 -0.0290347 -0.00105199 0.0286252 -0.0246209 0.00472608 -0.000202222 -0.0153161 0.0067931
internal_weight=27112 23574 3538 22927 18811 2715 823 13618 647 703 5193 12019 1980 4116
internal_count=27112 23574 3538 22927 18811 2715 823 13618 647 703 5193 12019 1980 4116
is_linear=0
shrinkage=0.03


Tree=2
num_leaves=15
num_cat=0
split_feature=17 18 4 4 21 0 17 17 6 0 21 4 6 5
split_gain=1023.81 439.52 201.97 132.818 146.38 130.733 118.723 59.0583 56.0047 25.6748 29.7805 25.0762 23.7737 23.5967
threshold=0.88999998569488536 2.6526130437850957 1.0000000180025095e-35 0.035094318911433227 114.22532272338869 3.2116367816925053 0.96999999880790722 0.0099999997764825838 0.21516120433807376 2.619484663009644 200.13884735107425 0.051965976133942611 0.38390851020812994 0.59994783997535717
decision_type=2 2 2 2 2 2 2 2 2 2 2 2 2 2
left_child=1 7 6 4 13 9 12 -1 -8 -6 -11 -4 -2 -3
right_child=2 3 11 -5 5 -7 8 -9 -10 10 -12 -13 -14 -15
leaf_value=0.037495618969822925 -0.018090224811569598 -0.0088028241110741194 -0.0063286403450696846 0.0067024915241377372 0.0055343455405662762 -0.0011211751425192619 -0.048467557721109694 0.018515815351205316 -0.026521992844465912 -0.0032509665520018736 0.0035160757825496505 0.0057011619100991919 -0.0082139441746465376 -0.0022644513139761439
leaf_weight=265 1341 1521 528 3686 4790 8854 144 372 500 720 3047 216 277 743
leaf_count=265 1341 1521 528 3686 4790 8854 144 372 500 720 3047 216 277 743
internal_value=8.51868e-05 0.00215369 -0.0164046 0.00148039 0.000500604 0.00143424 -0.0208562 0.0266422 -0.0317647 0.00407747 0.00222007 -0.00282137 -0.0164299 -0.00666678
internal_weight=27004 23998 3006 23361 19675 17411 2262 637 644 8557 3767 744 1618 2264
internal_count=27004 23998 3006 23361 19675 17411 2262 637 644 8557 3767 744 1618 2264
is_linear=0
shrinkage=0.03


Tree=3
num_leaves=15
num_cat=0
split_feature=17 17 21 4 21 0 4 6 20 6 17 5 6 6
split_gain=941.555 410.392 160.06 150.783 169.462 126.259 106.87 38.8769 40.9139 36.4049 35.7458 28.0018 27.5033 24.8537
threshold=0.8999999761581422 0.020000000018626455 10.142099857330324 0.031259309500455863 114.22532272338869 3.1343572139739995 0.018071961589157585 0.061232291162014015 119.40042114257814 0.2142794951796532 0.0099999997764825838 0.58187112212181102 0.2999385297298432 0.10880142822861673
decision_type=2 2 2 2 2 2 2 2 2 2 2 2 2 2
left_child=1 10 9 4 11 12 7 -4 -9 -2 -1 -3 -6 -5
right_child=2 3 6 13 5 -7 -8 8 -10 -11 -12 -13 -14 -15
leaf_value=0.035754289320254241 -0.045762940289494687 -0.0097124401778381723 -0.031927457886175147 0.014295216391155999 0.0050397561988043856 -0.0011309755614866488 -7.4115095226979491e-05 -0.026039095987345426 -0.012885290957086211 -0.026404278310165352 0.019387977634127553 -0.0030742543065499328 0.00093756602066796335 0.0057586380625287226
leaf_weight=266 128 1518 134 332 5922 9361 451 257 1343 406 262 926 1960 3834
leaf_count=266 128 1518 134 332 5922 9361 451 257 1343 406 262 926 1960 3834
internal_value=-1.27282e-05 0.00185586 -0.0167408 0.00127383 0.000176014 0.0012245 -0.0130883 -0.0164632 -0.0150727 -0.031426 0.0278912 -0.00720873 0.00402091 0.00645526
internal_weight=27100 24381 2719 23853 19687 17243 2185 1734 1600 534 528 2444 7882 4166
internal_count=27100 24381 2719 23853 19687 17243 2185 1734 1600 534 528 2444 7882 4166
is_linear=0
shrinkage=0.03


Tree=4
num_leaves=15
num_cat=0
split_feature=17 17 4 21 1 17 4 4 20 6 17 4 6 20
split_gain=956.704 384.525 146.589 134.885 102.695 102.416 73.593 68.85 49.8999 43.4043 43.2906 36.3504 31.0566 24.9342
threshold=0.8999999761581422 0.020000000018626455 0.020808267407119278 114.22532272338869 0.0012526003993116321 0.98000001907348644 0.034483263269066818 0.021084313280880455 117.74875259399415 0.061232291162014015 0.0099999997764825838 0.058826072141528137 0.12768946588039401 88.809749603271499
decision_type=2 2 2 2 2 2 2 2 2 2 2 2 2 2
left_child=1 10 5 6 11 8 -3 13 -2 -10 -1 12 -5 -6
right_child=2 3 -4 4 7 -7 -8 -9 9 -11 -12 -13 -14 -15
leaf_value=0.035504746577654879 -0.028545150004489265 -0.0065566560788094018 -0.0022483975978386766 0.0064906761566243306 0.0012320718544382274 -0.032547116218480346 0.0063390218264174694 0.004719722739616918 -0.030501069032142239 -0.012719684407743917 0.017795974257364039 0.0089834971413957371 0.0025973323713713928 -0.0027747975569190372
leaf_weight=269 271 2571 508 2368 1939 472 467 1953 135 1344 264 1190 8346 4980
leaf_count=269 271 2571 508 2368 1939 472 467 1953 135 1344 264 1190 8346 4980
internal_value=9.73331e-06 0.00189921 -0.0168138 0.0013323 0.00219585 -0.0201313 -0.00456718 -0.000247381 -0.0166994 -0.01444 0.0269803 0.00401612 0.00346046 -0.00165182
internal_weight=27077 24347 2730 23814 20776 2222 3038 8872 1750 1479 533 11904 10714 6919
internal_count=27077 24347 2730 23814 20776 2222 3038 8872 1750 1479 533 11904 10714 6919
is_linear=0
shrinkage=0.03


Tree=5
num_leaves=15
num_cat=0
split_feature=17 18 21 4 4 21 1 17 6 20 6 6 3 18
split_gain=862.332 377.065 164.899 116.608 105.529 100.332 81.2663 41.5235 36.7342 35.9705 43.7038 28.3327 25.5308 24.6457
threshold=0.88999998569488536 2.6526130437850957 10.142099857330324 0.031259309500455863 1.0000000180025095e-35 114.22532272338869 0.0037188280839473013 0.0099999997764825838 0.21689374744892123 119.40042114257814 0.061232291162014015 0.15307302027940753 0.026645528152585033 6.2961578369140634
decision_type=2 2 2 2 2 2 2 2 2 2 2 2 2 2
left_child=1 7 8 5 9 -3 11 -1 -2 13 -11 -7 -8 -4
right_child=2 3 4 -5 -6 6 12 -9 -10 10 -12 -13 -14 -15
leaf_value=0.033799703858250672 -0.045099455376863481 -0.0056528830528175871 -0.01397128683709224 0.0059600755478045114 -0.0013854691691248891 0.0055715857370176921 -3.325410368140537e-05 0.017798959582657418 -0.025374335577834466 -0.029727866160783836 -0.011858868358961643 0.0019414841786018627 -0.0038339989870773655 -0.032445314269764033
leaf_weight=263 120 2202 122 4056 645 2651 4936 378 419 134 1349 7168 2342 173
leaf_count=263 120 2202 122 4056 645 2651 4936 378 419 134 1349 7168 2342 173
internal_value=7.8981e-05 0.00196513 -0.0151788 0.00133945 -0.0117954 0.000367063 0.00114382 0.0245748 -0.03014 -0.0155573 -0.0135679 0.0029239 -0.00125809 -0.0251654
internal_weight=26958 23996 2962 23355 2423 19299 17097 641 539 1778 1483 9819 7278 295
internal_count=26958 23996 2962 23355 2423 19299 17097 641 539 1778 1483 9819 7278 295
is_linear=0
shrinkage=0.03


Tree=6
num_leaves=15
num_cat=0
split_feature=17 17 4 17 4 0 6 21 21 20 17 5 7 5
split_gain=759.232 369.098 166.138 135.489 108.932 124.609 69.1251 53.3898 49.88 37.6308 37.518 32.7278 26.207 23.0522
threshold=0.87999999523162853 0.020000000018626455 0.0099744596518576163 0.95999997854232799 0.028577011078596119 2.984124064445496 0.18155796825885775 120.67312240600587 116.33167266845705 119.40042114257814 0.0099999997764825838 0.4980407059192658 0.025782733224332336 0.67351314425468456
decision_type=2 2 2 2 2 2 2 2 2 2 2 2 2 2
left_child=1 10 3 -2 5 7 -5 -3 11 -8 -1 -7 -11 -4
right_child=2 4 13 6 -6 8 9 -9 -10 12 -12 -13 -14 -15
leaf_value=0.034985155837844971 -0.011992488650216472 -0.0036066017162779138 -0.0034647164625985403 -0.047113232092762532 0.0056900132855576191 -0.013831784800231802 -0.036318242855037847 0.0043215809574444711 -0.00085090603964115485 -0.0090813672030344589 0.018312569692900234 -0.0036203256951501733 -0.023272789770801293 0.010102297488255831
leaf_weight=257 1640 859 611 127 4368 432 152 6701 10108 175 270 814 417 133
leaf_count=257 1640 859 611 127 4368 432 152 6701 10108 175 270 814 417 133
internal_value=0.000128919 0.00198766 -0.0134492 -0.0171321 0.00142277 0.000436052 -0.0266857 0.00341896 -0.00155073 -0.0229075 0.0266956 -0.00720187 -0.0191889 -0.000988182
internal_weight=27064 23809 3255 2511 23282 18914 871 7560 11354 744 527 1246 592 744
internal_count=27064 23809 3255 2511 23282 18914 871 7560 11354 744 527 1246 592 744
is_linear=0
shrinkage=0.03


Tree=7
num_leaves=15
num_cat=0
split_feature=17 18 17 0 6 17 20 17 1 20 6 18 3 18
split_gain=771.004 364.879 151.151 86.9156 63.3067 43.6166 40.2636 39.3233 39.2596 37.5727 31.5199 28.0213 20.7218 18.943
threshold=0.87999999523162853 2.6526130437850957 0.96999999880790722 2.7911496162414555 0.18447522073984149 0.0099999997764825838 119.40042114257814 0.82999998331069957 0.024897129274904731 112.9377784729004 0.061232291162014015 4.8013381958007821 0.074084270745515837 6.282386541366578
decision_type=2 2 2 2 2 2 2 2 2 2 2 2 2 2
left_child=1 5 9 7 -4 -1 -6 -3 11 13 -11 -5 -10 -2
right_child=2 3 4 8 6 -7 -8 -9 12 10 -12 -13 -14 -15
leaf_value=0.033485432418083452 -0.0099006265661744173 0.0046260305352709098 -0.044984887816607949 0.0040499712244255965 -0.03639090087371416 0.017115687525209217 -0.017342786262208292 -0.0048644628290100351 -0.0014036615501205874 -0.022411784983926663 -0.0074398832807747754 0.00034976662908357278 -0.0083473543377671228 -0.025550383999726586
leaf_weight=272 124 6813 120 2384 126 360 550 413 5095 132 1975 8049 414 188
leaf_count=272 124 6813 120 2384 126 360 550 413 5095 132 1975 8049 414 188
internal_value=0.000105124 0.00196874 -0.0136725 0.00135257 -0.0249882 0.0243684 -0.0211343 0.00408062 0.000115143 -0.00990503 -0.00842869 0.00119682 -0.00193257 -0.0195849
internal_weight=27015 23800 3215 23168 796 632 676 7226 15942 2419 2107 10433 5509 312
internal_count=27015 23800 3215 23168 796 632 676 7226 15942 2419 2107 10433 5509 312
is_linear=0
shrinkage=0.03


Tree=8
num_leaves=15
num_cat=0
split_feature=21 18 21 4 0 4 21 6 18 16 20 18 1 1
split_gain=675.642 311.3 179.854 123.715 94.3804 95.772 50.0698 44.9838 41.1242 28.4937 25.2305 25.1206 23.9565 23.1381
threshold=107.78744888305665 2.6526130437850957 13.191074848175051 0.034483263269066818 2.9937009811401372 0.030143773183226589 30.310575485229496 0.21868701279163363 2.1100602149963383 0.017743462696671489 119.40042114257814 6.282386541366578 0.0012526003993116321 0.027304536662995819
decision_type=2 2 2 2 2 2 2 2 2 2 2 2 2 2
left_child=2 8 7 6 13 12 10 -1 -2 -5 -4 -8 -6 -3
right_child=1 4 3 9 5 -7 11 -9 -10 -11 -12 -13 -14 -15
leaf_value=-0.038731516792438928 0.030363660434323973 0.0049856333369377726 -0.028946329898026306 0.00961547251864351 0.00028951832572830127 0.0053196637876292358 -0.0058456230080496212 -0.019649678935719176 0.014792242726236811 -0.0026294416021126169 -0.013911316843353177 -0.011333161703176119 -0.0026133094972082072 0.0010715992595432488
leaf_weight=150 322 6464 123 381 4842 2480 2011 511 321 304 628 1218 5419 1725
leaf_count=150 322 6464 123 381 4842 2480 2011 511 321 304 628 1218 5419 1725
internal_value=-7.7854e-05 0.00228497 -0.00964168 -0.00754971 0.00165054 3.51537e-05 -0.00957496 -0.0242382 0.0227642 0.00420156 -0.0165489 -0.00792988 -0.00124404 0.00416231
internal_weight=26899 21573 5326 4665 20930 12741 3980 661 643 685 751 3229 10261 8189
internal_count=26899 21573 5326 4665 20930 12741 3980 661 643 685 751 3229 10261 8189
is_linear=0
shrinkage=0.03


Tree=9
num_leaves=15
num_cat=0
split_feature=17 18 4 4 17 0 17 6 17 20 20 5 1 3
split_gain=702.151 315.511 130.645 101.209 94.821 90.1493 89.6727 56.2073 42.2793 31.5178 25.3887 23.8733 21.7812 20.5918
threshold=0.8999999761581422 2.6526130437850957 0.00049804378068074595 0.030143773183226589 0.8100000023841859 2.5486314296722417 0.95999997854232799 0.18155796825885775 0.0099999997764825838 98.208877563476577 119.98374938964845 0.55535250902175914 0.025968667119741443 0.074084270745515837
decision_type=2 2 2 2 2 2 2 2 2 2 2 2 2 2
left_child=1 8 6 4 5 13 -2 -8 -1 -7 -9 -6 -11 -3
right_child=2 3 -4 -5 11 9 7 10 -10 12 -12 -13 -14 -15
leaf_value=0.030771547074191975 -0.012976720759659988 0.004774950401910092 -0.0031908283652043326 0.0051312128733087469 -0.0090584511284604336 0.0016100207383511194 -0.044408202463448156 -0.033688450687638434 0.015028646572307671 -0.00045936819146162459 -0.019175029548738773 -0.0024256121226648099 -0.0035893860456160682 -0.0059876263772087272
leaf_weight=281 1176 4342 679 4246 1121 4137 126 147 375 5662 571 871 3091 162
leaf_count=281 1176 4342 679 4246 1121 4137 126 147 375 5662 571 871 3091 162
internal_value=-0.00010306 0.0015111 -0.0146046 0.000939105 1.98469e-05 0.000730473 -0.0184239 -0.0258927 0.0219539 -0.000546512 -0.0223589 -0.00617158 -0.00156611 0.00438163
internal_weight=26987 24288 2699 23632 19386 17394 2020 844 656 12890 718 1992 8753 4504
internal_count=26987 24288 2699 23632 19386 17394 2020 844 656 12890 718 1992 8753 4504
is_linear=0
shrinkage=0.03


Tree=10
num_leaves=15
num_cat=0
split_feature=17 17 21 4 0 4 21 21 20 6 1 5 4 17
split_gain=712.178 259.024 123.822 107.574 101.293 74.6749 61.1435 48.2535 32.0733 32.3926 25.276 23.3304 22.0082 20.0057
threshold=0.88999998569488536 0.020000000018626455 10.142099857330324 0.030143773183226589 2.7911496162414555 0.018071961589157585 157.34017181396487 101.29017639160158 119.98374938964845 0.061232291162014015 0.0040072547271847734 0.52413138747215282 0.075004734098911299 0.0099999997764825838
decision_type=2 2 2 2 2 2 2 2 2 2 2 2 2 2
left_child=1 13 -2 4 7 8 11 -3 -4 -10 -8 -6 -5 -1
right_child=2 3 5 12 6 -7 10 -9 9 -11 -12 -13 -14 -15
leaf_value=0.027885722720010619 -0.027115683746380272 -0.0051565428167119247 -0.022700629626317453 0.0039924537976960646 -0.0086097841516578413 -0.00089073212814603955 0.0012128339592489374 0.0041039696697649491 -0.025742156703878815 -0.010649477068634765 -0.0017655865218748235 -0.0029553186489214562 0.0086820287469948302 0.015687971199103166
leaf_weight=273 529 551 308 2908 1141 511 5093 5753 139 1465 5155 1558 1313 266
leaf_count=273 529 551 308 2908 1141 511 5093 5753 139 1465 5155 1558 1313 266
internal_value=-0.000110481 0.00160005 -0.0140028 0.00112549 0.000173984 -0.01109 -0.00134445 0.00329111 -0.0138064 -0.0120333 -0.000285516 -0.00535724 0.00545976 0.0220656
internal_weight=26963 24011 2952 23472 19251 2423 12947 6304 1912 1604 10248 2699 4221 539
internal_count=26963 24011 2952 23472 19251 2423 12947 6304 1912 1604 10248 2699 4221 539
is_linear=0
shrinkage=0.03


Tree=11
num_leaves=15
num_cat=0
split_feature=21 17 17 0 4 4 4 17 17 16 6 1 4 1
split_gain=584.988 252.14 145.585 89.9724 86.8599 72.8298 43.3159 34.6764 31.5323 28.4632 28.3928 27.0797 26.36 24.6815
threshold=107.78744888305665 0.020000000018626455 0.96999999880790722 2.984124064445496 0.018071961589157585 0.0061268999706953773 0.020453534089028839 0.0099999997764825838 0.8999999761581422 0.027526788413524631 0.30635681748390203 0.027304536662995819 0.089866023510694518 0.0043843130115419635
decision_type=2 2 2 2 2 2 2 2 2 2 2 2 2 2
left_child=2 7 4 11 8 13 10 -2 -1 -6 -4 -3 -7 -5
right_child=1 3 6 5 9 12 -8 -9 -10 -11 -12 -13 -14 -15
leaf_value=-0.0065395274063854642 0.030144752254914291 0.0049872644527048987 -0.028238550494829217 0.00015719945171972384 0.0052150391398616781 0.00256067395559213 -0.0036948728263378142 0.014322821910955234 -0.012308067476923321 -0.0048019829984119224 -0.015225008513526142 0.000755223047396965 0.010499238586325534 -0.0030277267015101114
leaf_weight=2040 268 6576 427 4345 587 3790 120 261 1494 444 267 1718 414 4409
leaf_count=2040 268 6576 427 4345 587 3790 120 261 1494 444 267 1718 414 4409
internal_value=-3.52784e-06 0.00218481 -0.00885847 0.0016728 -0.00675972 0.000110805 -0.0205154 0.0225457 -0.00899212 0.000898854 -0.0233766 0.00411163 0.00335399 -0.00144772
internal_weight=27160 21781 5379 21252 4565 12958 814 529 3534 1031 694 8294 4204 8754
internal_count=27160 21781 5379 21252 4565 12958 814 529 3534 1031 694 8294 4204 8754
is_linear=0
shrinkage=0.03


Tree=12
num_leaves=15
num_cat=0
split_feature=21 18 4 21 0 4 6 18 4 4 20 7 21 21
split_gain=538.211 262.589 147.488 139.78 68.2108 68.969 37.3215 33.0595 29.3626 29.1034 28.0601 23.4233 23.1078 19.1638
threshold=101.29017639160158 2.6526130437850957 0.00049804378068074595 30.310575485229496 2.800003290176392 0.0054248254746198663 0.17436771839857104 2.1100602149963383 0.05263336934149266 0.075004734098911299 119.40042114257814 0.02773680537939072 142.10720062255862 641.25863647460949
decision_type=2 2 2 2 2 2 2 2 2 2 2 2 2 2
left_child=2 7 3 6 -3 12 -1 -2 -4 -7 -8 -12 -6 -14
right_child=1 4 8 -5 5 9 10 -9 -10 -11 11 -13 13 -15
leaf_value=-0.035299281280992238 0.02775460314652365 0.0039615431881256814 -0.0034221100486049589 -0.0079951134602905035 -0.0055860047564396768 0.0021899757649773586 -0.029210361001426651 0.013761423402474752 0.0060091324430745652 0.0083846893961543965 -0.007961366282376859 -0.019244075034858633 -0.00085857816097780078 0.0089790902514481456
leaf_weight=139 319 6763 893 2527 943 3972 182 323 439 821 247 573 8612 177
leaf_count=139 319 6763 893 2527 943 3972 182 323 439 821 247 573 8612 177
internal_value=2.11673e-05 0.00204666 -0.00885582 -0.0119571 0.00147407 0.000314906 -0.0206586 0.0208752 -0.000302917 0.00325871 -0.0184624 -0.0159144 -0.00113584 -0.000655467
internal_weight=26930 21930 5000 3668 21288 14525 1141 642 1332 4793 1002 820 9732 8789
internal_count=26930 21930 5000 3668 21288 14525 1141 642 1332 4793 1002 820 9732 8789
is_linear=0
shrinkage=0.03


Tree=13
num_leaves=15
num_cat=0
split_feature=17 18 4 4 0 17 18 17 18 5 18 20 8 8
split_gain=525.045 240.298 78.634 77.771 83.2001 59.5222 51.9078 41.899 30.7943 24.7787 24.1878 22.1922 26.2478 21.9137
threshold=0.8999999761581422 2.8921549320220952 0.017292935401201252 0.031259309500455863 2.5641032457351689 0.98000001907348644 2.1100602149963383 0.8100000023841859 4.5628364086151132 0.46338295936584478 6.2436668872833261 119.40042114257814 1.0000000180025095e-35 0.24091500043869021
decision_type=2 2 2 2 2 2 2 2 2 2 2 2 2 2
left_child=1 6 5 4 10 11 -1 8 -6 -9 -3 -2 -13 -7
right_child=2 3 -4 -5 7 13 -8 9 -10 -11 -12 12 -14 -15
leaf_value=0.026364526504570721 -0.020510165805027788 0.0038420689023378591 -0.0022523870961989605 0.0045083378941290757 0.0025556403372863743 -0.034268796673782589 0.010966118647396472 -0.012103941060329006 -0.0013329572806603874 -0.0035462582667094341 -0.0038890734955026401 -0.024045422232254993 -0.0096883461340575346 -0.01952509728384717
leaf_weight=321 268 4672 528 4034 2207 154 533 417 10693 1120 391 124 1317 302
leaf_count=321 268 4672 528 4034 2207 154 533 417 10693 1120 391 124 1317 302
internal_value=-0.000100562 0.00128843 -0.0126585 0.000719408 -6.53689e-05 -0.0151853 0.0168738 -0.00122589 -0.000666943 -0.00589974 0.00324177 -0.0125491 -0.0110027 -0.024822
internal_weight=27081 24388 2693 23534 19500 2165 854 14437 12900 1537 5063 1709 1441 456
internal_count=27081 24388 2693 23534 19500 2165 854 14437 12900 1537 5063 1709 1441 456
is_linear=0
shrinkage=0.03


Tree=14
num_leaves=15
num_cat=0
split_feature=17 18 17 4 0 4 4 6 17 20 4 21 7 18
split_gain=538.494 224.767 159.775 79.7904 70.7766 63.1195 55.8902 53.7036 39.5753 25.8219 25.2316 24.424 21.4544 20.9441
threshold=0.81999999284744274 2.8921549320220952 0.95999997854232799 0.021297113969922069 3.2116367816925053 0.021084313280880455 0.00083578232442960154 0.18155796825885775 0.0099999997764825838 68.344123840332045 0.046521453186869628 202.58787536621097 0.031564213335514076 6.282386541366578
decision_type=2 2 2 2 2 2 2 2 2 2 2 2 2 2
left_child=1 8 6 7 10 -6 13 -4 -1 -9 11 -3 -11 -2
right_child=2 4 3 -5 5 -7 -8 9 -10 12 -12 -13 -14 -15
leaf_value=0.026386343074051567 -0.0060209052330518981 -0.00040057951960693406 -0.040459246457220335 -0.0010417994782807409 -0.0017788724863107282 0.0034334545095950882 -0.00037559443905028824 -0.032323983438836877 0.012313765773015233 -0.0097982740827890873 0.0070148222969614723 0.0033008132166557321 -0.021290334885903522 -0.011321354370580593
leaf_weight=269 1463 2080 133 181 8218 2799 1054 123 584 250 1238 6998 404 1275
leaf_count=269 1463 2080 133 181 8218 2799 1054 123 584 250 1238 6998 404 1275
internal_value=-0.00016128 0.00182426 -0.00917527 -0.0192709 0.00121846 -0.000453662 -0.00624909 -0.0228712 0.0168796 -0.0196212 0.00300357 0.00245298 -0.017005 -0.00850529
internal_weight=27069 22186 4883 1091 21333 11017 3792 910 853 777 10316 9078 654 2738
internal_count=27069 22186 4883 1091 21333 11017 3792 910 853 777 10316 9078 654 2738
is_linear=0
shrinkage=0.03


Tree=15
num_leaves=15
num_cat=0
split_feature=17 17 21 4 21 4 1 6 6 20 21 6 17 16
split_gain=515.951 235.957 109.964 70.7768 72.6004 59.8842 59.0843 34.5105 30.1357 35.8735 24.4797 23.8497 23.1131 18.4518
threshold=0.8999999761581422 0.020000000018626455 10.142099857330324 0.031259309500455863 114.22532272338869 0.038138167932629592 0.0030268767150118951 0.21868701279163363 0.061232291162014015 118.91424942016603 587.50012207031261 0.2271310240030289 0.0099999997764825838 0.025285599753260616
decision_type=2 2 2 2 2 2 2 2 2 2 2 2 2 2
left_child=1 12 7 4 -3 8 10 -2 -4 13 -6 -8 -1 -10
right_child=2 3 5 -5 6 -7 11 -9 9 -11 -12 -13 -14 -15
leaf_value=0.026893008070744781 -0.037492120683219436 -0.0045677573887524083 -0.02456694799467941 0.0045514612438026826 0.0020985344312193254 0.0041778417848388856 0.0010217781786867096 -0.019524819159688539 -0.010662876061388176 -0.008076384968218206 0.008585663795080016 -0.0024765593772646858 0.01403464671338607 -0.02638015803325371
leaf_weight=282 137 2462 136 4158 9178 260 2895 403 132 1498 551 4436 264 160
leaf_count=282 137 2462 136 4158 9178 260 2895 403 132 1498 551 4436 264 160
internal_value=5.87139e-05 0.00145194 -0.0123029 0.00100014 0.00024277 -0.00926936 0.000938132 -0.0243853 -0.0110908 -0.0100013 0.00247015 -0.00109532 0.0208596 -0.0195742
internal_weight=26952 24226 2726 23680 19522 2186 17060 540 1926 1790 9729 7331 546 292
internal_count=26952 24226 2726 23680 19522 2186 17060 540 1926 1790 9729 7331 546 292
is_linear=0
shrinkage=0.03


Tree=16
num_leaves=15
num_cat=0
split_feature=17 17 4 4 17 0 6 17 20 6 5 6 6 4
split_gain=473.464 187.888 104.549 81.5579 79.0664 64.7336 49.3675 33.2025 28.7486 28.1257 26.9957 20.3722 19.8647 19.7754
threshold=0.87999999523162853 0.020000000018626455 0.018071961589157585 0.026250097900629047 0.95999997854232799 2.5486314296722417 0.18155796825885775 0.8100000023841859 119.40042114257814 0.051367485895752914 0.52823558449745189 0.37227036058902746 0.10347557067871095 0.051965976133942611
decision_type=2 2 2 2 2 2 2 2 2 2 2 2 2 2
left_child=1 -1 4 5 11 -3 -6 9 -8 -7 -9 -2 -5 -4
right_child=2 3 13 12 6 7 8 10 -10 -11 -12 -13 -14 -15
leaf_value=0.018851985930863808 -0.011316553036391657 0.0030591267458568838 -0.0041479562498055967 0.011624358820220575 -0.037415858900589904 0.0076852213989004273 -0.029318065327261725 -0.01118140436794109 -0.014457531907487888 -0.00077819275201268317 -0.001836947012796766 -0.0031471705288244308 0.0039430958296613437 0.0066215834987769454
leaf_weight=537 1344 4836 385 322 134 359 150 487 617 12142 646 351 4464 248
leaf_count=537 1344 4836 385 322 134 359 150 487 617 12142 646 351 4464 248
internal_value=-7.28559e-05 0.00139077 -0.0108431 0.000983608 -0.0135041 7.88548e-05 -0.0206818 -0.000978986 -0.0175348 -0.000532168 -0.00588498 -0.00963907 0.00447148 9.02158e-05
internal_weight=27022 23793 3229 23256 2596 18470 901 13634 767 12501 1133 1695 4786 633
internal_count=27022 23793 3229 23256 2596 18470 901 13634 767 12501 1133 1695 4786 633
is_linear=0
shrinkage=0.03


Tree=17
num_leaves=15
num_cat=0
split_feature=17 18 17 21 0 20 8 18 8 16 18 1 5 1
split_gain=433.026 193.029 81.1253 70.7922 69.1423 40.3848 34.2767 29.8386 26.8197 26.2038 25.7876 20.3782 19.9095 18.8804
threshold=0.8999999761581422 2.8921549320220952 0.98000001907348644 122.81356811523439 3.2116367816925053 118.91424942016603 1.0000000180025095e-35 2.1100602149963383 0.30755393207073217 0.025285599753260616 6.269367218017579 0.0012526003993116321 0.46678628027439123 0.025968667119741443
decision_type=2 2 2 2 2 2 2 2 2 2 2 2 2 2
left_child=1 7 5 10 13 9 -7 -1 -4 -2 12 -6 -3 -5
right_child=2 3 8 4 11 6 -8 -9 -10 -11 -12 -13 -14 -15
leaf_value=0.022175597117873126 -0.009097585840434427 -0.006044670580467937 -0.027245792408479449 0.0038932961959217988 0.0010798087219051099 -0.021391830687145036 -0.0058987436133709501 0.010570004057064319 -0.013225713105333086 -0.026966004837862032 -0.007878461981582402 -0.0015959474401449848 -0.00015719211739898155 0.00075634911769071386
leaf_weight=325 146 715 324 7505 4778 135 1732 555 223 162 837 5511 1834 2246
leaf_count=325 146 715 324 7505 4778 135 1732 555 223 162 837 5511 1834 2246
internal_value=-6.77853e-05 0.00120377 -0.0114035 0.000684041 0.00136207 -0.00876974 -0.00707317 0.0149572 -0.0217017 -0.0187765 -0.00332495 -0.00035346 -0.00181724 0.0031715
internal_weight=27028 24306 2722 23426 20040 2175 1867 880 547 308 3386 10289 2549 9751
internal_count=27028 24306 2722 23426 20040 2175 1867 880 547 308 3386 10289 2549 9751
is_linear=0
shrinkage=0.03


Tree=18
num_leaves=15
num_cat=0
split_feature=17 17 4 21 17 4 8 20 20 8 7 16 3 8
split_gain=394.869 180.96 86.6339 80.0647 66.83 39.1631 31.9583 26.0633 24.0558 23.2807 25.9764 22.5951 22.1191 21.7878
threshold=0.8999999761581422 0.020000000018626455 0.035094318911433227 114.22532272338869 0.98000001907348644 0.038138167932629592 0.30842262506484991 118.91424942016603 96.30096817016603 1.0000000180025095e-35 0.041522739455103881 0.020007931627333168 0.047619290649890907 0.18877658247947696
decision_type=2 2 2 2 2 2 2 2 2 2 2 2 2 2
left_child=1 -1 3 -3 5 7 -6 -2 12 -9 -11 -7 -5 -10
right_child=4 2 -4 8 6 11 -8 9 13 10 -12 -13 -14 -15
leaf_value=0.018168917792711563 -0.018329296432445047 -0.0049868880446802353 0.0049966018004183928 0.003098746935737745 -0.026840900474194594 0.010661815490174507 -0.01165914357663427 -0.020679799510145608 0.0033740701332024702 -0.0030625177229913233 -0.011108829805054343 -0.0067185992755246556 -0.0022614381843318416 -0.00050858760225196272
leaf_weight=548 288 2502 3744 4905 302 135 232 126 1481 682 775 125 803 10430
leaf_count=548 288 2502 3744 4905 302 135 232 126 1481 682 775 125 803 10430
internal_value=5.1469e-06 0.00120288 0.000809572 2.94263e-05 -0.0109485 -0.00853424 -0.0204144 -0.0100471 0.000742985 -0.00848734 -0.00736583 0.00233674 0.00234336 -2.46092e-05
internal_weight=27078 24413 23865 20121 2665 2131 534 1871 17619 1583 1457 260 5708 11911
internal_count=27078 24413 23865 20121 2665 2131 534 1871 17619 1583 1457 260 5708 11911
is_linear=0
shrinkage=0.03


Tree=19
num_leaves=15
num_cat=0
split_feature=17 18 4 4 17 0 21 6 18 0 20 6 6 7
split_gain=388.803 172.023 83.4082 63.3346 63.0887 62.4737 45.1491 32.4057 24.0252 23.4129 22.7044 21.7823 18.6266 18.5511
threshold=0.88999998569488536 2.6526130437850957 0.018071961589157585 0.054036706686019904 0.95999997854232799 2.5641032457351689 114.22532272338869 0.1830420717597008 4.5628364086151132 4.777416706085206 71.31735992431642 0.37227036058902746 0.29262852668762213 0.026660396717488769
decision_type=2 2 2 2 2 2 2 2 2 2 2 2 2 2
left_child=1 -1 4 5 11 -3 12 -6 9 -8 -9 -2 -7 -12
right_child=2 3 -4 -5 7 6 8 10 -10 -11 13 -13 -14 -15
leaf_value=0.016363391870319467 -0.01076120643954168 0.0030530991185397285 -0.00026931714800576957 0.0054729138722422032 -0.03312113511376083 -0.0020964197490842555 0.0030950326326077819 -0.028456284036258543 -0.00073357648119134566 -0.009925647171370627 -0.0065040394902022838 -0.0016285027762409298 -0.0081404478985514193 -0.017567845165015646
leaf_weight=646 1191 5249 596 2281 127 920 2490 122 11458 126 207 295 920 449
leaf_count=646 1191 5249 596 2281 127 920 2490 122 11458 126 207 295 920 449
internal_value=-0.000114948 0.00115162 -0.0103146 0.000729064 -0.0128128 0.000216588 -0.000719658 -0.0190556 -0.000141142 0.00245015 -0.0165627 -0.00895973 -0.0051323 -0.0141523
internal_weight=27077 24090 2987 23444 2391 21163 15914 905 14074 2616 778 1486 1840 656
internal_count=27077 24090 2987 23444 2391 21163 15914 905 14074 2616 778 1486 1840 656
is_linear=0
shrinkage=0.03


Tree=20
num_leaves=15
num_cat=0
split_feature=17 18 4 4 0 17 18 8 17 18 3 16 3 1
split_gain=374.808 170.525 104.809 58.1568 56.9445 51.807 33.34 30.608 25.1601 24.6626 23.5972 17.4544 18.4644 16.2318
threshold=0.87999999523162853 2.6526130437850957 0.00083578232442960154 0.031259309500455863 2.619484663009644 0.95999997854232799 5.0775039196014413 0.30931656062603002 0.0099999997764825838 6.3691570758819589 0.029753698036074642 0.027526788413524631 0.030017189681530002 0.025332381017506126
decision_type=2 2 2 2 2 2 2 2 2 2 2 2 2 2
left_child=1 8 5 4 -3 -2 10 9 -1 -7 -6 -4 -13 -8
right_child=2 3 11 -5 6 7 13 -9 -10 -11 -12 12 -14 -15
leaf_value=0.023444440601949369 -0.0094492746512437765 0.0027708022217397895 0.0038380747166562403 0.0041052137650096961 0.002689930839401394 -0.016721252453365278 -0.00091921883612045713 -0.012834583974808267 0.011068974694241339 -0.03202325342212238 -0.0024901981582934924 -0.00033378479303792119 -0.014342263742305692 -0.0034787996224896101
leaf_weight=274 1586 5319 432 4014 3090 215 6153 434 353 205 1059 259 121 3497
leaf_count=274 1586 5319 432 4014 3090 215 6153 434 353 205 1059 259 121 3497
internal_value=-6.30362e-05 0.00124502 -0.00960692 0.000824786 0.000135136 -0.0127083 -0.00088145 -0.0186705 0.0166198 -0.024479 0.00136634 -0.000266837 -0.00492271 -0.00184809
internal_weight=27011 23759 3252 23132 19118 2440 13799 854 627 420 4149 812 380 9650
internal_count=27011 23759 3252 23132 19118 2440 13799 854 627 420 4149 812 380 9650
is_linear=0
shrinkage=0.03


Tree=21
num_leaves=15
num_cat=0
split_feature=21 17 4 21 0 4 6 20 20 4 1 4 7 7
split_gain=352.258 156.188 108.304 87.7912 57.2153 39.6796 31.0719 27.0379 21.6574 20.0086 20.7053 19.3723 21.414 17.1182
threshold=107.78744888305665 0.020000000018626455 0.00049804378068074595 28.289275169372562 2.984124064445496 0.080517772585153594 0.18155796825885775 119.98374938964845 107.03385162353517 0.00049804378068074595 0.0037188280839473013 0.035505674779415138 0.058986142277717597 0.044807469472289092
decision_type=2 2 2 2 2 2 2 2 2 2 2 2 2 2
left_child=2 -2 3 6 -3 9 -1 -8 -4 10 -6 12 -10 -9
right_child=1 4 8 -5 5 -7 7 13 11 -11 -12 -13 -14 -15
leaf_value=-0.030098214245230799 0.017334539437584187 0.0031839074547497935 -0.01148718081152765 -0.006715474250471966 0.00033182089122759246 0.007777713669937924 -0.025375343339120067 -0.0076502630906872841 0.0031430705688295086 0.0013929275592801044 -0.0026506247144842702 0.0049896156350535837 -0.0081267781016416841 -0.016752243505782183
leaf_weight=137 552 8287 123 2859 4088 558 173 398 303 3949 4290 660 295 372
leaf_count=137 552 8287 123 2859 4088 558 173 398 303 3949 4290 660 295 372
internal_value=-4.17118e-05 0.00165293 -0.00695676 -0.00948847 0.00124008 -1.08458e-05 -0.0167644 -0.0146788 0.00027256 -0.000366417 -0.00119603 0.00146328 -0.00243776 -0.0121273
internal_weight=27044 21724 5320 3939 21172 12885 1080 943 1381 12327 8378 1258 598 770
internal_count=27044 21724 5320 3939 21172 12885 1080 943 1381 12327 8378 1258 598 770
is_linear=0
shrinkage=0.03


Tree=22
num_leaves=15
num_cat=0
split_feature=21 18 21 8 0 20 18 18 5 16 18 8 0 18
split_gain=334.149 144.47 94.5911 68.3227 42.6861 35.926 30.2756 29.0423 20.5515 21.3855 20.4418 23.4382 19.7724 19.2876
threshold=107.78744888305665 3.029971837997437 30.310575485229496 0.16177343577146533 3.1433485746383671 52.281000137329109 2.1100602149963383 6.269367218017579 0.70202958583831798 0.026818405836820606 5.9171395301818857 0.36157727241516119 3.3172373771667485 4.6278135776519784
decision_type=2 2 2 2 2 2 2 2 2 2 2 2 2 2
left_child=2 6 3 -1 13 -5 -2 8 9 10 12 -12 -4 -3
right_child=1 4 7 5 -6 -7 -8 -9 -10 -11 11 -13 -14 -15
leaf_value=-0.034096155281281536 0.020465021453681401 0.005258058772796427 0.0018916512911057318 -0.024697949636659351 -0.00010334948654014875 -0.0093083401784869544 0.0090936018065615309 -0.0074597599102054612 0.0052005839040779539 -0.0068334415121045601 -0.0023461410216158883 0.007647829529971715 -0.013177102822907932 0.0019303945453655082
leaf_weight=124 325 1987 131 152 11230 1216 631 1496 298 837 501 358 186 7423
leaf_count=124 325 1987 131 152 11230 1216 631 1496 298 837 501 358 186 7423
internal_value=1.86538e-05 0.00167533 -0.00672834 -0.0131206 0.00114565 -0.011102 0.0130458 -0.00420924 -0.00209349 -0.0031835 -0.000567779 0.00183914 -0.00701727 0.00263548
internal_weight=26895 21596 5299 1492 20640 1368 956 3807 2311 2013 1176 859 317 9410
internal_count=26895 21596 5299 1492 20640 1368 956 3807 2311 2013 1176 859 317 9410
is_linear=0
shrinkage=0.03


Tree=23
num_leaves=15
num_cat=0
split_feature=17 18 17 4 0 4 17 8 20 18 16 18 3 7
split_gain=309.551 133.874 70.1504 56.5525 59.5948 49.7598 37.3489 33.133 33.2137 29.5593 17.6515 16.8035 29.05 15.4497
threshold=0.90999999642372142 3.029971837997437 0.99000000953674328 0.030143773183226589 2.9937009811401372 0.051965976133942611 0.80000001192092907 0.094764061272144332 118.91424942016603 2.1100602149963383 0.023705949075520042 5.0775039196014413 1.0000000180025095e-35 0.058322031050920493
decision_type=2 2 2 2 2 2 2 2 2 2 2 2 2 2
left_child=1 9 5 4 6 7 -3 -2 10 -1 -9 12 -6 -10
right_child=2 3 -4 -5 11 -7 -8 8 13 -11 -12 -13 -14 -15
leaf_value=0.019349899414649964 -0.023790421851084265 0.0026388534023650489 -0.024662625729458619 0.0036548912649235921 0.0029081858004063764 0.0070120016586567675 -0.0037160761298647127 -0.0098607716825328123 -0.0043183930181707672 0.0081089951873794027 -0.024962976616777238 -0.0022334262234462296 -0.002770285666752271 -0.010402859788638013
leaf_weight=318 137 6846 266 4254 1764 170 943 146 919 648 150 8371 1492 646
leaf_count=318 137 6846 266 4254 1764 170 943 146 919 648 150 8371 1492 646
internal_value=-3.68533e-05 0.000972266 -0.0102318 0.000524283 -0.00016239 -0.00840858 0.00186758 -0.00973487 -0.00863917 0.01189 -0.0178015 -0.0015225 0.000305876 -0.00685507
internal_weight=27070 24636 2434 23670 19416 2168 7789 1998 1861 966 296 11627 3256 1565
internal_count=27070 24636 2434 23670 19416 2168 7789 1998 1861 966 296 11627 3256 1565
is_linear=0
shrinkage=0.03


Tree=24
num_leaves=15
num_cat=0
split_feature=17 18 4 6 21 20 4 6 18 5 8 7 20 18
split_gain=314.748 142.632 58.7727 57.4496 54.0712 49.4063 39.1378 35.6049 34.1553 24.0241 20.543 16.8814 16.8762 16.602
threshold=0.90999999642372142 2.6526130437850957 0.030143773183226589 0.14873714745044711 114.22532272338869 119.40042114257814 0.051965976133942611 0.15659984946250918 5.8772208690643319 0.59994783997535717 0.36722862720489508 0.027159144170582298 91.388477325439467 2.1100602149963383
decision_type=2 2 2 2 2 2 2 2 2 2 2 2 2 2
left_child=1 13 4 -2 9 -5 8 -6 -7 -3 11 -10 -9 -1
right_child=3 2 -4 5 7 6 -8 12 10 -11 -12 -13 -14 -15
leaf_value=0.019792451251513112 -0.025641683361972541 -0.0059944051755959678 0.0038642558405648725 -0.019129663315549179 0.0032334000852876073 -0.021724731657418193 0.007196860930814248 0.0017272650015588487 -0.0038875288396039496 0.00010222692406470603 -0.0017504873728458152 -0.011909567451957459 -0.00072223417753652941 0.0099232273552954352
leaf_weight=320 197 1766 4331 350 3683 149 159 3393 366 866 493 696 9921 329
leaf_count=320 197 1766 4331 350 3683 149 159 3393 366 866 493 696 9921 329
internal_value=6.6674e-05 0.0010807 0.000703254 -0.0102686 4.9953e-06 -0.00884535 -0.00686721 0.000624934 -0.00819674 -0.00399206 -0.00683501 -0.00917608 -9.75786e-05 0.0149035
internal_weight=27019 24609 23960 2410 19629 2213 1863 16997 1704 2632 1555 1062 13314 649
internal_count=27019 24609 23960 2410 19629 2213 1863 16997 1704 2632 1555 1062 13314 649
is_linear=0
shrinkage=0.03


Tree=25
num_leaves=15
num_cat=0
split_feature=21 18 4 21 0 4 18 20 17 0 8 8 8 5
split_gain=232.021 122.563 81.5165 81.7839 59.7435 42.5526 27.8756 27.7745 25.345 20.4277 20.3397 18.6023 18.2924 16.6658
threshold=107.78744888305665 2.8921549320220952 0.051283858716487891 10.142099857330324 2.6315801143646245 0.028059856034815315 6.3030354976654062 116.65724945068361 0.0099999997764825838 2.5816127061843877 0.1750566437840462 0.25752334296703344 0.3387188613414765 0.44400463998317724
decision_type=2 2 2 2 2 2 2 2 2 2 2 2 2 2
left_child=2 8 3 -1 -3 12 13 -8 -2 -10 -9 -7 -6 -5
right_child=1 4 -4 6 5 11 7 10 9 -11 -12 -13 -14 -15
leaf_value=-0.018024506381571152 0.020028880292871334 0.0037036322440604629 0.0065273971350805239 -0.0075359838194953947 0.00040370577855786339 0.0084661276411284129 -0.017405014548232924 -0.016173725931727317 0.01707199106909453 0.0050474722507319984 -0.0052353687528047237 0.0021231067908406287 -0.0019323243552384062 -0.0021175455254243882
leaf_weight=506 273 5450 458 677 5968 485 258 173 184 410 1186 2807 6093 2064
leaf_count=506 273 5450 458 677 5968 485 258 173 184 410 1186 2807 6093 2064
internal_value=9.03212e-05 0.00146894 -0.00551921 -0.00665907 0.00100682 4.86131e-05 -0.00532031 -0.00844129 0.0124878 0.00888365 -0.006682 0.00306903 -0.000776726 -0.00346713
internal_weight=26992 21670 5322 4864 20803 15353 4358 1617 867 594 1359 3292 12061 2741
internal_count=26992 21670 5322 4864 20803 15353 4358 1617 867 594 1359 3292 12061 2741
is_linear=0
shrinkage=0.03


Tree=26
num_leaves=15
num_cat=0
split_feature=17 18 6 20 1 17 17 18 8 16 18 0 0 20
split_gain=239.087 105.96 56.1696 50.6329 44.5341 24.699 20.8583 18.548 18.9857 18.8155 17.3357 16.9422 16.8831 15.3172
threshold=0.88999998569488536 3.029971837997437 0.13067184388637546 118.91424942016603 0.0040072547271847734 0.0099999997764825838 0.8100000023841859 5.9103374481201181 0.428987666964531 0.037444565445184715 6.282386541366578 2.5641032457351689 2.9056845903396611 5.1455001831054696
decision_type=2 2 2 2 2 2 2 2 2 2 2 2 2 2
left_child=1 5 -2 10 6 -1 12 9 -9 -5 -4 -6 -3 -7
right_child=2 4 3 7 11 13 -8 8 -10 -11 -12 -13 -14 -15
leaf_value=0.018243408403059998 -0.02289866988230848 0.0033172849872565502 -0.0074788316601448373 -0.0037617469138652082 0.0021946235423988231 -0.0016631359221517211 -0.0020888182054070305 -0.0051050001507488901 0.0039484590727597146 -0.020169266944871748 -0.020282425670666512 -0.0014547335125341088 0.0010786351267248666 0.0096831796239844111
leaf_weight=275 207 5451 152 120 1321 130 1185 1860 231 134 294 8398 6841 569
leaf_count=275 207 5451 152 120 1321 130 1185 1860 231 134 294 8398 6841 569
internal_value=6.24131e-06 0.000997951 -0.00797731 -0.00683167 0.000589789 0.0106658 0.00170581 -0.00504797 -0.0040978 -0.0126399 -0.0160502 -0.000957842 0.00207233 0.00757617
internal_weight=27168 24170 2998 2791 23196 974 13477 2345 2091 254 446 9719 12292 699
internal_count=27168 24170 2998 2791 23196 974 13477 2345 2091 254 446 9719 12292 699
is_linear=0
shrinkage=0.03


Tree=27
num_leaves=15
num_cat=0
split_feature=17 18 4 17 4 6 21 6 21 21 5 5 3 3
split_gain=240.737 113.979 53.7088 50.0436 45.1112 40.6691 39.843 25 20.5735 20.8337 25.2711 19.1869 16.2887 15.5983
threshold=0.8999999761581422 2.8921549320220952 0.0099744596518576163 0.95999997854232799 0.036134453490376479 0.18155796825885775 114.22532272338869 0.15659984946250918 641.25863647460949 491.50178527832037 0.57904493808746349 0.5893181860446931 0.0022510259877890353 0.074084270745515837
decision_type=2 2 2 2 2 2 2 2 2 2 2 2 2 2
left_child=1 8 3 -2 6 -5 11 -8 9 -1 -11 -3 -7 -9
right_child=2 4 -4 5 -6 12 7 13 -10 10 -12 -13 -14 -15
leaf_value=0.01589777569599336 -0.0067035617915201491 -0.0053462893704489664 -0.00020471814574511159 -0.031567351626778456 0.0037349611658842687 -0.0072544498679095078 0.0028311100782969882 0.0002737778038962973 0.020807675759565179 0.0097008355752103946 -0.0063003384924721064 5.3256859576815366e-05 -0.016612689684226689 -0.0037288222617545275
leaf_weight=257 1239 1654 562 128 3535 275 3523 12919 177 296 122 921 479 935
leaf_count=257 1239 1654 562 128 3535 275 3523 12919 177 296 122 921 479 935
internal_value=6.54687e-05 0.0010062 -0.00845445 -0.0106347 0.000613952 -0.0160882 6.01889e-05 0.000576537 0.0117527 0.00924268 0.00501137 -0.00341867 -0.0132698 2.39638e-06
internal_weight=27022 24339 2683 2121 23487 882 19952 17377 852 675 418 2575 754 13854
internal_count=27022 24339 2683 2121 23487 882 19952 17377 852 675 418 2575 754 13854
is_linear=0
shrinkage=0.03


Tree=28
num_leaves=15
num_cat=0
split_feature=21 18 4 21 0 4 8 3 21 4 18 16 3 18
split_gain=237.235 92.1263 73.322 62.6626 39.3364 32.4927 28.5304 22.0374 19.8153 19.8817 19.7254 19.6453 19.5892 17.6833
threshold=107.78744888305665 2.1100602149963383 1.0000000180025095e-35 28.289275169372562 3.2116367816925053 0.090869162231683745 0.27254804968833929 0.041258582845330245 632.81069946289074 0.0016473274445161226 4.6278135776519784 0.027526788413524631 0.031966293230652816 6.2497580051422128
decision_type=2 2 2 2 2 2 2 2 2 2 2 2 2 2
left_child=2 -2 3 6 10 8 7 -1 9 -6 -3 -4 -13 -5
right_child=1 4 11 13 5 -7 -8 -9 -10 -11 -12 12 -14 -15
leaf_value=-0.014786907839410481 0.017211746756551325 0.0048387111730421274 0.0031250764783431681 -0.0033009600334071537 -0.0014950878697642524 0.0094521868713589377 -0.010331421388834555 -0.030875873361062959 0.0082638983567776911 0.001329094922406124 0.0017554788424453038 -0.00074415527493592356 -0.012918735139497834 -0.0080369948511403583
leaf_weight=230 322 2441 836 1585 6946 306 697 128 228 3308 7949 458 156 1298
leaf_count=230 322 2441 836 1585 6946 306 697 128 228 3308 7949 458 156 1298
internal_value=-1.79275e-06 0.00140911 -0.00562786 -0.00774913 0.00116483 -0.000104137 -0.0139944 -0.0208854 -0.000387487 -0.000583786 0.00248182 0.00014002 -0.00391674 -0.00544347
internal_weight=26888 21500 5388 3938 21178 10788 1055 358 10482 10254 10390 1450 614 2883
internal_count=26888 21500 5388 3938 21178 10788 1055 358 10482 10254 10390 1450 614 2883
is_linear=0
shrinkage=0.03


Tree=29
num_leaves=15
num_cat=0
split_feature=17 18 6 20 1 21 0 17 3 18 18 6 18 18
split_gain=211.683 115.891 46.0787 44.0523 39.3367 34.479 32.6544 20.2844 19.1412 22.7903 18.9317 19.0418 16.6859 16.3665
threshold=0.90999999642372142 3.029971837997437 0.14873714745044711 105.92002487182619 0.025332381017506126 202.58787536621097 3.6502689123153691 0.0099999997764825838 0.019619220867753032 6.1210622787475595 6.2564725875854501 0.26929573714733129 6.0090038776397714 6.0152394771575937
decision_type=2 2 2 2 2 2 2 2 2 2 2 2 2 2
left_child=1 7 -2 -4 5 10 -7 -1 -6 -10 11 -3 -13 -5
right_child=2 4 3 13 8 6 -8 -9 9 -11 -12 12 -14 -15
leaf_value=0.017754425463536009 -0.022833145466891278 0.0022095397857971582 -0.017033467958614188 -0.012429104108488759 -0.00022403366646602709 0.0031237554139503698 -0.00051708843627020873 0.0081130602405974483 -0.0045577636011208435 0.0034395347708178789 -0.0044405983647690783 -0.0041364792347819267 0.0010254533969894094 -0.0043080089127593727
leaf_weight=282 179 2036 342 255 4409 8382 3012 687 2292 369 1014 1231 1033 1697
leaf_count=282 179 2036 342 255 4409 8382 3012 687 2292 369 1014 1231 1033 1697
internal_value=1.60764e-05 0.000852997 -0.00834371 -0.0071659 0.00043744 0.0012311 0.00216149 0.0109956 -0.00143769 -0.00344441 -0.000763972 0.000107178 -0.00178416 -0.00539796
internal_weight=27220 24747 2473 2294 23778 16708 11394 969 7070 2661 5314 4300 2264 1952
internal_count=27220 24747 2473 2294 23778 16708 11394 969 7070 2661 5314 4300 2264 1952
is_linear=0
shrinkage=0.03


Tree=30
num_leaves=15
num_cat=0
split_feature=17 17 4 4 0 17 1 7 5 5 4 8 3 17
split_gain=199.016 83.0867 49.9511 42.2403 46.8125 41.771 24.1826 21.5515 17.1856 16.7506 16.1358 14.8711 16.5309 14.8177
threshold=0.87999999523162853 0.030000000260770324 1.0000000180025095e-35 0.00049804378068074595 2.5486314296722417 0.95999997854232799 0.0053424690850079068 0.043479228392243392 0.67351314425468456 0.48406071960926061 0.079981919378042235 0.30931656062603002 0.041658503934741027 0.69999998807907116
decision_type=2 2 2 2 2 2 2 2 2 2 2 2 2 2
left_child=1 7 5 4 -3 -2 13 -1 -4 -9 -5 12 -7 -6
right_child=2 3 8 10 6 11 -8 9 -10 -11 -12 -13 -14 -15
leaf_value=0.016190370524235002 -0.0062825080533277381 0.0022001479515652289 -0.0026913172200726697 0.0018165929759851366 0.0007237672247722331 -0.013462257404374177 -0.0027985212225153737 0.014206561235190889 0.0084071529902033874 0.0021041043210136179 0.0057362933524654526 -0.010282378714479557 -0.026021726927637347 -0.0029090523472976235
leaf_weight=328 1613 4641 696 5719 4739 272 5523 149 148 317 1130 424 164 1279
leaf_count=328 1613 4641 696 5719 4739 272 5523 149 148 317 1130 424 164 1279
internal_value=-0.000135841 0.000823147 -0.00701483 0.000493092 -0.000342868 -0.00916181 -0.00136601 0.0103338 -0.000707089 0.00608351 0.00246701 -0.0144946 -0.0184279 -5.00866e-05
internal_weight=27142 23825 3317 23031 16182 2473 11541 794 844 466 6849 860 436 6018
internal_count=27142 23825 3317 23031 16182 2473 11541 794 844 466 6849 860 436 6018
is_linear=0
shrinkage=0.03


Tree=31
num_leaves=15
num_cat=0
split_feature=19 4 0 6 4 5 13 1 6 7 5 20 1 6
split_gain=92.2328 73.177 41.2652 33.918 19.2655 18.8644 18.6135 19.13 16.2338 12.2737 11.9711 15.92 11.8729 12.2951
threshold=1.0000000180025095e-35 0.0057454437483102092 2.9937009811401372 1.0000000180025095e-35 0.058579906821250922 0.57753697037696849 1.0000000180025095e-35 0.0089648971334099787 0.2646567970514298 0.19010433554649356 0.43107883632183081 72.289199829101577 0.0033970716176554565 0.16532771289348605
decision_type=2 2 2 2 2 2 2 2 2 2 2 2 2 2
left_child=1 2 8 6 5 -3 7 -2 10 -7 -1 -12 13 -4
right_child=3 4 12 -5 -6 9 -8 -9 -10 -11 11 -13 -14 -15
leaf_value=0.0050985857768088066 0.014942902932836373 -0.00047378804384377231 0.0027214783892932294 0.00062535139886607831 0.0045879031764057051 0.0026049040627943026 -0.0002644366070740205 0.0051800089210891015 -0.0015297840621755507 0.010991577873071439 0.0041204225449881539 -0.00027781950468312077 -0.0036003401998199766 -0.0020917216663900802
leaf_weight=641 600 2773 528 469 2094 1910 128 268 2928 167 951 3286 5527 4646
leaf_count=641 600 2773 528 469 2094 1910 128 268 2928 167 951 3286 5527 4646
internal_value=-1.68964e-05 -0.000438824 -0.00142413 0.00728969 0.00218632 0.00114578 0.010409 0.0119755 0.000234496 0.00330401 0.00129398 0.000713065 -0.00263358 -0.00159839
internal_weight=26916 25451 18507 1465 6944 4850 996 868 7806 2077 4878 4237 10701 5174
internal_count=26916 25451 18507 1465 6944 4850 996 868 7806 2077 4878 4237 10701 5174
is_linear=0
shrinkage=0.03


Tree=32
num_leaves=15
num_cat=0
split_feature=17 18 4 21 4 0 8 7 8 3 20 8 4 7
split_gain=208.179 78.7221 63.7649 52.9107 33.504 35.5033 26.8882 26.3669 21.1008 22.1561 18.5347 18.1856 15.1563 22.881
threshold=0.82999998331069957 2.1100602149963383 0.018071961589157585 28.289275169372562 0.037774171680212028 2.619484663009644 0.16893020272254947 0.021807679906487468 0.30270206928253179 0.040786622092127807 94.009574890136733 0.18499988317489627 0.051283858716487891 0.05960552021861077
decision_type=2 2 2 2 2 2 2 2 2 2 2 2 2 2
left_child=1 -1 3 6 5 -3 -2 -8 9 -9 -7 -12 13 -4
right_child=2 4 12 -5 -6 10 7 8 -10 -11 11 -13 -14 -15
leaf_value=0.015544035251898406 -0.025835249195992383 0.00248353133670124 0.0034066473103131524 -0.0052538105629284125 0.0036398670846465326 0.0012042140034528612 -0.0019048651632348826 -0.012517816251601109 -0.01009864567612743 -0.030013892841303635 0.0076183868715188636 -0.0013744540552872774 0.0053142194323606839 -0.0083086392203161556
leaf_weight=328 129 5146 309 2465 3288 4260 215 162 538 121 202 9246 398 283
leaf_count=328 129 5146 309 2465 3288 4260 215 162 538 121 202 9246 398 283
internal_value=-0.000127051 0.00106575 -0.0059233 -0.00776168 0.000847819 0.000360071 -0.0130229 -0.0113111 -0.0137479 -0.0203897 -0.000437694 -0.00117826 0.000822542 -0.00221642
internal_weight=27090 22470 4620 3630 22142 18854 1165 1036 821 283 13708 9448 990 592
internal_count=27090 22470 4620 3630 22142 18854 1165 1036 821 283 13708 9448 990 592
is_linear=0
shrinkage=0.03


Tree=33
num_leaves=15
num_cat=0
split_feature=17 18 21 4 4 0 21 0 16 0 20 21 21 3
split_gain=187.243 74.5351 55.7484 46.2142 42.0677 32.9354 35.8196 22.1885 21.2163 24.7502 23.9728 15.9913 13.8108 13.5677
threshold=0.8999999761581422 2.1100602149963383 7.2487499713897714 0.028556586243212227 0.018071961589157585 2.2777954339981084 168.24185180664065 3.4319416284561162 0.021408678963780407 0.81012678146362316 119.98374938964845 97.186775207519545 28.289275169372562 0.044965010136365897
decision_type=2 2 2 2 2 2 2 2 2 2 2 2 2 2
left_child=1 -1 13 5 8 11 -7 -8 9 -4 -10 -3 -12 -2
right_child=2 3 4 -5 -6 6 7 -9 10 -11 12 -13 -14 -15
leaf_value=0.014814224610628004 -0.013131501597712154 -0.0040405267469150524 -0.015060600838106538 0.0034183191841420991 0.0019510786106465587 -0.0031322925536990398 0.001601488685868903 -0.0010103299170949502 -0.022296902996380454 -0.0031135621627123608 -0.01362631595126153 0.0030268206228730617 -0.004483477777898346 -0.026072987202399717
leaf_weight=337 193 308 184 4581 498 3700 5660 6053 151 922 288 3724 317 139
leaf_count=337 193 308 184 4581 498 3700 5660 6053 151 922 288 3724 317 139
internal_value=7.72923e-05 0.000907416 -0.00742321 0.000709311 -0.00577837 7.03877e-05 -0.000561246 0.000251908 -0.00784533 -0.00515997 -0.0117142 0.00248262 -0.00891179 -0.0188562
internal_weight=27055 24363 2692 24026 2360 19445 15413 11713 1862 1106 756 4032 605 332
internal_count=27055 24363 2692 24026 2360 19445 15413 11713 1862 1106 756 4032 605 332
is_linear=0
shrinkage=0.03


Tree=34
num_leaves=15
num_cat=0
split_feature=21 18 21 6 4 1 4 8 21 21 4 5 7 3
split_gain=188.556 86.7235 60.9483 48.403 45.3171 30.0706 28.135 26.8327 24.6947 23.1409 22.5644 22.3776 19.555 21.5406
threshold=101.29017639160158 3.029971837997437 23.687749862670902 0.17436771839857104 0.028314616531133655 0.025644168257713321 0.00083578232442960154 0.41605456173419958 632.81069946289074 365.30070495605474 0.090869162231683745 0.55268928408622753 0.058322031050920493 0.0049668226856738338
decision_type=2 2 2 2 2 2 2 2 2 2 2 2 2 2
left_child=2 8 3 -1 12 7 11 10 9 -2 -3 -4 13 -5
right_child=1 5 6 4 -6 -7 -8 -9 -10 -11 -12 -13 -14 -15
leaf_value=-0.027905442120989769 0.017953672694576369 0.0017967288785418888 -0.0074326968880904197 0.00025716649312803989 0.0060504770450661802 -0.00093314690555276704 0.00077152519071910003 -0.0014654229684183786 0.018147865060977635 0.0044281857128992824 0.0076674035131525731 -0.0020207824365098535 -0.016682590441948964 -0.012419004525651577
leaf_weight=134 138 12132 1509 196 152 6204 1060 2254 245 588 615 1269 377 308
leaf_count=134 138 12132 1509 196 152 6204 1060 2254 245 588 615 1269 377 308
internal_value=3.83874e-05 0.00122567 -0.00521817 -0.0112092 -0.00891935 0.000823026 -0.00338431 0.0015494 0.00996952 0.00710436 0.00208286 -0.00496859 -0.0115217 -0.00753528
internal_weight=27181 22176 5005 1167 1033 21205 3838 15001 971 726 12747 2778 881 504
internal_count=27181 22176 5005 1167 1033 21205 3838 15001 971 726 12747 2778 881 504
is_linear=0
shrinkage=0.03


Tree=35
num_leaves=15
num_cat=0
split_feature=17 17 4 4 21 17 0 21 17 5 1 8 8 7
split_gain=146.682 71.0246 42.5073 39.1217 34.1472 25.1128 24.4569 24.3197 23.0125 18.4065 18.1456 14.3116 13.7586 16.1284
threshold=0.90999999642372142 0.0099999997764825838 0.051965976133942611 0.030143773183226589 573.66345214843761 0.14000000059604648 2.619484663009644 157.34017181396487 0.95999997854232799 0.46338295936584478 0.025968667119741443 0.36722862720489508 0.31350943446159368 0.043020896613597877
decision_type=2 2 2 2 2 2 2 2 2 2 2 2 2 2
left_child=1 -1 8 4 6 12 -3 9 -2 -8 -9 -10 -6 -14
right_child=2 3 -4 -5 5 -7 7 10 11 -11 -12 -13 13 -15
leaf_value=0.015768879632944603 -0.005458872319131035 0.0013973007383008835 0.0068965562611904493 0.0030801495424653065 0.010040862507343387 -0.0048712873233587462 -0.0071252276369379343 0.00057204684755293798 -0.01382538490547223 -0.0019591667075409798 -0.0020853718218969879 -0.0053957582994155736 0.0092577148081896734 -0.001128536694770713
leaf_weight=273 1200 5097 176 4389 517 203 839 6812 728 2371 3495 253 225 322
leaf_count=273 1200 5097 176 4389 517 203 839 6812 728 2371 3495 253 225 322
internal_value=4.15134e-06 0.000691196 -0.00713623 0.000518382 -4.77953e-05 0.00470782 -0.000372673 -0.00104037 -0.00828182 -0.00331841 -0.000329631 -0.0116898 0.00654965 0.00318885
internal_weight=26900 24543 2357 24270 19881 1267 18614 13517 2181 3210 10307 981 1064 547
internal_count=26900 24543 2357 24270 19881 1267 18614 13517 2181 3210 10307 981 1064 547
is_linear=0
shrinkage=0.03


Tree=36
num_leaves=15
num_cat=0
split_feature=17 18 6 4 4 18 18 0 21 21 21 0 8 0
split_gain=145.269 65.7998 43.9794 35.1784 33.9505 30.131 30.715 28.5213 33.2174 27.7261 34.799 22.5149 24.1224 19.3133
threshold=0.8999999761581422 3.2063069343566899 0.14641568064689639 0.051965976133942611 0.080517772585153594 5.9171395301818857 6.3960435390472421 3.3423509597778325 202.58787536621097 632.81069946289074 479.79034423828131 2.533472061157227 0.31782813370227819 3.685903906822205
decision_type=2 2 2 2 2 2 2 2 2 2 2 2 2 2
left_child=1 9 -2 5 7 -4 -7 8 -3 10 -1 -8 -13 -12
right_child=2 4 3 -5 -6 6 11 -9 -10 -11 13 12 -14 -15
leaf_value=0.012745113279690901 -0.019467529863751398 -0.0011938968535482209 -0.016437410441986114 0.0066949010919084527 0.0055292542122161777 -0.0023696674162327659 0.0015667440757539321 -0.00097350267802384638 0.0022439508099050096 0.016142031816510579 0.003981797831454862 -0.01864666510105439 -0.0068082147291115428 -0.0082753355428741206
leaf_weight=337 213 3639 238 196 1126 1282 126 10093 8272 267 420 287 350 154
leaf_count=337 213 3639 238 196 1126 1282 126 10093 8272 267 420 287 350 154
internal_value=8.04638e-05 0.000813216 -0.00652532 -0.00537636 0.000460159 -0.00642507 -0.00522257 0.000199563 0.00119357 0.00771424 0.00516956 -0.0099694 -0.0122457 0.000650234
internal_weight=27000 24308 2692 2479 23130 2283 2045 22004 11911 1178 911 763 637 574
internal_count=27000 24308 2692 2479 23130 2283 2045 22004 11911 1178 911 763 637 574
is_linear=0
shrinkage=0.03


Tree=37
num_leaves=15
num_cat=0
split_feature=17 18 6 0 20 21 16 18 17 18 18 5 1 7
split_gain=137.398 62.4433 54.4528 35.5075 31.8769 24.1677 19.3443 22.3185 24.1685 17.1461 23.6324 24.9484 16.6095 16.5036
threshold=0.87000000476837169 2.1100602149963383 0.12768946588039401 3.3423509597778325 87.064567565917983 202.58787536621097 0.021408678963780407 6.1874206066131601 0.61000001430511486 5.9171395301818857 6.3960435390472421 0.49955224990844732 0.036036612465977676 0.069467838853597655
decision_type=2 2 2 2 2 2 2 2 2 2 2 2 2 2
left_child=1 -1 -2 5 -4 6 7 8 -3 13 11 -11 -7 -6
right_child=2 3 4 -5 9 12 -8 -9 -10 10 -12 -13 -14 -15
leaf_value=0.013723755318198768 -0.019485332889930356 -0.0074428180039215544 -0.012097800415537504 -0.00070026760285771131 -0.0029588074831808186 0.0030233240777353659 -0.0029362152353019514 -0.0031859545255860972 0.0051314856195518663 -0.005000792988342162 -0.0069040277823182424 0.0023206319847759523 -0.00037873690188342147 -0.016592473689801764
leaf_weight=326 232 151 434 10417 161 7760 1568 615 1191 692 770 1045 1548 159
leaf_count=326 232 151 434 10417 161 7760 1568 615 1191 692 770 1045 1548 159
internal_value=-3.79061e-05 0.000785146 -0.00558628 0.000600815 -0.00456913 0.00165681 -0.000458295 0.0015295 0.00369427 -0.00339401 -0.00254758 -0.000602118 0.00245763 -0.00988409
internal_weight=27069 23576 3493 23250 3261 12833 3525 1957 1342 2827 2507 1737 9308 320
internal_count=27069 23576 3493 23250 3261 12833 3525 1957 1342 2827 2507 1737 9308 320
is_linear=0
shrinkage=0.03


Tree=38
num_leaves=15
num_cat=0
split_feature=17 18 4 21 0 4 21 0 4 16 21 21 1 21
split_gain=125.271 70.8814 41.7983 36.2576 28.1015 26.4911 24.5624 18.2581 21.7392 16.5961 14.9737 18.5658 14.6612 12.7696
threshold=0.87999999523162853 2.8921549320220952 1.0000000180025095e-35 10.142099857330324 3.4232897758483891 0.0054248254746198663 202.58787536621097 2.2553540468215947 0.016990234144032005 0.027526788413524631 632.81069946289074 491.50178527832037 0.032489068806171424 271.12951660156256
decision_type=2 2 2 2 2 2 2 2 2 2 2 2 2 2
left_child=1 10 3 -2 6 -6 7 -3 -9 -4 11 -1 -8 -7
right_child=2 4 9 -5 5 13 12 8 -10 -11 -12 -13 -14 -15
leaf_value=0.012880626909790392 -0.015255365393707905 0.0024664516621257146 0.0042127205537499943 -0.005742713983202496 -0.0018952691184675563 0.0037012625720185921 0.0027037158002602077 -0.0036882513304539433 0.0023168837757689756 -0.0042324770448516208 0.01637295502376538 0.0026020146019684219 -0.00024872006219964671 -0.00024951853764275774
leaf_weight=270 440 1146 446 1986 6444 1333 7765 1971 744 386 200 380 1879 1636
leaf_count=270 440 1146 446 1986 6444 1333 7765 1971 744 386 200 380 1879 1636
internal_value=2.54635e-06 0.000759104 -0.00550945 -0.00749584 0.000442602 -0.000815434 0.00131943 -0.000701954 -0.00204141 0.000292758 0.00924024 0.00693733 0.00212864 0.00152751
internal_weight=27026 23768 3258 2426 22918 9413 13505 3861 2715 832 850 650 9644 2969
internal_count=27026 23768 3258 2426 22918 9413 13505 3861 2715 832 850 650 9644 2969
is_linear=0
shrinkage=0.03


Tree=39
num_leaves=15
num_cat=0
split_feature=21 18 4 17 1 8 3 21 4 8 21 1 4 18
split_gain=115.741 55.8804 51.8006 31.3519 25.259 18.7854 19.554 17.9686 17.6106 16.5255 16.0799 15.7858 14.779 14.4121
threshold=114.22532272338869 3.029971837997437 1.0000000180025095e-35 0.98000001907348644 0.025332381017506126 0.41718086600303655 0.076926037669181838 632.81069946289074 0.090869162231683745 0.24235156923532489 488.76298522949224 0.0012526003993116321 0.022156744264066223 6.3776166439056405
decision_type=2 2 2 2 2 2 2 2 2 2 2 2 2 2
left_child=2 7 3 -1 5 6 8 10 -3 -5 -2 -12 -6 -4
right_child=1 4 13 9 12 -7 -8 -9 -10 -11 11 -13 -14 -15
leaf_value=-0.0047502515664954196 0.010890955247171223 0.0016711522495809733 0.0022667909029835671 -0.021337831400408847 -0.0018377073879430506 -0.0014140638380572442 -0.0036313552434448543 0.01509069325954129 0.0070448340600333089 -0.0088872339094093859 0.0059372624790343309 -0.0058449370441009188 0.0018258541649881336 -0.0050263677747752209
leaf_weight=3713 295 11149 1213 146 4818 2077 592 233 573 304 290 152 1243 300
leaf_count=3713 295 11149 1213 146 4818 2077 592 233 573 304 290 152 1243 300
internal_value=-0.000136281 0.000873107 -0.00394327 -0.00566929 0.000538464 0.00122256 0.00166767 0.00788996 0.00193672 -0.0131169 0.00552712 0.00186541 -0.00108549 0.000808899
internal_weight=27098 21422 5676 4163 20452 14391 12314 970 11722 450 737 442 6061 1513
internal_count=27098 21422 5676 4163 20452 14391 12314 970 11722 450 737 442 6061 1513
is_linear=0
shrinkage=0.03


Tree=40
num_leaves=15
num_cat=0
split_feature=21 4 18 21 3 18 6 21 21 20 7 4 18 8
split_gain=131.977 60.5568 50.078 39.4279 28.9854 27.6195 22.1191 19.9958 20.696 30.3542 23.5052 18.2541 28.005 17.8114
threshold=114.22532272338869 0.00083578232442960154 2.1100602149963383 28.289275169372562 0.074084270745515837 4.6278135776519784 0.17436771839857104 632.81069946289074 360.39758300781256 30.347350120544437 0.28568370640277868 0.053076816722750671 6.0596284866333017 0.41872218251228338
decision_type=2 2 2 2 2 2 2 2 2 2 2 2 2 2
left_child=1 3 -2 6 5 7 -1 8 9 -4 -10 12 -3 -7
right_child=2 11 4 -5 -6 13 -8 -9 10 -11 -12 -13 -14 -15
leaf_value=-0.022562623651740884 0.012612988667447925 -0.0088559101983867218 0.014374928096523049 -0.0041861038474100276 -0.0035159603544117307 0.0010341401596917709 -0.009214979264595996 0.009318190702945402 0.0021557088443987086 0.0023047585432355976 -0.0089488781235119389 0.0061133206902327488 0.002054793199013665 -0.0017884745537700075
leaf_weight=126 330 292 300 3055 1242 13140 940 441 3013 493 177 454 733 2371
leaf_count=126 330 292 300 3055 1242 13140 940 441 3013 493 177 454 733 2371
internal_value=3.57585e-05 -0.00406442 0.00110406 -0.00593149 0.000921784 0.00119908 -0.0108906 0.00328861 0.00261017 0.00693248 0.00152652 0.00114033 -0.00108133 0.00060224
internal_weight=27107 5600 21507 4121 21177 19935 1066 4424 3983 793 3190 1479 1025 15511
internal_count=27107 5600 21507 4121 21177 19935 1066 4424 3983 793 3190 1479 1025 15511
is_linear=0
shrinkage=0.03


Tree=41
num_leaves=15
num_cat=0
split_feature=17 18 17 0 4 8 20 21 4 16 8 8 18 1
split_gain=119.412 59.6831 39.4624 25.6212 26.3428 21.9785 22.0146 20.0808 18.8542 18.2088 15.6222 15.4685 17.4283 15.0489
threshold=0.86000001430511486 2.6526130437850957 0.98000001907348644 3.1343572139739995 0.090869162231683745 1.0000000180025095e-35 87.064567565917983 202.58787536621097 0.018071961589157585 0.027526788413524631 0.49637776613235479 0.24853866547346118 6.4519672393798837 0.037955403327941901
decision_type=2 2 2 2 2 2 2 2 2 2 2 2 2 2
left_child=1 -1 5 7 -5 -2 -7 10 -8 -10 -3 -4 -13 -9
right_child=2 3 11 4 -6 6 8 13 9 -11 -12 12 -14 -15
leaf_value=0.0096927334872002578 -0.013253366326415302 -8.6732190111646859e-06 -0.019626153904677094 -0.00061129347529326216 0.0077855656745375616 -0.0098827920507740339 -0.0034975631657718598 0.0030417242286130248 0.0067620409756806062 -0.0032196502881877199 -0.010261879109163232 -0.0040755727390118634 -0.017876177184283734 -0.0007167109670853948
leaf_weight=656 197 2598 176 11949 341 365 2029 6293 365 292 136 254 120 1129
leaf_count=656 197 2598 176 11949 341 365 2029 6293 365 292 136 254 120 1129
internal_value=-2.85222e-06 0.000807886 -0.00492889 0.00054612 -0.000375242 -0.00365882 -0.00301864 0.00166072 -0.00206924 0.00233492 -0.00053651 -0.0123287 -0.00868099 0.00246991
internal_weight=26900 23102 3798 22446 12290 3248 3051 10156 2686 657 2734 550 374 7422
internal_count=26900 23102 3798 22446 12290 3248 3051 10156 2686 657 2734 550 374 7422
is_linear=0
shrinkage=0.03


Tree=42
num_leaves=15
num_cat=0
split_feature=21 18 21 0 18 5 20 20 18 17 8 21 3 0
split_gain=121.195 57.2512 49.5823 34.6659 28.2424 27.016 19.5082 15.0125 15.9228 17.3183 13.5625 11.846 11.1528 18.9609
threshold=107.78744888305665 2.1100602149963383 10.142099857330324 3.4232897758483891 6.3384702205657968 0.58187112212181102 107.4934768676758 91.388477325439467 6.1874206066131601 0.75999999046325695 0.23105347156524661 578.26361083984386 0.053288981318473823 3.3510758876800542
decision_type=2 2 2 2 2 2 2 2 2 2 2 2 2 2
left_child=2 11 12 7 5 -4 -6 -3 9 -9 -5 -2 13 -1
right_child=1 3 4 10 6 -7 -8 8 -10 -11 -12 -13 -14 -15
leaf_value=-0.01630346888169755 0.0077867306183167818 0.0032376188350993827 -0.0037646895533689317 0.0030513638739004881 -0.015034834738667357 0.0017395583109276296 -0.0051893869277453491 0.001149111968497492 -0.0031751074776063455 0.0087346723843038619 -0.001088730520574684 0.019542151198072948 -0.019164159112793018 -0.0026879049646913217
leaf_weight=183 180 4054 2098 777 212 1294 1182 7651 738 276 7985 147 168 185
leaf_count=183 180 4054 2098 777 212 1294 1182 7651 738 276 7985 147 168 185
internal_value=-6.77492e-05 0.000922963 -0.00412445 0.000731716 -0.00314753 -0.00166543 -0.00673507 0.00173172 0.00102571 0.00141856 -0.000720063 0.013286 -0.0127378 -0.00958647
internal_weight=27130 21808 5322 21481 4786 3392 1394 12719 8665 7927 8762 327 536 368
internal_count=27130 21808 5322 21481 4786 3392 1394 12719 8665 7927 8762 327 536 368
is_linear=0
shrinkage=0.03


Tree=43
num_leaves=15
num_cat=0
split_feature=17 18 6 4 18 18 4 0 16 0 8 1 3 3
split_gain=98.7258 48.434 33.6825 29.1211 29.9855 33.3058 28.4827 28.8566 21.6033 21.1923 19.1578 16.6602 15.6841 14.3495
threshold=0.87999999523162853 3.2063069343566899 0.14129477739334109 0.0370385479182005 5.9171395301818857 6.3691570758819589 0.026250097900629047 2.5486314296722417 0.020007931627333168 2.4281024932861333 0.30270206928253179 0.024635854177176956 0.022192756645381454 0.085724759846925749
decision_type=2 2 2 2 2 2 2 2 2 2 2 2 2 2
left_child=1 12 -2 4 -4 -6 7 13 -5 -7 -11 -9 -1 -3
right_child=2 6 3 8 5 9 -8 11 -10 10 -12 -13 -14 -15
leaf_value=0.0086334764205303303 -0.015638856452480868 0.0020466177587402544 -0.014140358229912817 0.010706364984069613 -0.0010569028607067123 0.0024434805793377258 0.0024074658297944312 -0.00016444369507089405 -0.003350662491492816 -0.01621446729643097 -0.0066046097724045509 -0.0023794913085637037 0.00085938304577262031 -0.0082211188212524926
leaf_weight=857 241 4605 295 189 1385 139 4590 8601 196 296 527 4736 322 121
leaf_count=857 241 4605 295 189 1385 139 4590 8601 196 296 527 4736 322 121
internal_value=-6.30547e-05 0.000607797 -0.00494872 -0.00407322 -0.0051959 -0.00404398 0.000298569 -0.000237842 0.00359885 -0.0083168 -0.0101379 -0.000951609 0.00652287 0.00177532
internal_weight=27100 23832 3268 3027 2642 2347 22653 18063 385 962 823 13337 1179 4726
internal_count=27100 23832 3268 3027 2642 2347 22653 18063 385 962 823 13337 1179 4726
is_linear=0
shrinkage=0.03


Tree=44
num_leaves=15
num_cat=0
split_feature=17 18 4 21 1 3 21 21 5 18 18 21 17 20
split_gain=101.721 45.9082 37.5576 46.1464 23.3034 20.9159 16.9035 18.282 16.4262 15.4175 18.9579 14.3811 21.2813 22.0641
threshold=0.96999999880790722 3.029971837997437 0.018071961589157585 116.33167266845705 0.0037188280839473013 0.071428865194320693 632.81069946289074 365.30070495605474 0.55815124511718761 6.282386541366578 5.9171395301818857 587.50012207031261 0.089999999850988402 19.684599876403812
decision_type=2 2 2 2 2 2 2 2 2 2 2 2 2 2
left_child=1 6 3 9 11 -2 7 -1 -4 10 -3 12 13 -5
right_child=5 2 8 4 -6 -7 -8 -9 -10 -11 -12 -13 -14 -15
leaf_value=0.014650182498775364 -0.0083557392308330914 -0.005605283738925361 0.00070101384023016442 -0.016128737300370385 -0.0011339338449759923 -0.021887015132898729 0.013798691887670673 0.0022308163834862749 0.0038354764276694827 -0.005843881679506723 -2.3897989815901136e-05 0.0064323616722272506 0.0012855975266501004 -0.00099885433990163633
leaf_weight=126 657 830 3132 122 6478 121 233 589 2896 1467 1592 449 8065 276
leaf_count=126 657 830 3132 122 6478 121 233 589 2896 1467 1592 449 8065 276
internal_value=6.87504e-05 0.000386449 0.000143006 -0.00050332 0.0002348 -0.0105865 0.00685033 0.00450594 0.00220882 -0.00342085 -0.0019442 0.00122979 0.000950135 -0.00577923
internal_weight=27033 26255 25307 19279 15390 778 948 715 6028 3889 2422 8912 8463 398
internal_count=27033 26255 25307 19279 15390 778 948 715 6028 3889 2422 8912 8463 398
is_linear=0
shrinkage=0.03


Tree=45
num_leaves=15
num_cat=0
split_feature=17 18 17 4 18 0 4 18 21 1 21 17 17 0
split_gain=84.6741 41.7529 38.5993 26.8315 26.0369 25.4161 25.1848 33.372 20.3931 14.92 14.7433 18.831 14.1288 12.2268
threshold=0.8100000023841859 2.1100602149963383 0.99000000953674328 0.028577011078596119 6.269367218017579 3.1343572139739995 0.046521453186869628 5.8772208690643319 578.26361083984386 0.02115292847156525 406.07765197753912 0.31000000238418585 0.88999998569488536 3.9470264911651616
decision_type=2 2 2 2 2 2 2 2 2 2 2 2 2 2
left_child=1 -1 4 5 6 8 7 9 -3 12 11 -5 -2 -12
right_child=2 3 -4 10 -6 -7 -8 -9 -10 -11 13 -13 -14 -15
leaf_value=0.011463337260388777 0.00068302804361921167 0.0009342645956684233 -0.014505627142451016 0.0096915184452340299 -0.0050289889297837065 -0.00091203265080391923 0.0078461683532523516 0.00023161299107952649 0.0065209813890000365 -0.017613566325934128 0.0013683674297688348 0.0029824239975749685 -0.011657277262684973 -0.0070680040730340347
leaf_weight=321 168 7418 266 448 2452 9507 274 1661 634 124 1130 2292 160 174
leaf_count=321 168 7418 266 448 2452 9507 274 1661 634 124 1130 2292 160 174
internal_value=-3.59484e-06 0.000806811 -0.00348136 0.000645849 -0.00286101 0.000138163 -0.000628131 -0.00174295 0.00137793 -0.00892218 0.00284732 0.00409504 -0.00542128 0.000219957
internal_weight=27029 21924 5105 21603 4839 17559 2387 2113 8052 452 4044 2740 328 1304
internal_count=27029 21924 5105 21603 4839 17559 2387 2113 8052 452 4044 2740 328 1304
is_linear=0
shrinkage=0.03


Tree=46
num_leaves=15
num_cat=0
split_feature=21 21 18 4 16 3 0 8 20 5 4 3 5 5
split_gain=83.6946 50.2341 41.4164 32.3046 25.9772 22.8439 20.6213 19.3065 16.3525 14.9571 14.348 12.839 11.8521 11.1508
threshold=7.2487499713897714 107.78744888305665 2.6526130437850957 1.0000000180025095e-35 0.027526788413524631 0.076053604483604445 2.6596298217773442 0.23423257470130923 54.123100280761726 0.53653091192245495 0.035094318911433227 0.032251458615064628 0.6509084701538087 0.73025408387184154
decision_type=2 2 2 2 2 2 2 2 2 2 2 2 2 2
left_child=9 3 -3 -2 12 6 -4 10 -9 -1 -8 -6 -5 -10
right_child=1 2 5 4 11 -7 7 8 13 -11 -12 -13 -14 -15
leaf_value=-0.0069537740555824712 -0.0039827555073533418 0.0082558300557926539 0.0023915224978124116 0.0032237125499322062 -0.00083460552021117674 -0.003451718009874281 0.0021079683948537057 0.0020699071864720186 -0.00092431999152126738 -0.020148042520442649 0.0099194685393797881 -0.01117573101314475 0.012844566036455174 0.0025094556559095839
leaf_weight=139 3645 649 5508 646 446 1183 1042 2500 9718 194 262 138 137 928
leaf_count=139 3645 649 5508 646 446 1183 1042 2500 9718 194 262 138 137 928
internal_value=1.02476e-05 0.000197296 0.000820278 -0.00250927 0.00141985 0.000590118 0.0008305 0.000234854 -0.000111073 -0.0148249 0.00370935 -0.00335235 0.00497787 -0.000623964
internal_weight=27135 26802 21790 5012 1367 21141 19958 14450 13146 333 1304 584 783 10646
internal_count=27135 26802 21790 5012 1367 21141 19958 14450 13146 333 1304 584 783 10646
is_linear=0
shrinkage=0.03


Tree=47
num_leaves=15
num_cat=0
split_feature=21 21 4 1 17 4 0 3 17 6 6 3 5 20
split_gain=65.6686 35.3501 34.1555 27.7397 20.4939 18.7802 19.3107 16.7449 16.1036 14.4358 13.1276 12.6552 11.0054 11.9443
threshold=114.22532272338869 632.81069946289074 0.00049804378068074595 0.024897129274904731 0.95999997854232799 0.081103939563035979 2.9937009811401372 0.074084270745515837 0.099999997764825835 0.25442782044410711 0.41753822565078741 0.072676029056310668 0.67351314425468456 118.3452491760254
decision_type=2 2 2 2 2 2 2 2 2 2 2 2 2 2
left_child=2 3 4 5 -1 6 11 10 -3 -6 -5 -2 13 -4
right_child=1 8 12 7 9 -7 -8 -9 -10 -11 -12 -13 -14 -15
leaf_value=-0.0033044141977748858 0.002443157942979193 0.0099989038125118789 -0.0090290609780432924 -0.00041147538763305832 -0.013664345514117961 0.0054948129822085514 -9.4283891532400739e-05 -0.0066946366871108859 -0.0018737860145153138 -0.0054655423526544823 -0.0062162007860047741 -0.0048639220483223528 0.0065585444090356755 0.00070317910108194279
leaf_weight=3316 5753 505 121 5415 310 842 7775 462 127 533 370 217 251 1139
leaf_count=3316 5753 505 121 5415 310 842 7775 462 127 533 370 217 251 1139
internal_value=-0.000103165 0.000655439 -0.0029732 0.000442479 -0.00437529 0.00115875 0.000891228 -0.00122963 0.00761711 -0.00854331 -0.000787784 0.00217371 0.000887706 -0.000263419
internal_weight=27136 21466 5670 20834 4159 14587 13745 6247 632 843 5785 5970 1511 1260
internal_count=27136 21466 5670 20834 4159 14587 13745 6247 632 843 5785 5970 1511 1260
is_linear=0
shrinkage=0.03


Tree=48
num_leaves=15
num_cat=0
split_feature=21 21 6 1 20 21 7 5 0 19 3 3 20 21
split_gain=100.089 33.9894 29.4192 22.7882 22.6831 20.57 16.8535 15.5794 13.3312 12.5454 12.3778 11.3525 12.7504 19.3998
threshold=43.342350006103523 632.81069946289074 0.13067184388637546 0.025332381017506126 107.4934768676758 195.96199798583987 0.044807469472289092 0.69008010625839245 2.5641032457351689 1.0000000180025095e-35 0.00083872635150328289 0.035204552114009864 119.98374938964845 353.24020385742193
decision_type=2 2 2 2 2 2 2 2 2 2 2 2 2 2
left_child=2 3 -1 5 -4 7 -6 10 -5 -3 -2 12 13 -7
right_child=1 9 4 8 6 11 -8 -9 -10 -11 -12 -13 -14 -15
leaf_value=-0.019249347423416715 -0.0022561734830792101 0.0032768699106051247 -0.012449724899778638 0.0020992621422261356 -0.00057180978764591512 0.0064940390283569713 -0.0065983971968568301 0.0031961111609179658 -0.0014949844054955668 0.011749032139955531 0.0012236007120018035 -0.00031624666147694414 0.0011925922876228777 0.0021065432642295087
leaf_weight=139 3081 325 318 1091 796 1270 876 855 6096 310 1307 1970 5366 3173
leaf_count=139 3081 325 318 1091 796 1270 876 855 6096 310 1307 1970 5366 3173
internal_value=0.000112856 0.000648275 -0.00612201 0.000467774 -0.00515913 0.00106577 -0.00373954 -0.000497053 -0.000948291 0.00747236 -0.00121948 0.00176131 0.00217851 0.00336657
internal_weight=26973 24844 2129 24209 1990 17022 1672 5243 7187 635 4388 11779 9809 4443
internal_count=26973 24844 2129 24209 1990 17022 1672 5243 7187 635 4388 11779 9809 4443
is_linear=0
shrinkage=0.03


Tree=49
num_leaves=15
num_cat=0
split_feature=17 18 20 6 4 4 0 7 18 20 5 7 8 5
split_gain=79.7539 38.664 35.687 41.6953 26.8928 22.3071 26.0458 22.2747 25.3784 18.8916 16.7834 16.3983 15.1444 14.8502
threshold=0.90999999642372142 2.6526130437850957 118.91424942016603 0.14641568064689639 0.051965976133942611 0.020251498557627205 2.5641032457351689 0.041522739455103881 5.9893691539764413 65.412700653076186 0.59994783997535717 0.029467213898897174 0.35160306096076971 0.46338295936584478
decision_type=2 2 2 2 2 2 2 2 2 2 2 2 2 2
left_child=1 11 -2 -4 7 6 -3 -5 -9 -8 -11 -1 -10 -14
right_child=2 5 3 4 -6 -7 9 8 12 10 -12 -13 13 -15
leaf_value=0.014295191741005554 -0.013821408142576116 0.0015997202983436456 -0.017435638417132221 5.3731171437647957e-05 0.0095124443801402857 0.0019442011970092171 0.0012505038441475806 -0.018146011816166645 -0.0083697048168004697 -0.0024279575443164336 6.879462793647523e-05 0.0041911902871657287 -0.0073456522075682354 0.0051791027016465513
leaf_weight=218 364 5065 176 851 153 5527 2817 142 402 6629 3817 430 137 208
leaf_count=218 364 5065 176 851 153 5527 2817 142 402 6629 3817 430 137 208
internal_value=-4.30264e-05 0.000471751 -0.00521774 -0.00367443 -0.00235243 0.000274547 -0.000229348 -0.00341998 -0.00672692 -0.000928189 -0.00151604 0.00767381 -0.00445 0.000171618
internal_weight=26936 24503 2433 2069 1893 23855 18328 1740 889 13263 10446 648 747 345
internal_count=26936 24503 2433 2069 1893 23855 18328 1740 889 13263 10446 648 747 345
is_linear=0
shrinkage=0.03


Tree=50
num_leaves=15
num_cat=0
split_feature=17 17 8 18 18 20 4 0 0 8 17 4 18 18
split_gain=69.8593 35.5036 33.8546 39.1009 24.7361 24.4277 22.5008 25.038 18.5937 20.9556 14.7198 14.3436 15.879 14.0342
threshold=0.87999999523162853 0.0099999997764825838 1.0000000180025095e-35 5.9171395301818857 6.3691570758819589 119.40042114257814 0.075004734098911299 2.5641032457351689 2.6061190366745 0.28003053367137914 0.94999998807907116 1.0000000180025095e-35 6.0786650180816659 2.8921549320220952
decision_type=2 2 2 2 2 2 2 2 2 2 2 2 2 2
left_child=1 -1 -2 10 11 -6 7 13 -7 -10 -4 12 -5 -3
right_child=2 6 3 4 5 8 -8 -9 9 -11 -12 -13 -14 -15
leaf_value=0.011223161193047943 -0.015908438270206299 0.010291527492835567 -0.0078923018989147855 0.0084046344094766429 -0.014638866386182297 0.0060538577136233637 0.004200211174715301 -0.00038021531185287842 -0.013674561864878964 -0.002309469123385807 -0.021168159084128481 0.004796618740258423 -0.0027094585322392389 0.0016746303647427936
leaf_weight=272 201 171 213 125 211 152 1332 16837 194 559 121 444 1054 5317
leaf_count=272 201 171 213 125 211 152 1332 16837 194 559 121 444 1054 5317
internal_value=-1.75902e-05 0.000545024 -0.00412418 -0.0033288 -0.00213497 -0.00556228 0.000419905 0.000193466 -0.00337728 -0.00530841 -0.0129431 0.000231553 -0.0015006 0.00195225
internal_weight=27203 23929 3274 3073 2739 1116 23657 22325 905 753 334 1623 1179 5488
internal_count=27203 23929 3274 3073 2739 1116 23657 22325 905 753 334 1623 1179 5488
is_linear=0
shrinkage=0.03


Tree=51
num_leaves=15
num_cat=0
split_feature=21 17 4 21 5 6 6 18 20 6 16 21 21 18
split_gain=64.2041 42.48 36.0762 26.0487 20.1479 19.8228 15.7557 14.7297 15.0041 16.4293 14.5048 14.104 23.3043 20.5324
threshold=114.22532272338869 0.0099999997764825838 0.012847159057855608 10.142099857330324 0.41107003390789038 0.40087427198886877 0.13067184388637546 6.282386541366578 119.40042114257814 0.3978018462657929 0.040192279964685447 454.34812927246099 573.66345214843761 3.6819970607757573
decision_type=2 2 2 2 2 2 2 2 2 2 2 2 2 2
left_child=2 -2 3 -1 -4 10 11 -5 -9 -10 -6 13 -13 -3
right_child=1 6 4 7 5 -7 -8 8 9 -11 -12 12 -14 -15
leaf_value=-0.01091151092087554 0.012273005306550046 0.010988901348957768 -0.0065165476435795422 -0.0018844302946853669 0.0048349533356074502 0.013760120155230324 0.00015712918117605584 -0.012041625256419018 -0.0056130426583962606 0.0041049958863219275 -0.0028048308551615266 -0.0024313701068323012 0.0044980346336292772 0.0026882794277440095
leaf_weight=461 276 323 225 2349 532 136 17459 269 1127 178 379 1051 740 1505
leaf_count=461 276 323 225 2349 532 136 17459 269 1127 178 379 1051 740 1505
internal_value=-6.74512e-05 0.000685425 -0.002908 -0.00419751 0.00153538 0.00328849 0.00053082 -0.00339565 -0.00563784 -0.00427691 0.00165864 0.0023309 0.000436252 0.00418094
internal_weight=27010 21354 5656 4384 1272 1047 21078 3923 1574 1305 911 3619 1791 1828
internal_count=27010 21354 5656 4384 1272 1047 21078 3923 1574 1305 911 3619 1791 1828
is_linear=0
shrinkage=0.03


Tree=52
num_leaves=15
num_cat=0
split_feature=17 18 18 8 6 18 5 3 3 3 5 17 3 0
split_gain=75.7474 38.6311 32.5097 29.1697 22.7965 19.5439 21.3034 19.6996 16.2078 16.1554 14.9395 24.8969 16.0861 15.7793
threshold=0.92000001668930065 3.029971837997437 5.8899786472320566 0.094764061272144332 0.36614634096622473 6.4056370258331308 0.62159588932991039 0.024688927456736568 0.044965010136365897 0.089825127273798003 0.59117040038108837 0.81999999284744274 0.00039135340193752205 3.6502689123153691
decision_type=2 2 2 2 2 2 2 2 2 2 2 2 2 2
left_child=1 -1 -2 -4 5 6 -5 -8 -7 10 11 13 -13 -3
right_child=2 9 3 4 -6 8 7 -9 -10 -11 -12 12 -14 -15
leaf_value=0.0062992495240231034 -0.017050659439849611 0.00094951788019917113 -0.017674086628688707 -0.0058232125240086433 0.0028334648367742076 -0.0062264668030857185 0.00985172938541151 -0.0050212187341747488 -0.01820393060010915 -0.0038876120306331917 0.0013725969192809394 -0.0056515815719810122 0.00058845108323352959 -0.0013485176628321533
leaf_weight=982 191 8856 130 571 428 362 190 132 142 818 8680 1137 550 3856
leaf_count=982 191 8856 130 571 428 362 190 132 142 818 8680 1137 550 3856
internal_value=1.61033e-05 0.000482977 -0.00538499 -0.00420469 -0.00319956 -0.00505141 -0.0023619 0.00377119 -0.00974674 0.000242701 0.000389904 -0.000202754 -0.00362146 0.000252186
internal_weight=27025 24879 2146 1955 1825 1397 893 322 504 23897 23079 14399 1687 12712
internal_count=27025 24879 2146 1955 1825 1397 893 322 504 23897 23079 14399 1687 12712
is_linear=0
shrinkage=0.03


Tree=53
num_leaves=15
num_cat=0
split_feature=21 4 21 6 17 4 0 0 8 7 21 17 8 21
split_gain=76.9488 35.5019 28.5391 26.4334 24.984 21.0897 21.2758 16.7514 14.8734 13.8956 13.8021 18.3862 15.519 13.3274
threshold=114.22532272338869 0.0370385479182005 23.687749862670902 0.18447522073984149 0.0099999997764825838 0.0061268999706953773 3.3423509597778325 3.685903906822205 0.36651439964771276 0.06230531074106694 430.17074584960943 0.24000000208616259 0.28116343915462499 578.26361083984386
decision_type=2 2 2 2 2 2 2 2 2 2 2 2 2 2
left_child=1 2 3 -1 -2 6 13 9 -9 -5 11 -7 -12 -6
right_child=4 -3 -4 7 5 10 -8 8 -10 -11 12 -13 -14 -15
leaf_value=-0.020470491962008914 0.0097579920251867156 0.0030152437586577672 -0.0028190614112040325 -0.005648903063040946 0.00073178092326647913 0.0086852843750317241 -0.001191110344434147 -0.0058777400331524341 0.0066712647628851401 -0.015298111809100559 0.004871507982287534 0.0024192690297258827 -0.0017049945588301051 0.0050583433474055287
leaf_weight=137 273 739 3881 337 7986 470 6485 231 128 230 425 3833 1292 692
leaf_count=137 273 739 3881 337 7986 470 6485 231 128 230 425 3833 1292 692
internal_value=1.68977e-07 -0.00310218 -0.0040187 -0.00836485 0.000822412 0.000704977 0.000108322 -0.00647352 -0.00137326 -0.00966255 0.00220648 0.00311297 -6.77291e-05 0.0010795
internal_weight=27139 5683 4944 1063 21456 21183 15163 926 359 567 6020 4303 1717 8678
internal_count=27139 5683 4944 1063 21456 21183 15163 926 359 567 6020 4303 1717 8678
is_linear=0
shrinkage=0.03


Tree=54
num_leaves=15
num_cat=0
split_feature=21 17 18 8 3 16 3 6 18 7 18 18 18 8
split_gain=47.5356 27.3529 21.067 19.1958 15.1706 14.234 13.6023 15.0502 13.4339 12.6185 12.2964 11.9447 11.0966 10.9895
threshold=122.81356811523439 0.98000001907348644 2.1100602149963383 0.41217978298664099 0.068460416048765196 0.0057225895579904327 0.078013297170400633 0.29162478446960455 6.282386541366578 0.084976363927125945 6.4519672393798837 6.3776166439056405 6.4519672393798837 0.4074667096138001
decision_type=2 2 2 2 2 2 2 2 2 2 2 2 2 2
left_child=1 5 -2 4 -4 8 7 11 9 13 -3 -7 -10 -1
right_child=2 10 3 -5 -6 6 -8 -9 12 -11 -12 -13 -14 -15
leaf_value=0.0014060573803378826 0.008383044490962643 -0.0054723518929137016 0.0013212519432316389 -0.0013564423329548859 -0.0021383995017060665 0.0012438316220716918 -0.012243607665307923 -0.004919534764592586 -0.0041336932062522513 -0.0033248553593918954 -0.015227005998282854 -0.0069346400921607449 0.0036668196308193728 0.0080559003865093241
leaf_weight=1197 318 383 15970 3518 1224 932 138 1277 930 400 169 189 195 271
leaf_count=1197 318 383 15970 3518 1224 932 138 1277 930 400 169 189 195 271
internal_value=0.000104473 -0.00223053 0.000780028 0.0006613 0.00107442 -0.00159057 -0.00324185 -0.00269941 -0.000188358 0.0013705 -0.00856871 -0.000159725 -0.00277136 0.00265683
internal_weight=27111 6081 21030 20712 17194 5529 2536 2398 2993 1868 552 1121 1125 1468
internal_count=27111 6081 21030 20712 17194 5529 2536 2398 2993 1868 552 1121 1125 1468
is_linear=0
shrinkage=0.03


Tree=55
num_leaves=15
num_cat=0
split_feature=17 6 17 4 1 16 1 18 4 3 6 18 18 18
split_gain=52.7238 34.918 30.524 23.6561 21.1766 19.4636 19.2128 19.1124 16.1874 15.3416 14.472 13.0896 11.7217 11.4915
threshold=0.90999999642372142 0.14641568064689639 0.0099999997764825838 0.00049804378068074595 0.0033970716176554565 0.0057225895579904327 0.061375809833407409 5.9235315322875985 0.038459913805127151 0.027623572386801246 0.31127271056175237 6.1210622787475595 6.1995439529418954 6.4056370258331308
decision_type=2 2 2 2 2 2 2 2 2 2 2 2 2 2
left_child=2 -2 -1 4 12 8 -5 -7 10 -6 -3 -11 -4 -9
right_child=1 5 3 6 9 7 -8 13 -10 11 -12 -13 -14 -15
leaf_value=0.010135482406564826 -0.016645108196351496 -0.004791291387173862 0.00094342907139523854 0.0021519177927106798 -0.00059214118895381204 -0.016625893007893702 -0.0045203766259718685 -0.0018240125986979455 0.0091370682537609289 -0.004586874610794464 0.0023018415745743653 0.0019762494544074767 -0.002578779919855217 -0.0087262241674847339
leaf_weight=285 182 599 9210 6886 4935 131 407 563 134 1846 449 318 932 352
leaf_count=285 182 599 9210 6886 4935 131 407 563 134 1846 449 318 932 352
internal_value=4.78108e-05 -0.00418381 0.000459474 0.00034503 -0.000260917 -0.00313089 0.00177672 -0.00610126 -0.000487659 -0.00151705 -0.00175584 -0.00362009 0.000618644 -0.00451228
internal_weight=27229 2410 24819 24534 17241 2228 7293 1046 1182 7099 1048 2164 10142 915
internal_count=27229 2410 24819 24534 17241 2228 7293 1046 1182 7099 1048 2164 10142 915
is_linear=0
shrinkage=0.03


Tree=56
num_leaves=15
num_cat=0
split_feature=17 18 4 5 21 7 1 5 8 0 5 7 18 0
split_gain=40.9614 32.5015 29.9825 19.156 20.5085 18.1662 16.8568 15.9555 15.006 13.1725 12.3172 12.0968 11.1355 17.7856
threshold=0.96999999880790722 3.1259334087371831 0.071421429514884963 0.58187112212181102 86.340412139892592 0.026064380072057251 1.0000000180025095e-35 0.55677542090415966 0.31705275177955633 1.6446080803871157 0.52685129642486583 0.094981607049703612 4.9485793113708505 4.9063875675201425
decision_type=2 2 2 2 2 2 2 2 2 2 2 2 2 2
left_child=1 5 3 4 -3 -1 7 -6 -2 -8 -7 -12 -5 -14
right_child=8 2 -4 12 6 10 9 -9 -10 -11 11 -13 13 -15
leaf_value=0.011594159264234665 -0.010205420744398203 -0.0037114463612055726 0.0040433561064828266 0.0025055160578884451 0.00098348424565700403 0.0066531825261906931 0.0057227720055365704 -0.0038863223208438591 -0.0018674218391842592 -0.002037635939662255 -0.0064317560930771218 0.0040494874779187957 -5.1952227851797427e-05 0.010226329390199915
leaf_weight=297 453 2051 1559 2526 6206 385 200 666 342 5112 182 206 6747 150
leaf_count=297 453 2051 1559 2526 6206 385 200 666 342 5112 182 206 6747 150
internal_value=3.4774e-05 0.000238247 2.04631e-05 -0.000245433 -0.000939849 0.00534687 -0.00047196 0.000509044 -0.0066526 -0.00174035 0.00288746 -0.000886251 0.000803538 0.000178832
internal_weight=27082 26287 25217 23658 14235 1070 12184 6872 795 5312 773 388 9423 6897
internal_count=27082 26287 25217 23658 14235 1070 12184 6872 795 5312 773 388 9423 6897
is_linear=0
shrinkage=0.03


Tree=57
num_leaves=15
num_cat=0
split_feature=21 4 18 8 18 20 18 3 1 5 8 3 21 4
split_gain=48.4968 28.6841 25.6988 19.9509 18.7852 25.2395 22.4187 23.8982 17.6667 16.9928 15.1358 13.8509 25.5506 15.355
threshold=114.22532272338869 0.051283858716487891 2.6526130437850957 0.26533423364162451 6.3691570758819589 54.512924194335945 5.9171395301818857 0.010419116821140053 0.0006513139232993127 0.55815124511718761 0.4571340829133988 0.023033386096358303 174.61467742919925 0.0426374338567257
decision_type=2 2 2 2 2 2 2 2 2 2 2 2 2 2
left_child=1 4 -2 -3 6 -6 7 -1 -4 10 -8 13 -13 -10
right_child=2 3 8 -5 5 -7 9 -9 11 -11 -12 12 -14 -15
leaf_value=-0.0030441967296496145 0.0063670455571792385 -0.0062646701643686914 0.0011263817667983549 0.0074785775608748571 -0.018862002258167858 -0.0049388900267686477 -0.0036533961023961286 -0.013035274954032217 -0.00035040407408636922 0.0018319980871442012 0.0063356284872628753 0.0044384729737423035 -0.0033588461967368499 0.0043717494144295248
leaf_weight=744 656 121 11688 390 127 1129 1564 301 5174 1225 145 436 2673 699
leaf_count=744 656 121 11688 390 127 1129 1564 301 5174 1225 145 436 2673 699
internal_value=-0.000115169 -0.00256011 0.000544032 0.00419514 -0.00322287 -0.00641593 -0.00220818 -0.00597038 0.000357733 -0.000860319 -0.00278987 -0.000642556 -0.00225999 0.000214864
internal_weight=27072 5746 21326 511 5235 1256 3979 1045 20670 2934 1709 8982 3109 5873
internal_count=27072 5746 21326 511 5235 1256 3979 1045 20670 2934 1709 8982 3109 5873
is_linear=0
shrinkage=0.03


Tree=58
num_leaves=15
num_cat=0
split_feature=18 18 0 3 4 6 0 8 18 7 20 3 18 8
split_gain=39.0162 27.1794 22.0635 20.1595 17.1362 17.0531 26.9736 14.7824 13.9797 15.4635 11.2207 11.1224 10.9038 10.467
threshold=6.269367218017579 4.4698133468627939 4.3611650466918954 0.090912263840436949 0.0426374338567257 0.061232291162014015 2.2553540468215947 0.25879281759262091 2.1100602149963383 0.29612737894058233 119.40042114257814 0.062518510967493071 6.4794530868530282 0.29440855979919439
decision_type=2 2 2 2 2 2 2 2 2 2 2 2 2 2
left_child=1 2 8 5 7 -2 13 -3 -1 11 -8 -10 -12 -7
right_child=3 4 -4 -5 -6 6 10 -9 9 -11 12 -13 -14 -15
leaf_value=0.0093577274784670556 -0.0097402601732970457 0.0010652925312872206 -0.0051624200894422861 -0.013431047556154868 0.0020703292844495027 0.011886854763617324 -0.007646407012054302 -0.0010395722934267726 0.0034174392161934741 -0.005393542044004866 -0.0011802715044019372 -0.0034635424800217151 -0.0078297565447513085 0.00038632120774469939
leaf_weight=285 280 3871 317 165 2543 152 396 13333 3286 206 1609 222 253 131
leaf_count=285 280 3871 317 165 2543 152 396 13333 3286 206 1609 222 253 131
internal_value=-0.000155958 0.000245655 0.00240083 -0.0033874 -0.000225878 -0.00277723 -0.00199233 -0.000565794 0.00300606 0.00250673 -0.00308937 0.00297767 -0.00210232 0.00666242
internal_weight=27049 24063 4316 2986 19747 2821 2541 17204 3999 3714 2258 3508 1862 283
internal_count=27049 24063 4316 2986 19747 2821 2541 17204 3999 3714 2258 3508 1862 283
is_linear=0
shrinkage=0.03


Tree=59
num_leaves=15
num_cat=0
split_feature=17 21 4 0 4 21 5 5 3 0 21 5 16 8
split_gain=39.4851 33.5555 25.0313 26.1549 20.4153 19.4415 21.3525 18.5027 18.0499 16.8771 15.7621 13.7394 13.4161 15.4682
threshold=0.96999999880790722 632.81069946289074 0.00049804378068074595 2.533472061157227 0.022156744264066223 157.34017181396487 0.46338295936584478 0.68801259994506847 0.021755796857178215 4.5711174011230478 564.88870239257824 0.5437486767768861 0.086707729846239104 0.4074667096138001
decision_type=2 2 2 2 2 2 2 2 2 2 2 2 2 2
left_child=1 2 3 -1 11 6 -5 -4 -7 12 -10 -2 13 -8
right_child=4 -3 7 5 -6 8 9 -9 10 -11 -12 -13 -14 -15
leaf_value=0.001291669516967225 -0.0033900959371929232 0.0069136332931135167 0.00086949634583132168 -0.0068633217701393303 0.0047885869409143925 0.00042129097366029031 -0.0022814307442247262 0.0048657320287160332 -0.0018503235868696389 0.0071285027786987002 -0.010940622612375949 -0.012053816555616961 -0.0060545891866077865 0.0049115962282109717
leaf_weight=5100 288 659 6362 982 120 6190 1562 1243 2862 177 178 397 644 320
leaf_count=5100 288 659 6362 982 120 6190 1562 1243 2862 177 178 397 644 320
internal_value=5.4295e-05 0.000255332 8.27513e-05 -0.000526527 -0.00646958 -0.00124474 -0.00308533 0.00152543 -0.000508621 -0.00170265 -0.00239968 -0.00846222 -0.00233432 -0.00104861
internal_weight=27084 26279 25620 18015 805 12915 3685 7605 9230 2703 3040 685 2526 1882
internal_count=27084 26279 25620 18015 805 12915 3685 7605 9230 2703 3040 685 2526 1882
is_linear=0
shrinkage=0.03


Tree=60
num_leaves=15
num_cat=0
split_feature=17 21 4 0 3 21 3 1 21 7 6 6 5 2
split_gain=33.8173 24.6533 21.1962 23.65 19.0077 14.8476 17.0496 16.2603 14.1882 13.7633 14.1234 13.4032 12.8174 13.3841
threshold=0.98000001907348644 632.81069946289074 0.053662687540054328 2.5641032457351689 0.054055672138929374 180.92637634277347 0.023033386096358303 0.022727324627339843 30.310575485229496 0.033802295103669174 0.43725116550922399 0.24367740750312808 0.51284247636795055 0.098290517926216139
decision_type=2 2 2 2 2 2 2 2 2 2 2 2 2 2
left_child=1 2 3 8 11 9 -7 -8 -1 10 -5 -2 13 -11
right_child=4 -3 -4 5 -6 6 7 -9 -10 12 -12 -13 -14 -15
leaf_value=-0.0065670381424752121 -0.011227686864782727 0.0060307489490518257 0.0026833667900839362 -0.00065581549074226727 -0.016209046781051215 0.00064538371965213262 -8.3261740547451623e-05 -0.004034916482649374 0.0017302114780527779 -0.0059994212117207299 0.0092295389533974242 0.00053249053061310092 -0.0015938245328426203 0.0035582354991715781
leaf_weight=187 131 636 2525 1830 152 7981 2168 1646 5595 1425 135 242 2266 142
leaf_count=187 131 636 2525 1830 152 7981 2168 1646 5595 1425 135 242 2266 142
internal_value=6.89857e-05 0.00021881 7.49553e-05 -0.000207323 -0.00743445 -0.000754376 -0.000143097 -0.00179172 0.00145642 -0.00199672 4.50325e-05 -0.00369164 -0.00304213 -0.00512475
internal_weight=27061 26536 25900 23375 525 17593 11795 3814 5782 5798 1965 373 3833 1567
internal_count=27061 26536 25900 23375 525 17593 11795 3814 5782 5798 1965 373 3833 1567
is_linear=0
shrinkage=0.03


Tree=61
num_leaves=15
num_cat=0
split_feature=21 21 20 0 8 18 5 3 18 5 3 18 0 0
split_gain=44.4538 26.1651 21.3429 17.7862 16.0878 22.8472 14.5479 15.0742 13.4897 13.2304 22.1935 12.5727 11.5537 19.9883
threshold=28.289275169372562 632.81069946289074 57.579401016235359 2.5816127061843877 0.36886940896511083 6.0905382633209237 0.59117040038108837 0.032259574159979827 3.2063069343566899 0.55677542090415966 0.02325841132551432 2.6526130437850957 1.0586304068565371 0.092653002589941039
decision_type=2 2 2 2 2 2 2 2 2 2 2 2 2 2
left_child=2 3 -1 11 5 -4 -5 -8 -3 -7 -11 -2 13 -13
right_child=1 8 4 6 -6 9 7 -9 -10 10 -12 12 -14 -15
leaf_value=-0.015932569119788239 0.0099546346737432387 0.01109073811606668 -0.015316400450338781 -0.0010086089475739388 0.0014311050690945933 -0.0074605933672207735 0.001453557389855756 -0.0017330198324084012 0.0024345100616150156 0.0081709013777485091 -0.0069620572491738463 0.0030420632238149876 0.0022424011462332445 -0.0029842775919000971
leaf_weight=145 150 279 185 11502 359 367 5627 1747 386 172 167 830 3952 1213
leaf_count=145 150 279 185 11502 359 367 5627 1747 386 172 167 830 3952 1213
internal_value=-1.24949e-05 0.000271193 -0.00521832 0.000114503 -0.00391694 -0.00606772 -0.000341925 0.000697952 0.00612189 -0.00355354 0.000723185 0.00151568 0.00129641 -0.000534535
internal_weight=27081 25686 1395 25021 1250 891 18876 7374 665 706 339 6145 5995 2043
internal_count=27081 25686 1395 25021 1250 891 18876 7374 665 706 339 6145 5995 2043
is_linear=0
shrinkage=0.03


Tree=62
num_leaves=15
num_cat=0
split_feature=21 4 18 0 21 21 18 7 20 18 18 3 20 8
split_gain=38.2688 22.3859 20.447 29.521 17.8364 31.9032 24.9066 14.4554 13.8121 13.1497 14.6503 18.9423 13.3391 13.0962
threshold=122.81356811523439 1.0000000180025095e-35 4.5173783302307138 4.3611650466918954 578.26361083984386 468.40444946289068 4.1550354957580575 0.047041082754731185 49.923851013183601 6.3030354976654062 5.9171395301818857 0.0088564357720315474 66.849914550781264 0.31705275177955633
decision_type=2 2 2 2 2 2 2 2 2 2 2 2 2 2
left_child=1 9 3 4 5 8 -7 -6 -2 10 11 -1 -11 -9
right_child=2 -3 -4 -5 7 6 -8 13 -10 12 -12 -13 -14 -15
leaf_value=-0.002387779780076689 0.0073582756638319955 0.00099658184353132472 0.00021389194882705275 -0.006186366806845975 0.0092538934496707772 -0.0039244949753124148 0.0042731999610805356 0.0083969237245000994 0.0012465902213201236 -0.012172940366905728 -0.00035470829083010058 -0.012380177574996664 -0.0041634820817792522 -0.00044253779301781397
leaf_weight=652 886 1632 16533 323 646 998 495 236 535 213 1892 228 1431 402
leaf_count=652 886 1632 16533 323 646 998 495 236 535 213 1892 228 1431 402
internal_value=9.8811e-05 -0.00200352 0.000703061 0.00248971 0.00316382 0.00186013 -0.00120138 0.00610382 0.00506969 -0.00311212 -0.00184596 -0.00503204 -0.00523497 0.0028671
internal_weight=27102 6048 21054 4521 4198 2914 1493 1284 1421 4416 2772 880 1644 638
internal_count=27102 6048 21054 4521 4198 2914 1493 1284 1421 4416 2772 880 1644 638
is_linear=0
shrinkage=0.03


Tree=63
num_leaves=15
num_cat=0
split_feature=21 4 18 20 18 18 5 8 4 17 18 5 8 7
split_gain=39.9254 23.1128 23.2887 24.9569 22.9127 18.6264 14.7831 15.6342 14.5816 14.5016 13.2133 12.3362 11.6818 16.633
threshold=114.22532272338869 0.018071961589157585 6.3691570758819589 112.9377784729004 2.1100602149963383 5.9171395301818857 0.66841042041778576 0.35589021444320684 0.089866023510694518 0.93999999761581432 6.0345494747161874 0.56543788313865673 0.41605456173419958 0.12285907939076425
decision_type=2 2 2 2 2 2 2 2 2 2 2 2 2 2
left_child=1 2 5 -4 -2 9 7 -3 12 -1 -7 -10 13 -6
right_child=4 6 3 -5 8 10 -8 -9 11 -11 -12 -13 -14 -15
leaf_value=-0.004017972856397628 0.008496121741752306 -0.0037044389129704588 -0.016370423246538493 -0.0047047444709509027 0.00036569432121191868 0.0054581418545249392 0.0083530987722494083 0.0037358409212529657 0.0010726531981532694 -0.015048742092234689 -0.001340297620045021 0.0084724612735893844 -0.0012066776947236473 0.0030216280547468708
leaf_weight=743 331 512 200 890 14446 286 227 495 437 122 2219 376 3249 2483
leaf_count=743 331 512 200 890 14446 286 227 495 437 122 2219 376 3249 2483
internal_value=0.000127589 -0.00210303 -0.00310769 -0.00691021 0.000723625 -0.00186937 0.00152594 -4.67139e-05 0.000599069 -0.0056513 -0.000554782 0.00452582 0.000439773 0.000756021
internal_weight=27016 5694 4460 1090 21322 3370 1234 1007 20991 865 2505 813 20178 16929
internal_count=27016 5694 4460 1090 21322 3370 1234 1007 20991 865 2505 813 20178 16929
is_linear=0
shrinkage=0.03


Tree=64
num_leaves=15
num_cat=0
split_feature=17 8 6 20 4 18 0 5 17 4 3 18 6 5
split_gain=28.8714 24.568 22.6096 19.8713 17.759 15.2437 13.8392 15.0429 12.5464 11.7097 11.6954 10.7578 16.0218 12.4884
threshold=0.8100000023841859 0.49062798917293554 0.13067184388637546 52.788799285888679 0.00083578232442960154 6.3101017475128183 2.8204210996627812 0.6752329170703889 0.94999998807907116 0.071421429514884963 0.047619290649890907 6.269367218017579 0.40403622388839727 0.52998018264770519
decision_type=2 2 2 2 2 2 2 2 2 2 2 2 2 2
left_child=2 3 10 8 11 9 -6 -8 -2 -4 -1 13 -13 -5
right_child=1 -3 5 4 6 -7 7 -9 -10 -11 -12 12 -14 -15
leaf_value=0.0030728744586902587 -0.0047819741476797673 0.0098279925440014765 -0.00020414371848920059 -0.0041269826927992437 -0.0059652917438196068 0.009506549410152193 0.0010714013178712198 0.010780870518369632 -0.015818185513917279 0.0029252291919477538 -0.0030555217693193403 -0.0055250937955471837 0.0035239159104879948 0.0013113571194421727
leaf_weight=3592 284 149 16754 671 194 148 879 167 138 1145 300 1560 195 864
leaf_count=3592 284 149 16754 671 194 148 879 167 138 1145 300 1560 195 864
internal_value=5.21376e-05 -0.00197971 0.000524903 -0.00234455 -0.00175919 7.74026e-05 0.00129665 0.00266549 -0.00853394 -3.19655e-06 0.00259718 -0.00291116 -0.00451249 -0.0010716
internal_weight=27040 5101 21939 4952 4530 18047 1240 1046 422 17899 3892 3290 1755 1535
internal_count=27040 5101 21939 4952 4530 18047 1240 1046 422 17899 3892 3290 1755 1535
is_linear=0
shrinkage=0.03


Tree=65
num_leaves=15
num_cat=0
split_feature=21 18 21 0 8 6 18 16 3 20 8 5 21 6
split_gain=34.5912 25.51 18.2605 15.1644 14.0528 11.8782 11.4694 11.4516 11.273 10.8086 10.3563 10.2663 10.5322 10.7523
threshold=114.22532272338869 2.1100602149963383 7.2487499713897714 3.1433485746383671 0.23105347156524661 0.2999385297298432 6.3538272380828866 0.20694471895694735 0.074084270745515837 119.40042114257814 0.30270206928253179 0.62008124589920055 81.809627532958999 0.25638850033283239
decision_type=2 2 2 2 2 2 2 2 2 2 2 2 2 2
left_child=2 -2 -1 5 -5 8 11 -7 -3 -8 -11 -4 13 -13
right_child=1 3 6 4 -6 7 9 -9 -10 10 -12 12 -14 -15
leaf_value=-0.0088815433887119398 0.0088947841648530975 0.0022014596285238122 -0.0017242333384627406 0.0032132196070690203 -0.00057405007879201696 -0.00097704211019959946 -0.0097710543232989496 0.0071554218086245513 -0.0038199085689050918 -0.0061858841760991266 -0.00038497130143300492 0.00037782956193611303 -0.0024224987086230651 0.0076289886954133222
leaf_weight=324 325 7027 2830 958 10451 2329 233 162 287 459 689 397 371 339
leaf_count=324 325 7027 2830 958 10451 2329 233 162 287 459 689 397 371 339
internal_value=6.98658e-05 0.000617672 -0.00202015 0.0004888 -0.000254769 0.0013537 -0.00159416 -0.00043488 0.00196273 -0.00394151 -0.00272109 -0.000766819 0.00167752 0.00374664
internal_weight=27181 21539 5642 21214 11409 9805 5318 2491 7314 1381 1148 3937 1107 736
internal_count=27181 21539 5642 21214 11409 9805 5318 2491 7314 1381 1148 3937 1107 736
is_linear=0
shrinkage=0.03


Tree=66
num_leaves=15
num_cat=0
split_feature=21 18 7 18 18 17 6 8 5 5 8 8 3 5
split_gain=34.087 21.466 18.392 17.2589 19.6192 35.4846 19.3089 21.7988 18.7503 16.1643 14.4216 12.933 13.5697 13.2565
threshold=114.22532272338869 3.2063069343566899 0.026064380072057251 6.3691570758819589 5.9171395301818857 0.94999998807907116 0.42183846235275274 0.42013067007064825 0.55815124511718761 0.73998197913169872 0.38797177374362951 0.41718086600303655 0.074084270745515837 0.46503622829914099
decision_type=2 2 2 2 2 2 2 2 2 2 2 2 2 2
left_child=3 2 -2 4 5 10 8 -8 -6 -5 -1 12 -3 -13
right_child=1 11 -4 9 6 -7 7 -9 -10 -11 -12 13 -14 -15
leaf_value=0.00038593797343620983 0.010592165484628293 0.0010202300345504567 0.0022739547355400797 -0.0038203480432023873 -0.0029489384495337877 -0.018643696611676284 0.0009003473439739676 0.015213985511157723 0.0019829476893985206 -0.015202228900194166 -0.007054674111967806 -0.0036054210061335257 -0.0024677184180432214 0.0003667046449665271
leaf_weight=627 330 16075 851 1197 1502 133 255 149 1281 120 369 1299 1066 1798
leaf_count=627 330 16075 851 1197 1502 133 255 149 1281 120 369 1299 1066 1798
internal_value=0.00016411 0.000710276 0.00463312 -0.00191143 -0.000991507 -0.00438039 0.000213993 0.00630084 -0.000679333 -0.004911 -0.00239214 0.000480268 0.000802658 -0.00130248
internal_weight=27052 21419 1181 5633 4316 1129 3187 404 2783 1317 996 20238 17141 3097
internal_count=27052 21419 1181 5633 4316 1129 3187 404 2783 1317 996 20238 17141 3097
is_linear=0
shrinkage=0.03


Tree=67
num_leaves=15
num_cat=0
split_feature=17 4 17 1 18 5 8 17 18 17 3 5 18 0
split_gain=28.7313 21.3688 21.3868 19.286 22.1986 12.9875 12.108 15.2031 12.9013 11.9322 11.8654 11.0404 10.1592 10.0708
threshold=0.98000001907348644 0.00049804378068074595 0.0099999997764825838 0.0012526003993116321 6.127253770828248 0.49955224990844732 0.33131550252437597 0.60000002384185802 5.6822326183319101 0.74000000953674328 0.036942468956112869 0.68801259994506847 5.9699065685272226 3.3582471609115605
decision_type=2 2 2 2 2 2 2 2 2 2 2 2 2 2
left_child=1 2 -1 4 6 -5 9 8 -8 -4 -9 -3 -11 -7
right_child=-2 11 3 5 -6 13 7 10 -10 12 -12 -13 -14 -15
leaf_value=0.0096396138745870798 -0.006944829604889043 0.00089640528922139398 0.0014065223002746976 -0.0033999233004704203 -0.0026138064520982614 0.00059639158159634968 -5.9389762705082851e-05 -0.0047655033468627815 0.0057647286431383145 0.0016025809441409466 0.0043512724549663777 0.0039865616790180887 0.010662998788106275 -0.00208103748590749
leaf_weight=181 531 6616 4463 2700 1986 2380 2338 890 396 208 146 1231 240 2688
leaf_count=181 531 6616 4463 2700 1986 2380 2338 890 396 208 146 1231 240 2688
internal_value=-6.84152e-05 7.0851e-05 -0.000482638 -0.000584608 0.000243484 -0.00172117 0.00089829 -0.000380285 0.000793175 0.0018792 -0.00346598 0.0013834 0.0065205 -0.000824333
internal_weight=26994 26463 18616 18435 10667 7768 8681 3770 2734 4911 1036 7847 448 5068
internal_count=26994 26463 18616 18435 10667 7768 8681 3770 2734 4911 1036 7847 448 5068
is_linear=0
shrinkage=0.03


Tree=68
num_leaves=15
num_cat=0
split_feature=18 18 7 3 21 20 4 1 5 21 18 5 7 5
split_gain=29.8463 23.7568 20.3475 14.5387 14.4926 18.8167 12.5505 13.9574 13.6119 12.8298 16.5456 11.2115 12.936 10.9067
threshold=3.029971837997437 6.3691570758819589 0.025782733224332336 0.090912263840436949 97.186775207519545 119.40042114257814 0.00049804378068074595 0.0006513139232993127 0.80570062994956981 193.73594665527347 5.943235158920289 0.48562870919704443 0.0042612783145159492 0.53251954913139354
decision_type=2 2 2 2 2 2 2 2 2 2 2 2 2 2
left_child=2 3 -1 6 5 -3 7 9 -8 10 -2 -7 -13 -4
right_child=1 4 13 -5 -6 11 8 -9 -10 -11 -12 12 -14 -15
leaf_value=0.011994245781139588 -0.0039436293020825141 -0.012917817643398175 0.0058904195591621619 -0.0038939004610295327 0.0031673916995766508 0.0012105421060696244 0.00089063411091860716 -0.001373342380556263 0.0079392265008755205 0.0011593203903840588 0.00048820128587626684 -0.013800781938063836 -0.0035519484090078893 -0.001758084455796964
leaf_weight=272 1200 225 351 851 219 325 6794 7076 251 6399 2042 132 616 314
leaf_count=272 1200 225 351 851 219 325 6794 7076 251 6399 2042 132 616 314
internal_value=-8.85939e-05 -0.000277673 0.00515771 -5.27415e-05 -0.00391497 -0.00511749 8.5614e-05 -0.000361983 0.00114721 0.000380631 -0.00115575 -0.00342949 -0.0054402 0.00229278
internal_weight=27067 26130 937 24613 1517 1298 23762 16717 7045 9641 3242 1073 748 665
internal_count=27067 26130 937 24613 1517 1298 23762 16717 7045 9641 3242 1073 748 665
is_linear=0
shrinkage=0.03


Tree=69
num_leaves=15
num_cat=0
split_feature=21 4 21 21 16 0 21 0 18 0 18 6 16 5
split_gain=35.7186 20.2966 21.8265 19.4312 18.9932 12.2632 11.9106 12.4995 12.917 11.6119 11.0085 13.8834 12.3648 10.3266
threshold=7.2487499713897714 0.028556586243212227 32.457849502563484 641.25863647460949 0.031112310476601127 2.963140726089478 406.07765197753912 3.9470264911651616 4.4698133468627939 4.6053423881530771 5.4796295166015634 0.16985622793436053 0.083208281546831145 0.60791325569152843
decision_type=2 2 2 2 2 2 2 2 2 2 2 2 2 2
left_child=-1 2 4 5 -2 -4 9 8 -8 10 12 -12 -3 -6
right_child=1 6 3 -5 13 -7 7 -9 -10 -11 11 -13 -14 -15
leaf_value=-0.0098657097650047768 -0.0011594760444157901 0.0028193898444854866 0.00080516915031155563 0.0063586554709702241 -0.0060053230736711819 -0.00071396161979920571 0.0038563399434813675 -0.0074605155082863896 -0.0023252812969833609 0.011098009090462367 -0.0076196434141649885 0.0018911194772716401 0.0097459793537356225 -0.016298036662147457
leaf_weight=316 661 771 7880 421 291 12150 588 192 620 141 142 2313 331 128
leaf_count=316 661 771 7880 421 291 12150 588 192 620 141 142 2313 331 128
internal_value=8.18235e-05 0.000201698 -0.000201434 1.85443e-05 -0.00434786 -0.000116269 0.00190283 -0.00045282 0.000687147 0.00279404 0.00244975 0.00132664 0.0049345 -0.00930475
internal_weight=26945 26629 21531 20451 1080 20030 5098 1400 1208 3698 3557 2455 1102 419
internal_count=26945 26629 21531 20451 1080 20030 5098 1400 1208 3698 3557 2455 1102 419
is_linear=0
shrinkage=0.03


Tree=70
num_leaves=15
num_cat=0
split_feature=3 21 4 21 21 17 0 4 0 8 5 16 5 7
split_gain=25.0086 19.988 21.0961 19.3258 13.7869 15.5837 12.7192 16.1541 12.2236 12.0063 9.96189 9.32653 11.1029 11.4376
threshold=0.074084270745515837 124.92372512817384 0.012847159057855608 17.032124519348148 632.81069946289074 0.099999997764825835 3.0865142345428471 0.090869162231683745 3.658551931381226 0.26533423364162451 0.49683061242103582 0.076926767826080336 0.57469868659973156 0.036437068134546287
decision_type=2 2 2 2 2 2 2 2 2 2 2 2 2 2
left_child=1 2 11 -2 6 -6 -3 -8 9 -4 -10 12 -1 -14
right_child=3 4 8 -5 5 -7 7 -9 10 -11 -12 -13 13 -15
leaf_value=-0.0028890739130097262 -0.014888225251010486 0.001389017380662662 -0.0076845317882120239 -0.0026496869726402618 0.0075438539380705133 -0.004357924175648285 -0.00038533059376360488 0.0062707828419320119 0.00030344856383376998 0.0014524071193631873 0.0091919417076317938 -0.0047181474965705943 0.0040387818545739741 -0.0018530338992007143
leaf_weight=2038 121 8422 153 1549 478 121 10260 334 185 711 290 1124 526 667
leaf_count=2038 121 8422 153 1549 478 121 10260 334 185 711 290 1124 526 667
internal_value=-2.8094e-05 0.00020682 -0.00135721 -0.00357823 0.000661071 0.00512348 0.000519196 -0.000172622 0.00193084 -0.000200498 0.00576933 -0.00236922 -0.00154605 0.000750713
internal_weight=26979 25309 5694 1670 19615 599 19016 10594 1339 864 475 4355 3231 1193
internal_count=26979 25309 5694 1670 19615 599 19016 10594 1339 864 475 4355 3231 1193
is_linear=0
shrinkage=0.03


Tree=71
num_leaves=15
num_cat=0
split_feature=17 6 18 7 7 18 4 1 6 18 0 5 17 5
split_gain=24.0129 19.6635 19.4345 14.847 14.0935 14.0255 13.418 14.6574 12.0595 14.9346 13.7296 12.4169 11.8743 11.723
threshold=0.96999999880790722 0.21868701279163363 2.8921549320220952 0.043479228392243392 0.31942637264728552 6.4394888877868661 0.00049804378068074595 0.0033970716176554565 0.35718111693859106 6.2059640884399423 2.9937009811401372 0.22327457368373874 0.31999999284744268 0.49955224990844732
decision_type=2 2 2 2 2 2 2 2 2 2 2 2 2 2
left_child=2 -2 3 -1 6 -3 7 8 9 10 -4 -10 -12 -9
right_child=1 5 4 -5 -6 -7 -8 13 11 -11 12 -13 -14 -15
leaf_value=0.0096766000302000478 -0.013525186406702481 0.00077098918910674255 0.001734805059130239 0.0015698489933894421 -0.0051112024006403347 -0.0086463037784926082 0.0012722342280896688 -0.0029307555045168646 -0.0043835022853330732 -0.0031753750779158385 0.0014657100880232201 0.003840528603500204 -0.0021164170056199318 -0.00041096690135016635
leaf_weight=325 182 419 3969 536 454 210 7330 2523 183 1127 1300 1402 2299 4855
leaf_count=325 182 419 3969 536 454 210 7330 2523 183 1127 1300 1402 2299 4855
internal_value=9.13194e-05 -0.00497704 0.000248508 0.00466809 9.80544e-05 -0.00241649 0.000193704 -0.000254238 0.000477943 3.86342e-05 0.000519034 0.0028802 -0.000822273 -0.00127404
internal_weight=27114 811 26303 861 25442 629 24988 17658 10280 8695 7568 1585 3599 7378
internal_count=27114 811 26303 861 25442 629 24988 17658 10280 8695 7568 1585 3599 7378
is_linear=0
shrinkage=0.03


Tree=72
num_leaves=15
num_cat=0
split_feature=21 4 0 8 18 6 3 0 4 18 17 18 0 21
split_gain=25.5762 18.6263 15.9023 17.8357 15.1424 15.0432 15.4991 14.8193 10.5589 10.3054 23.3876 12.3523 11.8223 10.6415
threshold=114.22532272338869 0.05263336934149266 2.9937009811401372 0.26992103457450872 4.5628364086151132 0.45710200071334844 0.089825127273798003 3.8105491399765019 0.075004734098911299 6.1755096912384042 0.71999999880790722 6.0152394771575937 2.1503489017486577 202.58787536621097
decision_type=2 2 2 2 2 2 2 2 2 2 2 2 2 2
left_child=1 5 4 8 -2 6 -1 -3 -4 10 11 13 -12 -6
right_child=2 7 3 -5 9 -7 -8 -9 -10 -11 12 -13 -14 -15
leaf_value=-0.0023467396567110198 0.0037648667390940871 0.00073688223024091402 0.0015841065911855862 -0.00069714028235666426 -0.0024117979572001891 0.0034792850226763447 -0.010255603816162081 0.012733329926129607 0.0091776750166115625 -0.0031260446101710527 0.01358586167683825 -0.0039453783830883478 0.0029990589159453523 0.0016410114274004347
leaf_weight=4606 2031 353 2292 10559 669 374 230 121 173 547 187 474 195 4338
leaf_count=4606 2031 353 2292 10559 669 374 230 121 173 547 187 474 195 4338
internal_value=2.2951e-05 -0.00176552 0.000496844 -0.000160586 0.00151072 -0.00228423 -0.00273309 0.00390022 0.00213454 0.000794115 0.00116221 0.000658317 0.00829017 0.00109764
internal_weight=27149 5684 21465 13024 8441 5210 4836 474 2465 6410 5863 5481 382 5007
internal_count=27149 5684 21465 13024 8441 5210 4836 474 2465 6410 5863 5481 382 5007
is_linear=0
shrinkage=0.03


Tree=73
num_leaves=15
num_cat=0
split_feature=21 18 0 0 21 18 3 17 1 6 21 18 21 3
split_gain=17.3258 15.7727 13.934 20.2048 17.3195 12.2625 10.9412 16.4537 12.9711 10.5684 12.4039 20.8441 16.1356 12.7412
threshold=632.81069946289074 6.3691570758819589 0.50457075238227855 2.3906528949737553 101.29017639160158 4.4452226161956796 0.047619290649890907 0.080000001937150969 0.058429352939128883 0.1830420717597008 462.67431640625006 4.9181590080261239 573.66345214843761 0.0067385206930339345
decision_type=2 2 2 2 2 2 2 2 2 2 2 2 2 2
left_child=1 6 -3 -4 -5 -2 9 -8 -9 10 11 -1 -12 -14
right_child=5 2 3 4 -6 -7 7 8 -10 -11 12 -13 13 -15
leaf_value=0.0059545409529191502 0.0068471972781046879 -0.011435181666868474 0.0082120989354980446 -0.0047508521032504653 0.0060274762493828611 -0.0034725674343152116 -0.0093642891364553085 -0.00019980017647748533 -0.0062524931867539478 2.3606836939499298e-06 -0.0020510667663324825 0.0010423861592258412 0.0061548690157912037 -0.0046837054722011088
leaf_weight=1119 534 154 149 1021 150 125 215 2839 354 15841 1454 2531 454 120
leaf_count=1119 534 154 149 1021 150 125 215 2839 354 15841 1454 2531 454 120
internal_value=9.21285e-05 -2.82416e-05 -0.0030383 -0.00201921 -0.00335044 0.00487832 0.000150325 -0.00142778 -0.000879574 0.000400526 0.00151038 0.00255442 -0.000370332 0.00386809
internal_weight=27060 26401 1474 1320 1171 659 24927 3408 3193 21519 5678 3650 2028 574
internal_count=27060 26401 1474 1320 1171 659 24927 3408 3193 21519 5678 3650 2028 574
is_linear=0
shrinkage=0.03


Tree=74
num_leaves=15
num_cat=0
split_feature=0 4 21 0 0 21 4 17 7 21 21 1 0 17
split_gain=21.3302 18.9559 20.7842 13.4996 17.7746 13.115 11.5869 11.0297 9.49634 12.5945 14.9472 9.13022 11.1947 15.6824
threshold=2.5641032457351689 0.089866023510694518 7.2487499713897714 1.1846225857734682 0.072595290839672103 641.25863647460949 0.0032377624884247784 0.85000002384185802 0.14438427239656451 187.31062316894534 488.76298522949224 0.048784300684928901 5.0956835746765146 0.40999999642372137
decision_type=2 2 2 2 2 2 2 2 2 2 2 2 2 2
left_child=3 2 -2 4 -1 11 -7 -6 -5 -10 -11 12 -4 -14
right_child=1 -3 5 8 7 6 -8 -9 9 10 -12 -13 13 -15
leaf_value=0.0038257163404294982 -0.0090958831174228622 0.0043630293223500495 -0.00037123714090706993 0.003302161047220599 -0.00080267995916750968 0.0087694138926235603 -0.0022399099552157251 -0.0074865480430625292 -0.0056852403766636667 0.0063877196016488592 -0.0053305084600866045 -0.002157724951305983 -0.0031328909548206459 0.0098907731937848634
leaf_weight=698 246 738 16279 3450 1414 251 127 259 261 295 141 2630 130 217
leaf_count=698 246 738 16279 3450 1414 251 127 259 261 295 141 2630 130 217
internal_value=0.00013112 -0.000341854 -0.000517565 0.00162637 -0.000179282 -0.000407797 0.00508956 -0.00185665 0.0026577 -0.000533066 0.00258064 -0.000517004 -0.000256895 0.0050364
internal_weight=27136 20618 19880 6518 2371 19634 378 1673 4147 697 436 19256 16626 347
internal_count=27136 20618 19880 6518 2371 19634 378 1673 4147 697 436 19256 16626 347
is_linear=0
shrinkage=0.03


Tree=75
num_leaves=15
num_cat=0
split_feature=21 6 20 18 21 21 6 18 3 4 7 12 21 8
split_gain=21.5772 19.7941 17.3285 17.245 14.6773 18.9419 17.6362 15.5514 16.3943 13.4669 17.9282 12.7521 11.5971 10.8348
threshold=23.687749862670902 0.18447522073984149 62.905475616455085 4.4452226161956796 641.25863647460949 357.98431396484381 0.061232291162014015 4.0490739345550546 1.0000000180025095e-35 0.028556586243212227 0.026064380072057251 1.0000000180025095e-35 459.86738586425787 0.37934376299381262
decision_type=2 2 2 2 2 2 2 2 2 2 2 2 2 2
left_child=1 -1 -3 4 5 6 -2 8 -7 10 -4 -5 -10 -8
right_child=3 2 9 11 -6 7 13 -9 12 -11 -12 -13 -14 -15
leaf_value=-0.0143767253068684 0.012823737961136632 -0.01264812389381678 0.0048403930803092472 -0.00028255959590584798 0.0071044568114790102 0.00082013317196983997 -0.00058904705100779444 0.0031072789553384982 0.0032474116387570069 0.0071827548359520727 -0.0054952680346011468 0.0066006024882805589 -0.006496293937597891 0.0084452884407010438
leaf_weight=141 211 128 204 21542 431 1205 339 1092 130 145 544 240 624 179
leaf_count=141 211 128 204 21542 431 1205 339 1092 130 145 544 240 624 179
internal_value=-4.44832e-05 -0.00403517 -0.00254391 0.00013466 0.0018909 0.00128785 0.00561475 0.000246491 -0.00135204 -0.00103324 -0.00266303 -0.000205222 -0.00480602 0.00258375
internal_weight=27155 1162 1021 25993 4211 3780 729 3051 1959 893 748 21782 754 518
internal_count=27155 1162 1021 25993 4211 3780 729 3051 1959 893 748 21782 754 518
is_linear=0
shrinkage=0.03


Tree=76
num_leaves=15
num_cat=0
split_feature=17 4 17 0 7 0 7 17 8 21 0 17 20 8
split_gain=21.8446 14.7939 15.5675 11.5011 11.8662 12.5553 10.4673 11.1764 13.3647 10.2842 15.9774 15.4776 18.9863 13.6086
threshold=0.96999999880790722 0.028556586243212227 0.0099999997764825838 0.099503494799137129 0.0031355377286672596 2.9937009811401372 0.29612737894058233 0.31000000238418585 0.18877658247947696 414.03425598144537 4.6053423881530771 0.31000000238418585 116.095272064209 0.25879281759262091
decision_type=2 2 2 2 2 2 2 2 2 2 2 2 2 2
left_child=1 2 -1 -4 -5 6 7 -6 -9 10 11 -3 -13 -11
right_child=-2 9 3 4 5 -7 -8 8 -10 13 -12 12 -14 -15
leaf_value=0.0083637429436026704 -0.0046756459463978021 0.0071115930882787257 0.0030993851808801274 -0.0030474374349574161 0.0030747638962514297 -0.0006130478806665832 -0.0048226886853786569 0.0071670051149415725 -5.6002155543836637e-05 0.0060781249008532764 0.012407288010280322 -0.005193706931105495 0.0022724767404087576 -0.0018269383225926975
leaf_weight=193 802 496 967 1266 2053 12346 260 240 3908 233 140 342 2637 1106
leaf_count=193 802 496 967 1266 2053 12346 260 240 3908 233 140 342 2637 1106
internal_value=0.000185873 0.000335626 -8.93646e-06 -8.77079e-05 -0.000241977 -5.23667e-05 0.00101866 0.00126726 0.000370041 0.00181095 0.00264189 0.0022312 0.00140807 -0.00043388
internal_weight=26989 26187 21233 21040 20073 18807 6461 6201 4148 4954 3615 3475 2979 1339
internal_count=26989 26187 21233 21040 20073 18807 6461 6201 4148 4954 3615 3475 2979 1339
is_linear=0
shrinkage=0.03


Tree=77
num_leaves=15
num_cat=0
split_feature=18 4 21 5 0 18 21 18 6 6 8 0 21 18
split_gain=17.5183 16.5714 20.6333 18.1353 16.4478 18.5196 12.6359 16.8786 23.2199 12.4447 11.3334 11.2914 11.6052 10.8642
threshold=2.1100602149963383 0.0061268999706953773 23.687749862670902 0.68801259994506847 3.685903906822205 5.9503397941589364 435.44612121582037 4.9485793113708505 0.16985622793436053 0.32154963910579687 0.35589021444320684 2.7911496162414555 641.25863647460949 6.3618316650390634
decision_type=2 2 2 2 2 2 2 2 2 2 2 2 2 2
left_child=-1 2 4 6 5 -2 7 -3 -9 13 -6 -4 -13 -7
right_child=1 3 11 -5 10 9 -8 8 -10 -11 -12 12 -14 -15
leaf_value=0.0069768817533871954 -0.017859982168301938 0.0058910614091468774 0.00062684917246378486 0.0044928480535705766 -0.0037886170377756283 -0.0022318832422606647 -0.0021224428786170749 -0.011152803576457621 0.00090563337493082519 0.0012380358201070603 0.007733647100671771 -0.0010503348951886914 0.0061341345939715736 -0.013252223979265607
leaf_weight=310 124 587 6517 1169 192 145 1361 144 4058 182 121 11691 201 183
leaf_count=310 124 587 6517 1169 192 145 1361 144 4058 182 121 11691 201 183
internal_value=-5.64996e-05 -0.000139529 -0.000599314 0.00107601 -0.00490603 -0.00766608 0.000423407 0.00114838 0.000479634 -0.00503823 0.000717239 -0.000376495 -0.000926375 -0.00848709
internal_weight=26985 26675 19356 7319 947 634 6150 4789 4202 510 313 18409 11892 328
internal_count=26985 26675 19356 7319 947 634 6150 4789 4202 510 313 18409 11892 328
is_linear=0
shrinkage=0.03


Tree=78
num_leaves=15
num_cat=0
split_feature=18 8 17 3 6 0 17 3 4 5 7 8 6 7
split_gain=25.1229 16.879 16.5461 16.4542 14.6657 24.7193 14.2394 11.2421 10.5813 9.92227 10.2192 9.06652 8.28509 8.11218
threshold=6.27632761001587 0.30931656062603002 0.81999999284744274 0.020604558289051059 0.061232291162014015 2.4460488557815556 0.0099999997764825838 0.025647374801337722 0.080517772585153594 0.64921772480010997 0.058986142277717597 0.25635758042335516 0.378787711262703 0.0240560956299305
decision_type=2 2 2 2 2 2 2 2 2 2 2 2 2 2
left_child=6 2 -2 4 -4 -6 -1 9 -8 10 -3 -7 -9 -10
right_child=1 7 3 -5 5 11 8 12 13 -11 -12 -13 -14 -15
leaf_value=0.0067295041653359739 0.0024746797531907268 -0.0066688642348686324 -0.010666963952889262 -0.011636595412140717 0.0086015724913877309 -0.010249035917670729 -0.00010224654001675174 0.00073487566491659679 -0.0015065161877852941 0.0050540634872504597 -6.1555460650847317e-05 -0.00154438133161007 0.0094167534518580787 0.0042461446068590997
leaf_weight=285 213 462 217 384 153 182 22687 390 291 131 384 259 128 880
leaf_count=285 213 462 217 384 153 182 22687 390 291 131 384 259 128 880
internal_value=-0.000195387 -0.00282968 -0.00518079 -0.00654995 -0.00408493 -0.00161142 0.000121885 -0.000605499 4.15593e-05 -0.00249588 -0.00368778 -0.0052114 0.00294972 0.00281625
internal_weight=27046 2903 1408 1195 811 594 24143 1495 23858 977 846 441 518 1171
internal_count=27046 2903 1408 1195 811 594 24143 1495 23858 977 846 441 518 1171
is_linear=0
shrinkage=0.03


Tree=79
num_leaves=15
num_cat=0
split_feature=21 21 16 8 0 20 3 5 0 0 7 5 5 8
split_gain=16.5036 14.5548 13.7476 16.63 13.1492 11.512 10.3938 13.9812 9.18096 14.484 10.8261 9.11745 7.95636 7.61373
threshold=36.92665100097657 632.81069946289074 0.0057225895579904327 0.16177343577146533 0.072595290839672103 117.74875259399415 0.040786622092127807 0.67351314425468456 0.93086954951286327 2.5641032457351689 0.0031355377286672596 0.42918616533279424 0.60791325569152843 0.23772533982992175
decision_type=2 2 2 2 2 2 2 2 2 2 2 2 2 2
left_child=2 4 3 -1 -2 -4 7 -5 -6 10 -10 -7 -13 -11
right_child=1 -3 5 6 8 11 -8 -9 9 13 -12 12 -14 -15
leaf_value=-0.0098534957929223305 0.0042095705509463052 0.0045270285501016957 -0.012940160499213711 0.00085538064220666208 -0.0025153238186045755 -0.010727167846040522 -0.0040605323292929596 0.011801113617022647 -0.0044048962791285087 0.001512649322877048 0.002069654816928378 0.00083396335747260258 -0.0064098268817479979 -0.00051161175781546341
leaf_weight=139 650 656 153 490 1331 136 242 129 243 1853 3784 329 227 16736
leaf_count=139 650 656 153 490 1331 136 242 129 243 1853 3784 329 227 16736
internal_value=-6.63552e-05 0.000133988 -0.00280146 -0.000415017 1.59302e-05 -0.0056066 0.00115683 0.00321276 -9.8754e-05 4.39909e-05 0.00167399 -0.00390397 -0.00215425 -0.000309476
internal_weight=27098 25253 1845 1000 24597 845 861 619 23947 22616 4027 692 556 18589
internal_count=27098 25253 1845 1000 24597 845 861 619 23947 22616 4027 692 556 18589
is_linear=0
shrinkage=0.03


Tree=80
num_leaves=15
num_cat=0
split_feature=17 18 4 7 1 8 1 5 18 5 1 7 17 18
split_gain=22.9915 19.0577 16.8388 13.3454 12.9094 11.9336 9.99011 10.7126 9.5094 9.23054 10.7978 12.607 10.5435 9.41218
threshold=0.98000001907348644 2.1100602149963383 0.00049804378068074595 0.31942637264728552 0.060296500101685531 0.30755393207073217 0.0033970716176554565 0.52280074357986461 6.127253770828248 0.56543788313865673 0.0059614947531372317 0.19010433554649356 0.69999998807907116 4.4698133468627939
decision_type=2 2 2 2 2 2 2 2 2 2 2 2 2 2
left_child=1 -1 3 6 9 -2 8 -8 -3 -4 11 13 -12 -11
right_child=5 2 4 -5 -6 -7 7 -9 -10 10 12 -13 -14 -15
leaf_value=0.0072012568865720376 -0.0099332000204649887 0.00060961852857848104 0.00046106930953393818 -0.0064936534456874933 -0.0037188907267900737 -0.00088940725765378485 -0.0026173297419379337 -0.00031247769025959115 -0.0016915542967992393 0.0049643606468722096 0.0030920748215470624 0.0087289250852978402 0.0092818842015990905 -0.0004311999916963811
leaf_weight=327 312 8619 3898 326 457 226 3057 4460 1984 352 905 182 341 1570
leaf_count=327 312 8619 3898 326 457 226 3057 4460 1984 352 905 182 341 1570
internal_value=-6.65148e-05 5.87917e-05 -3.18793e-05 -0.000523876 0.00114555 -0.00617731 -0.000414711 -0.00125093 0.000178436 0.00145461 0.00260828 0.00129229 0.0048164 0.000567274
internal_weight=27016 26478 26151 18446 7705 538 18120 7517 10603 7248 3350 2104 1246 1922
internal_count=27016 26478 26151 18446 7705 538 18120 7517 10603 7248 3350 2104 1246 1922
is_linear=0
shrinkage=0.03


Tree=81
num_leaves=15
num_cat=0
split_feature=17 18 13 3 3 4 0 6 18 5 17 5 16 17
split_gain=17.1922 15.8885 14.3744 14.7151 12.3661 11.3629 10.7672 9.71802 12.8024 21.786 14.057 11.8222 10.6442 12.4245
threshold=0.99000000953674328 3.1259334087371831 1.0000000180025095e-35 0.022192756645381454 0.090912263840436949 0.0035188738256692891 2.9937009811401372 0.29365825653076177 6.2370343208312997 0.6752329170703889 0.69999998807907116 0.67710891366004955 0.14111749082803729 0.43999999761581426
decision_type=2 2 2 2 2 2 2 2 2 2 2 2 2 2
left_child=1 2 3 -1 5 6 7 8 10 -10 11 -3 -9 -14
right_child=-2 4 -4 -5 -6 -7 -8 12 9 -11 -12 -13 13 -15
leaf_value=0.0074060326790977866 -0.0072640187956430026 0.0020425850269047345 -0.0044392489088100513 -0.00096790540459385898 -0.0034651642436098959 0.0011560896485212269 -0.0009105617294679208 -0.0020732684501967649 -0.0051506806233716481 0.007967786645399523 0.0056952617938839456 -0.0017489892263574383 0.010768195833974351 -0.00032145573847638346
leaf_weight=682 278 3075 163 259 881 7093 10047 1817 560 138 711 970 129 282
leaf_count=682 278 3075 163 259 881 7093 10047 1817 560 138 711 970 129 282
internal_value=9.15422e-05 0.000169163 0.00368496 0.00510826 1.74643e-05 0.000141745 -0.000264284 0.000581 0.00126268 -0.00251884 0.00181972 0.00113232 -0.0010868 0.00324683
internal_weight=27085 26807 1104 941 25703 24822 17729 7682 5454 698 4756 4045 2228 411
internal_count=27085 26807 1104 941 25703 24822 17729 7682 5454 698 4756 4045 2228 411
is_linear=0
shrinkage=0.03


Tree=82
num_leaves=15
num_cat=0
split_feature=17 21 21 16 21 8 17 3 21 21 6 3 0 4
split_gain=14.2652 17.5015 20.7026 13.3484 12.1955 13.8581 13.1439 17.7208 11.8169 10.9087 15.427 11.3489 10.6851 9.85142
threshold=0.14000000059604648 360.39758300781256 578.26361083984386 0.0090549308806657808 459.86738586425787 0.38875970244407659 0.10999999940395357 0.021755796857178215 573.66345214843761 10.142099857330324 0.21689374744892123 0.043783728033304221 3.2026226520538335 0.00049804378068074595
decision_type=2 2 2 2 2 2 2 2 2 2 2 2 2 2
left_child=1 12 4 -4 5 -3 7 -6 9 10 -2 -12 -1 -11
right_child=8 2 3 -5 6 -7 -8 -9 -10 13 11 -13 -14 -15
leaf_value=0.0031372652994245999 -0.01321763742757453 0.0003371999516354826 0.0062962955917327604 0.00016298404765969262 -0.0013043959029811812 0.011929136639956832 0.0026200372691142977 -0.0094378738784639052 -0.0067452200754835713 -0.00040935842550358248 0.0024448888347361167 -0.0074912355025572811 0.013313816919147384 0.00097081387315524792
leaf_weight=204 127 346 845 512 848 122 403 333 239 15901 260 165 172 6575
leaf_count=204 127 346 845 512 848 122 403 333 239 15901 260 165 172 6575
internal_value=0.000100105 0.00180687 0.00112355 0.00399127 -0.000777987 0.00345319 -0.00203504 -0.00362787 -0.000177874 -0.000108264 -0.00425555 -0.00145492 0.00790613 -5.48462e-06
internal_weight=27052 3785 3409 1357 2052 468 1584 1181 23267 23028 552 425 376 22476
internal_count=27052 3785 3409 1357 2052 468 1584 1181 23267 23028 552 425 376 22476
is_linear=0
shrinkage=0.03


Tree=83
num_leaves=15
num_cat=0
split_feature=3 17 5 7 4 17 0 6 6 17 1 8 8 8
split_gain=21.5988 16.8074 14.1217 11.3103 11.3842 10.2243 17.5236 15.4369 10.0412 15.9185 15.5224 12.0191 11.3745 11.0415
threshold=0.085724759846925749 0.43999999761581426 0.6509084701538087 0.35314604640007025 0.037400048226118095 0.29999999701976782 5.0956835746765146 0.36407911777496343 0.35347704589366918 0.88999998569488536 0.0043843130115419635 0.18877658247947696 0.42295822501182562 0.37934376299381262
decision_type=2 2 2 2 2 2 2 2 2 2 2 2 2 2
left_child=3 -2 -3 4 5 7 8 -1 9 11 -10 -7 13 -11
right_child=1 2 -4 -5 -6 6 -8 -9 10 12 -12 -13 -14 -15
leaf_value=0.0015526092923145826 0.00069109722446051181 -0.0041175535784520219 -0.013699354591299197 -0.0048106531384407118 0.001918248709528428 0.0023068028961637219 0.0067676806892118142 -0.0040642894292739415 0.0030000187462452567 -0.0036931421300647705 -0.00139329411877945 -0.0007565189763331148 -0.011937368030398585 0.0033499055022829464
leaf_weight=5913 447 524 187 377 3738 1318 305 471 1694 1463 1257 8956 126 228
leaf_count=5913 447 524 187 377 3738 1318 305 471 1694 1463 1257 8956 126 228
internal_value=0.000133459 -0.00386594 -0.00671573 0.000313361 0.000390137 0.000126902 -0.000292821 0.00113535 -0.000438185 -0.000821103 0.00112946 -0.00036261 -0.00340549 -0.00273644
internal_weight=27004 1158 711 25846 25469 21731 15347 6384 15042 12091 2951 10274 1817 1691
internal_count=27004 1158 711 25846 25469 21731 15347 6384 15042 12091 2951 10274 1817 1691
is_linear=0
shrinkage=0.03


Tree=84
num_leaves=15
num_cat=0
split_feature=17 7 7 5 3 17 6 0 21 20 18 18 12 17
split_gain=22.6816 12.8429 9.49359 9.1912 12.1916 12.9016 16.7505 10.71 14.0319 11.7297 9.52232 16.2999 9.14971 9.0302
threshold=0.98000001907348644 0.31942637264728552 0.24039407074451449 0.58318832516670238 0.04255660995841027 0.92000001668930065 0.24797465652227405 1.0000000180025095e-35 264.75207519531256 23.002199172973636 6.0219559669494638 5.6450889110565194 1.0000000180025095e-35 0.81999999284744274
decision_type=2 2 2 2 2 2 2 2 2 2 2 2 2 2
left_child=1 2 3 7 -5 6 -6 8 -1 10 11 -9 13 -11
right_child=-2 -3 -4 4 5 -7 -8 9 -10 12 -12 -13 -14 -15
leaf_value=0.010265213447171696 -0.0060889457000010963 -0.0043903105640137616 0.0033633959986886946 0.0012981815665032742 -0.0029551214166031597 -0.010128317173681111 0.0036493424687850553 0.0019031623262503565 -0.0013646611803379213 -0.00046909953248246448 -0.0044601705438609045 0.013358764568022452 0.0057910231730263486 -0.0025133653014043152
leaf_weight=189 533 548 837 8323 1007 138 520 1086 178 10695 167 120 185 2373
leaf_count=189 533 548 837 8323 1007 138 520 1086 178 10695 167 120 185 2373
internal_value=8.97357e-06 0.000133377 0.000230226 0.000124595 0.000829403 -0.00151079 -0.000701487 -0.000345052 0.00468204 -0.00047275 0.00216186 0.00309347 -0.000746406 -0.000841134
internal_weight=26899 26366 25818 24981 9988 1665 1527 14993 367 14626 1373 1206 13253 13068
internal_count=26899 26366 25818 24981 9988 1665 1527 14993 367 14626 1373 1206 13253 13068
is_linear=0
shrinkage=0.03


Tree=85
num_leaves=15
num_cat=0
split_feature=3 4 21 18 21 17 0 21 0 21 8 3 21 21
split_gain=17.3391 13.6867 18.13 12.017 11.5001 24.8328 13.597 10.7545 9.66922 9.45964 9.37911 11.1922 21.2456 13.3593
threshold=0.089825127273798003 0.00049804378068074595 127.38797760009767 5.5247972011566171 477.09057617187506 0.089999999850988402 4.6407568454742441 632.81069946289074 4.0010154247283944 152.85262298583987 0.41605456173419958 0.026645528152585033 454.34812927246099 159.37324523925784
decision_type=2 2 2 2 2 2 2 2 2 2 2 2 2 2
left_child=1 2 -1 -2 5 -3 -7 10 9 -5 -4 13 -13 -12
right_child=3 4 7 8 -6 6 -8 -9 -10 -11 11 12 -14 -15
leaf_value=-0.0020522315203823447 0.00020419838985482981 0.011825858957932462 0.00036050494722902806 -0.012568476159931161 -0.0013477559304010357 0.0010425679729516469 0.0081735138673023639 0.0047637756984378844 0.00020513266867895323 -0.00407568013009063 -0.0097523844673103356 -0.0021205775911770407 -0.015838756446041064 0.00033048696315312139
leaf_weight=4337 401 205 11265 245 1369 5937 246 439 151 237 124 419 130 1418
leaf_count=4337 401 205 11265 245 1369 5937 246 439 151 237 124 419 130 1418
internal_value=-6.28839e-05 8.96034e-05 -0.000361577 -0.00386288 0.00114379 0.00167839 0.00133266 0.000170498 -0.00642074 -0.00847728 1.7795e-05 -0.00182497 -0.00548259 -0.000509227
internal_weight=26923 25889 18132 1034 7757 6388 6183 13795 633 482 13356 2091 549 1542
internal_count=26923 25889 18132 1034 7757 6388 6183 13795 633 482 13356 2091 549 1542
is_linear=0
shrinkage=0.03


Tree=86
num_leaves=15
num_cat=0
split_feature=17 6 21 0 0 0 0 21 0 18 18 20 5 18
split_gain=12.9601 16.2022 10.3626 9.81292 13.5714 17.2313 10.7944 12.757 9.53661 9.36041 8.09154 9.73943 7.84902 11.4276
threshold=0.98000001907348644 0.21328212320804599 632.81069946289074 0.072595290839672103 0.93086954951286327 2.5816127061843877 4.5351233482360849 392.94615173339849 4.777416706085206 4.4452226161956796 2.8921549320220952 11.887799739837648 0.73998197913169872 6.3169298171997079
decision_type=2 2 2 2 2 2 2 2 2 2 2 2 2 2
left_child=2 -2 3 -1 -5 10 12 -8 -9 -4 -6 -12 -7 -14
right_child=1 -3 9 4 5 6 7 8 -10 -11 11 -13 13 -15
leaf_value=0.0036315853164118114 -0.013986304398138253 -0.0017075647825295418 0.0056361108266343041 -0.0029762148660860367 0.0089894440224611728 -0.00068020084230777675 0.0038591909153227605 0.0035142927209852967 -0.0061860759453265931 -0.0034282194991964239 -0.0048611814034457256 0.0018953500477602832 0.0021887028917699073 -0.0070433808354134772
leaf_weight=656 121 424 517 1364 132 16511 1077 143 235 124 197 3992 1546 126
leaf_count=656 121 424 517 1364 132 16511 1077 143 235 124 197 3992 1546 126
internal_value=2.2276e-05 -0.00453604 0.000116434 2.31007e-05 -7.10766e-05 9.49011e-05 -0.000282599 0.00219938 -0.00251839 0.00386967 0.0018089 0.00157219 -0.000481757 0.00147406
internal_weight=27165 545 26620 25979 25323 23959 19638 1455 378 641 4321 4189 18183 1672
internal_count=27165 545 26620 25979 25323 23959 19638 1455 378 641 4321 4189 18183 1672
is_linear=0
shrinkage=0.03


Tree=87
num_leaves=15
num_cat=0
split_feature=21 18 18 17 7 4 0 18 0 0 12 21 20 21
split_gain=25.988 22.4245 20.7757 10.982 8.72766 7.25775 8.41565 7.36294 15.567 13.9634 13.3032 12.3274 13.1997 12.5999
threshold=13.191074848175051 6.0345494747161874 6.3101017475128183 0.0099999997764825838 0.31942637264728552 0.075004734098911299 1.8815259337425234 4.9938595294952401 4.9940886497497567 4.839562416076661 1.0000000180025095e-35 392.94615173339849 35.518249511718757 569.15255737304699
decision_type=2 2 2 2 2 2 2 2 2 2 2 2 2 2
left_child=1 -1 -3 -2 5 7 -7 8 11 10 -9 12 -5 -13
right_child=3 2 -4 4 -6 6 -8 9 -10 -11 -12 13 -14 -15
leaf_value=-0.016963722401517715 0.0060323457842616276 0.0047888770244242816 -0.0077860344061029584 0.00755119147714578 -0.0039811162582970737 -0.0049800697187927087 0.0028568832106193095 -0.00066907310803031414 -0.0088257760227026544 0.0042904149117867652 0.0070194168994430362 -0.00083216775554858602 0.0015407251809779097 0.0026042904419766358
leaf_weight=131 263 183 316 452 499 132 1267 17091 144 542 200 3228 1186 1361
leaf_count=131 263 183 316 452 499 132 1267 17091 144 542 200 3228 1186 1361
internal_value=-0.000154034 -0.0061513 -0.00317264 -9.58834e-06 -7.16097e-05 5.3487e-06 0.00210234 -0.000116267 0.00075877 -0.000429008 -0.000578139 0.000987317 0.00321722 0.000188738
internal_weight=26995 630 499 26365 26102 25603 1399 24204 6371 17833 17291 6227 1638 4589
internal_count=26995 630 499 26365 26102 25603 1399 24204 6371 17833 17291 6227 1638 4589
is_linear=0
shrinkage=0.03


Tree=88
num_leaves=15
num_cat=0
split_feature=3 18 18 0 17 18 0 5 3 0 3 18 1 6
split_gain=16.6795 10.0243 9.30676 11.8308 9.81418 8.94033 22.6483 8.57952 11.5058 6.90893 6.6926 11.0523 13.4744 9.32828
threshold=0.089825127273798003 5.5328719615936288 5.8564896583557138 3.8392926454544072 0.76999998092651378 4.5173783302307138 4.3611650466918954 0.75867497920990001 0.040786622092127807 3.5416806936264043 0.062076412141323097 6.1151351928710946 0.010066657327115537 0.29070305824279791
decision_type=2 2 2 2 2 2 2 2 2 2 2 2 2 2
left_child=5 -2 -3 4 -4 6 -1 10 9 -9 -7 12 -12 -13
right_child=1 2 3 -5 -6 7 -8 8 -10 -11 11 13 -14 -15
leaf_value=0.0020622323029892103 5.2108063641709541e-05 -0.01114725230186648 0.00025231674379544466 0.0043983006683947319 -0.010534004538366571 -0.00034862357047183486 -0.0062950384820079693 0.0017672774685108992 -0.0038883075852936596 0.0064486040756977685 0.0042330896826287571 0.00057215946316516598 -0.0036029842656157248 0.010931545111670857
leaf_weight=3993 407 206 122 122 195 18965 310 1080 251 383 371 133 411 187
leaf_count=3993 407 206 122 122 195 18965 310 1080 251 383 371 133 411 187
internal_value=5.51368e-05 -0.00363933 -0.00595114 -0.0034148 -0.00644334 0.000204808 0.00145354 -4.21659e-05 0.00199194 0.0030106 -0.00021636 0.00205114 0.000117916 0.00670097
internal_weight=27136 1052 645 439 317 26084 4303 21781 1714 1463 20067 1102 782 320
internal_count=27136 1052 645 439 317 26084 4303 21781 1714 1463 20067 1102 782 320
is_linear=0
shrinkage=0.03


Tree=89
num_leaves=15
num_cat=0
split_feature=4 7 1 5 18 6 3 5 3 0 6 16 3 18
split_gain=12.7136 10.1276 10.9293 13.0642 12.197 19.0594 19.6524 9.48601 10.7838 8.97893 8.91579 9.5088 8.74295 8.90245
threshold=0.0064300291705876597 0.33359715342521673 0.0026521005202084784 0.49955224990844732 6.27632761001587 0.3681181818246842 0.071428865194320693 0.68801259994506847 0.083340637385845198 1.6446080803871157 0.21689374744892123 0.1036578342318535 0.027034118771553043 6.1210622787475595
decision_type=2 2 2 2 2 2 2 2 2 2 2 2 2 2
left_child=1 2 4 9 -1 6 -6 8 -2 -4 11 -9 -5 -14
right_child=7 -3 3 12 5 -7 -8 10 -10 -11 -12 -13 13 -15
leaf_value=0.0006056029136996292 0.00074960136724241445 -0.0058390580781231896 0.0049972606306895612 0.00049706275105939213 -0.0026034127415698622 0.0058115143774657681 -0.015086455123499034 -0.00076046818534137098 -0.0076143564154356252 -0.0032551789736939697 0.0067303622780656895 0.006964916901408949 -0.0032843242830157778 0.0018792532644618084
leaf_weight=10021 6073 302 120 3657 925 202 125 517 137 2596 460 193 1309 386
leaf_count=10021 6073 302 120 3657 925 202 125 517 137 2596 460 193 1309 386
internal_value=-3.39031e-05 -0.000432761 -0.000346857 -0.00118948 0.000256459 -0.00252938 -0.00415395 0.00102729 0.000559105 -0.00288205 0.00349933 0.00137355 -0.000328649 -0.00210636
internal_weight=27023 19643 19341 8068 11273 1252 1050 7380 6210 2716 1170 710 5352 1695
internal_count=27023 19643 19341 8068 11273 1252 1050 7380 6210 2716 1170 710 5352 1695
is_linear=0
shrinkage=0.03


Tree=90
num_leaves=15
num_cat=0
split_feature=3 18 12 0 0 4 6 21 18 18 5 18 0 18
split_gain=19.4536 13.0534 31.5649 17.0756 16.5866 12.6169 12.5165 12.3299 17.623 11.5036 11.3148 10.7585 17.3058 14.0562
threshold=0.089825127273798003 4.9938595294952401 1.0000000180025095e-35 4.839562416076661 4.9940886497497567 0.037774171680212028 0.33681304752826696 43.342350006103523 5.9301617145538339 6.3030354976654062 0.42918616533279424 5.7043433189392099 3.7406036853790288 5.335886001586915
decision_type=2 2 2 2 2 2 2 2 2 2 2 2 2 2
left_child=1 2 4 5 6 7 -1 8 -3 -10 -5 12 -9 -14
right_child=-2 3 -4 10 -6 -7 -8 11 9 -11 -12 -13 13 -15
leaf_value=0.0022172227645585944 -0.0040797366240853282 -0.0097929669478896419 -0.012742269538657765 -0.0026673058703865693 -0.007850383375602012 0.0015124206757482505 -0.0021008039487630989 -0.00045861050945856971 0.0016053499123872194 -0.0039323027170899069 0.0072657241798940167 0.00025935880929026729 -0.0006400448816207987 -0.0065056973226472331
leaf_weight=5984 1013 292 137 133 160 2611 668 4375 556 846 424 8172 614 916
leaf_count=5984 1013 292 137 133 160 2611 668 4375 556 846 424 8172 614 916
internal_value=-1.18023e-05 0.000148133 0.00125976 -0.000259965 0.00155051 -0.000417343 0.00178235 -0.000737207 -0.00315144 -0.0017383 0.00489129 -0.000445666 -0.00142075 -0.00416152
internal_weight=26901 25888 6949 18939 6812 18382 6652 15771 1694 1402 557 14077 5905 1530
internal_count=26901 25888 6949 18939 6812 18382 6652 15771 1694 1402 557 14077 5905 1530
is_linear=0
shrinkage=0.03


Tree=91
num_leaves=15
num_cat=0
split_feature=21 5 18 5 16 6 18 0 8 18 18 0 1 18
split_gain=13.2443 14.8488 12.1876 9.64209 13.8423 11.1064 12.7279 19.1004 14.4086 12.9415 10.9764 16.5433 15.4247 13.3082
threshold=7.2487499713897714 0.53653091192245495 2.1100602149963383 0.59117040038108837 0.30609922111034399 0.31345821917057043 6.1151351928710946 3.0769239664077763 0.35895614326000219 5.8971426486969003 6.1210622787475595 2.2553540468215947 0.031260665506124503 6.3960435390472421
decision_type=2 2 2 2 2 2 2 2 2 2 2 2 2 2
left_child=1 -1 -2 4 -4 10 9 -8 -9 -7 -5 -12 13 -13
right_child=2 -3 3 5 -6 6 7 8 -10 -11 11 12 -14 -15
leaf_value=0.0016488147091468887 0.005930746400624195 -0.011268140135619503 -0.00053099988515370119 -0.00010790418698139361 0.0079517404247607497 0.0032195261497399768 -0.0096305723213934453 -0.0027998832835640004 0.011152309613147129 0.011630178152639919 0.011511246458259084 0.001311870489497034 0.0068869209586326693 -0.0077894293592864093
leaf_weight=134 311 190 16334 7333 170 655 144 138 121 218 167 699 345 177
leaf_count=134 311 190 16334 7333 170 655 144 138 121 218 167 699 345 177
internal_value=5.25667e-07 -0.00598207 7.39221e-05 4.08411e-06 -0.000441241 0.000739123 0.0033476 -0.00105428 0.00380609 0.00537405 0.000355769 0.00279701 0.00156305 -0.000560862
internal_weight=27136 324 26812 26501 16504 9997 1276 403 259 873 8721 1388 1221 876
internal_count=27136 324 26812 26501 16504 9997 1276 403 259 873 8721 1388 1221 876
is_linear=0
shrinkage=0.03


Tree=92
num_leaves=15
num_cat=0
split_feature=18 20 6 8 1 18 16 6 0 8 5 7 1 7
split_gain=17.2034 13.658 16.7242 12.3334 11.8486 16.0232 10.4236 12.3366 10.1516 9.19013 13.096 11.0452 9.03576 9.56984
threshold=6.27632761001587 31.290499687194828 0.39518135786056524 0.3958327472209931 0.025332381017506126 6.127253770828248 0.012047582771629097 0.29365825653076177 2.5641032457351689 0.43576154112815862 0.58318832516670238 0.081384781748056426 0.031260665506124503 0.049664070829749114
decision_type=2 2 2 2 2 2 2 2 2 2 2 2 2 2
left_child=4 -2 12 -4 9 8 -7 -8 -6 -1 11 -11 13 -3
right_child=1 2 3 -5 5 6 7 -9 -10 10 -12 -13 -14 -15
leaf_value=0.00082341852440160615 -0.0095954098477336949 -0.0055642761504960435 0.00010029744122487804 0.011814738821485661 0.0015150993608140794 0.0056246273830414606 0.0044729855791420525 -0.0078308542921621035 -0.0018811749798777445 0.0002120570110805155 0.0036650551071826126 -0.0049070069172125674 0.00062896962248640308 -0.00098317461110538273
leaf_weight=15159 210 1026 220 123 924 517 147 137 5408 687 367 841 566 686
leaf_count=15159 210 1026 220 123 924 517 147 137 5408 687 367 841 566 686
internal_value=-0.000111436 -0.00232199 -0.00172207 0.0044105 0.000147728 -0.00087858 0.00310666 -0.00149511 -0.00138477 0.000577123 -0.0013901 -0.00261225 -0.00265309 -0.00373683
internal_weight=27018 2831 2621 343 24187 7133 801 284 6332 17054 1895 1528 2278 1712
internal_count=27018 2831 2621 343 24187 7133 801 284 6332 17054 1895 1528 2278 1712
is_linear=0
shrinkage=0.03


Tree=93
num_leaves=15
num_cat=0
split_feature=18 6 0 8 21 8 3 0 0 5 0 18 21 0
split_gain=14.2956 18.0389 11.9787 11.6934 11.2471 15.5838 14.2509 13.7074 10.9638 9.8148 11.9393 10.4505 19.131 23.2393
threshold=6.2497580051422128 0.061232291162014015 1.7856748104095461 0.33131550252437597 165.68334960937503 0.30931656062603002 0.00083872635150328289 2.6061190366745 2.800003290176392 0.35802936553955084 1.1846225857734682 6.0408840179443368 206.65666961669925 2.6596298217773442
decision_type=2 2 2 2 2 2 2 2 2 2 2 2 2 2
left_child=3 -2 -3 -1 5 7 -7 -4 -8 -5 -11 12 -12 -14
right_child=1 2 4 9 -6 6 8 -9 -10 10 11 -13 13 -15
leaf_value=0.00089775013425133455 -0.00868816448222327 0.005528561909962133 0.0026039078838324971 -0.0030053087887470607 0.0061822010743086252 -0.003061315011210753 -0.0054973074196641393 -0.0064808329638819826 0.0040951756846366654 -0.0088178042203504985 -0.0030761906008542196 0.0022222698986640302 0.0039906252107612082 -0.00049681351337665654
leaf_weight=11829 311 219 177 1195 150 808 123 880 670 136 1921 1574 1255 5908
leaf_count=11829 311 219 177 1195 150 808 123 880 670 136 1921 1574 1255 5908
internal_value=-2.90734e-05 -0.0018662 -0.00115213 0.00022873 -0.00168206 -0.00213665 -0.000266663 -0.00495445 0.00258219 -0.00043146 -0.00014525 -3.05026e-05 -0.000421852 0.000291648
internal_weight=27156 3338 3027 23818 2808 2658 1601 1057 793 11989 10794 10658 9084 7163
internal_count=27156 3338 3027 23818 2808 2658 1601 1057 793 11989 10794 10658 9084 7163
is_linear=0
shrinkage=0.03


Tree=94
num_leaves=15
num_cat=0
split_feature=7 18 8 21 3 4 21 1 21 8 0 18 6 5
split_gain=13.3245 9.30587 10.3486 10.3513 12.6158 8.58964 13.4665 10.3737 8.07316 10.546 10.499 10.6646 17.1245 11.9889
threshold=0.31942637264728552 6.3538272380828866 0.33706641197204595 116.33167266845705 0.057714615017175681 0.00049804378068074595 632.81069946289074 0.062228370457887656 427.21627807617193 0.25369866192340856 4.6407568454742441 4.9938595294952401 0.22265208512544635 0.67951688170433056
decision_type=2 2 2 2 2 2 2 2 2 2 2 2 2 2
left_child=1 5 3 4 -3 6 -1 8 10 -10 11 -7 -13 -14
right_child=-2 2 -4 -5 -6 7 -8 -9 9 -11 -12 12 13 -15
leaf_value=-0.00022257644022205205 -0.0044203275645526303 -0.0034518139964411997 0.0010166590130617841 0.0036480591547600246 -0.013077809347494229 0.0050783327393340155 0.0050524190952610723 -0.003534470086481516 0.005118623033746046 -0.0013654448861360074 0.0087003340522341169 -0.0024101976350020056 0.0015365886298056401 0.0073585201726459586
leaf_weight=17023 588 756 620 139 143 726 442 399 262 1457 198 940 2926 353
leaf_count=17023 588 756 620 139 143 726 442 399 262 1457 198 940 2926 353
internal_value=2.69445e-05 0.000126876 -0.00204547 -0.00387059 -0.00504684 0.000272927 -8.76703e-05 0.00113974 0.0014139 -0.000365202 0.00200833 0.00173186 0.00115068 0.0021736
internal_weight=26972 26384 1658 1038 899 24726 17465 7261 6862 1719 5143 4945 4219 3279
internal_count=26972 26384 1658 1038 899 24726 17465 7261 6862 1719 5143 4945 4219 3279
is_linear=0
shrinkage=0.03


Tree=95
num_leaves=15
num_cat=0
split_feature=17 3 18 4 13 6 0 18 5 5 12 0 17 6
split_gain=14.3122 11.6166 8.25625 9.82259 11.0923 9.02601 8.83439 10.8153 11.14 8.05961 9.40265 11.3381 11.362 16.8158
threshold=0.99000000953674328 0.074084270745515837 4.4452226161956796 0.088241845369339003 1.0000000180025095e-35 0.1133195459842682 4.839562416076661 5.443779945373536 0.45423771440982824 0.61737734079360973 1.0000000180025095e-35 3.6423991918563847 0.82999998331069957 0.3978018462657929
decision_type=2 2 2 2 2 2 2 2 2 2 2 2 2 2
left_child=1 2 3 4 -1 -6 9 -8 -9 10 11 12 -4 -14
right_child=-2 -3 6 -5 5 -7 7 8 -10 -11 -12 -13 13 -15
leaf_value=0.0016223432171344778 -0.0070181819903379914 -0.0024004486233281039 0.00039879200987185564 0.0081080042717880333 -0.0080522203015382671 0.0019538868451830899 -0.0025496118148612616 -0.0012332938841138859 0.0093837216366747644 0.00073906862769682123 0.0058970112361903509 -0.0019847559894230413 -0.0035077596082092812 0.0034878289098065197
leaf_weight=3409 257 1658 8072 185 199 132 180 126 289 6340 196 4014 1579 380
leaf_count=3409 257 1658 8072 185 199 132 180 126 289 6340 196 4014 1579 380
internal_value=-4.05382e-05 2.77754e-05 0.000188613 0.00145146 0.0011118 -0.00409217 -4.5744e-05 0.00354262 0.00618393 -0.00015032 -0.00054639 -0.000638375 -9.88874e-05 -0.00214535
internal_weight=27016 26759 25101 3925 3740 331 21176 595 415 20581 14241 14045 10031 1959
internal_count=27016 26759 25101 3925 3740 331 21176 595 415 20581 14241 14045 10031 1959
is_linear=0
shrinkage=0.03


Tree=96
num_leaves=15
num_cat=0
split_feature=21 16 4 7 18 6 21 0 4 0 0 0 21 7
split_gain=12.5678 16.3908 16.1256 11.1121 13.7003 9.28162 9.20759 9.69205 9.84243 8.63786 9.6797 7.5179 8.10972 10.479
threshold=38.725650787353523 0.12620338052511218 0.051965976133942611 0.058986142277717597 5.9699065685272226 0.14641568064689639 632.81069946289074 0.072595290839672103 0.00049804378068074595 1.367871940135956 2.3479084968566899 3.4147118330001835 193.73594665527347 0.05780602619051934
decision_type=2 2 2 2 2 2 2 2 2 2 2 2 2 2
left_child=1 2 3 5 -5 -1 7 -2 11 -10 -11 12 -9 -14
right_child=6 -3 -4 4 -6 -7 -8 8 9 10 -12 -13 13 -15
leaf_value=-0.0075625973253220296 0.0037958348841920235 -0.0099829741600816219 0.0088044901838822461 -0.013866761810797499 -0.0028710200304023761 0.0009449303460417833 0.0037561524134920123 -0.0011060677111989895 -0.0067020155087005916 0.0050137800257884502 0.00079277950434984332 -0.0011206539261673664 -0.00011476629744490329 0.0023615794142177841
leaf_weight=128 633 215 127 128 455 868 648 3044 125 523 6671 6804 4359 2371
leaf_count=128 633 215 127 128 455 868 648 3044 125 523 6671 6804 4359 2371
internal_value=6.16347e-05 -0.0022741 -0.00127625 -0.00211228 -0.00538257 -0.000180721 0.00024026 0.000146635 4.91988e-05 0.00096513 0.00110291 -0.000355343 0.000177715 0.000758764
internal_weight=27099 1921 1706 1579 583 996 25178 24530 23897 7319 7194 16578 9774 6730
internal_count=27099 1921 1706 1579 583 996 25178 24530 23897 7319 7194 16578 9774 6730
is_linear=0
shrinkage=0.03


Tree=97
num_leaves=15
num_cat=0
split_feature=17 4 5 7 6 17 18 16 18 5 6 17 7 6
split_gain=10.716 10.0573 8.00685 7.2775 8.03887 7.21485 8.28653 18.6895 17.271 18.3991 16.632 13.07 15.3161 12.5534
threshold=0.99000000953674328 0.034731552004814155 0.55138590931892406 0.31942637264728552 0.41753822565078741 0.0099999997764825838 5.8634920120239267 0.040192279964685447 6.2059640884399423 0.64921772480010997 0.36614634096622473 0.68999999761581432 0.074851002544164671 0.15481058508157733
decision_type=2 2 2 2 2 2 2 2 2 2 2 2 2 2
left_child=1 3 -2 5 -5 -1 11 8 -8 10 -10 12 13 -7
right_child=2 -3 -4 4 -6 6 7 -9 9 -11 -12 -13 -14 -15
leaf_value=0.0057078856844162444 -0.00042981775519861413 0.0014310985154084102 -0.010797996763139963 -0.00084320203980666353 -0.0093424444891200015 0.00070307461651347171 0.0030358765997826297 -0.0013958166029511391 -0.003315598545061191 0.005329381289612271 0.0038277666655090201 -0.0041534867466162442 0.0012376869656051585 -0.0017363950356099086
leaf_weight=186 127 4165 138 268 156 2683 3211 2744 1362 398 369 865 3827 6469
leaf_count=186 127 4165 138 268 156 2683 3211 2744 1362 398 369 865 3827 6469
internal_value=1.75589e-05 7.76721e-05 -0.00592907 -0.000172702 -0.00404272 -9.76032e-05 -0.000148137 0.000614808 0.00164832 -0.000446625 -0.0017862 -0.000593709 -0.000354955 -0.00102125
internal_weight=26968 26703 265 22538 424 22114 21928 8084 5340 2129 1731 13844 12979 9152
internal_count=26968 26703 265 22538 424 22114 21928 8084 5340 2129 1731 13844 12979 9152
is_linear=0
shrinkage=0.03


Tree=98
num_leaves=15
num_cat=0
split_feature=3 18 0 17 4 0 18 18 0 0 6 17 0 0
split_gain=13.5816 10.1841 10.1484 10.4351 8.56424 11.6374 11.7558 10.329 10.6086 10.8516 20.3901 10.8035 9.69629 9.52217
threshold=0.090912263840436949 5.4061930179595956 4.0010154247283944 0.76999998092651378 0.080517772585153594 2.5641032457351689 2.8921549320220952 4.0828621387481698 1.0586304068565371 1.451657831668854 0.32273921370506292 0.86000001430511486 0.099503494799137129 2.1231464147567753
decision_type=2 2 2 2 2 2 2 2 2 2 2 2 2 2
left_child=4 -2 3 -3 5 6 -1 -8 11 10 -10 12 -9 -6
right_child=1 2 -4 -5 13 -7 7 8 9 -11 -12 -13 -14 -15
leaf_value=0.0074509294906484648 0.0007655385038745937 -0.0038229607920158668 0.00071839046270280615 -0.012634521642520928 -0.0043133732550720708 -0.00045932174747742588 -0.0033944063119310313 0.0027138099371742104 0.01272200391688953 0.0015946007967118532 -0.0021775604365393518 -0.0057029288674402198 -0.0019073212719223998 0.003451402739844961
leaf_weight=243 330 277 167 219 159 18805 484 802 216 3033 130 309 823 1090
leaf_count=243 330 277 167 219 159 18805 484 802 216 3033 130 309 823 1090
internal_value=-0.000100625 -0.00353526 -0.00566564 -0.00780081 3.07318e-05 -9.1341e-05 0.00105377 0.000779419 0.00116248 0.00217553 0.00717263 -0.000608529 0.000374713 0.00244968
internal_weight=27087 993 663 496 26094 24845 6040 5797 5313 3379 346 1934 1625 1249
internal_count=27087 993 663 496 26094 24845 6040 5797 5313 3379 346 1934 1625 1249
is_linear=0
shrinkage=0.03


Tree=99
num_leaves=15
num_cat=0
split_feature=21 5 4 21 7 7 21 5 1 7 5 1 5 1
split_gain=12.8553 13.2186 9.42506 13.0934 10.5596 10.2882 12.293 9.99912 9.62317 7.58403 7.53931 9.57727 7.83342 7.28051
threshold=7.2487499713897714 0.53653091192245495 0.00049804378068074595 592.66882324218761 0.35314604640007025 0.14012897014617923 198.06172180175784 0.82987239956855785 0.060296500101685531 0.030053545720875267 0.32581056654453283 0.00097628889488987635 0.2757838517427445 0.0065335873514413842
decision_type=2 2 2 2 2 2 2 2 2 2 2 2 2 2
left_child=1 -1 3 4 5 -2 -7 8 10 -10 11 12 -4 -12
right_child=2 -3 7 -5 -6 6 -8 -9 9 -11 13 -13 -14 -15
leaf_value=0.0011186948977410793 -0.00072693827312255983 -0.011147877227841937 0.0044607125965965191 0.0031496148130843232 -0.0072812418767942786 -0.0013365409574550339 0.0031851457816474923 0.0079760147439382444 0.0012361849931123861 -0.0065515210396025645 0.00046379674619758245 -0.0090803129116251869 -0.0049266267009557873 0.0024723760588103508
leaf_weight=135 15412 183 172 911 201 880 1391 170 185 277 4221 141 141 2638
leaf_count=135 15412 183 172 911 201 880 1391 170 185 277 4221 141 141 2638
internal_value=-5.45201e-05 -0.00600366 1.7338e-05 -0.000348855 -0.000527895 -0.000449094 0.00143393 0.000883293 0.000723184 -0.00345322 0.000989209 -0.00273522 0.000220939 0.00123754
internal_weight=27058 318 26740 18795 17884 17683 2271 7945 7775 462 7313 454 313 6859
internal_count=27058 318 26740 18795 17884 17683 2271 7945 7775 462 7313 454 313 6859
is_linear=0
shrinkage=0.03


Tree=100
num_leaves=15
num_cat=0
split_feature=4 5 1 17 2 5 7 1 17 18 7 0 4 4
split_gain=10.2641 11.0174 10.712 9.59479 9.01499 8.99604 8.92076 9.54322 11.0137 10.1539 16.921 7.87786 7.68055 7.76984
threshold=0.00049804378068074595 0.57753697037696849 0.068979550153017058 0.98000001907348644 0.52108567953109752 0.49539588391780859 0.19383959472179416 0.0059614947531372317 0.53000000119209301 4.4698133468627939 0.060225138440728194 4.6407568454742441 0.028556586243212227 0.018869070336222652
decision_type=2 2 2 2 2 2 2 2 2 2 2 2 2 2
left_child=3 4 6 -1 11 -5 7 9 12 10 -3 -2 13 -9
right_child=1 2 -4 5 -6 -7 -8 8 -10 -11 -12 -13 -14 -15
leaf_value=-0.0002127243319625404 -0.00052565969234957366 0.0113061966272071 -0.0058533729078314662 0.001194423038891896 0.0068985731710510491 -0.007619754779380216 0.0081694063691014167 0.00061423206291571781 0.0077773758634832333 -0.00023131487986443621 -0.0020620498617497942 0.005414293790898193 -0.0010455420027393847 0.010838569134566222
leaf_weight=18723 4217 190 135 157 160 298 238 138 478 1491 149 206 370 126
leaf_count=18723 4217 190 135 157 160 298 238 138 478 1491 149 206 370 126
internal_value=5.69047e-05 0.00096675 0.0022828 -0.000317948 1.33708e-05 -0.00459845 0.00263685 0.00217617 0.00436176 0.00083984 0.00548591 -0.000243207 0.00174587 0.00560479
internal_weight=27076 7898 3315 19178 4583 455 3180 2942 1112 1830 339 4423 634 264
internal_count=27076 7898 3315 19178 4583 455 3180 2942 1112 1830 339 4423 634 264
is_linear=0
shrinkage=0.03


Tree=101
num_leaves=15
num_cat=0
split_feature=18 20 7 1 5 18 18 16 8 18 17 3 8 8
split_gain=11.6676 10.8823 10.0505 8.55393 13.3118 9.01484 14.2578 14.8384 16.8394 12.1588 16.8355 9.86842 9.28261 8.65222
threshold=6.3691570758819589 66.849914550781264 0.10247698426246644 0.025332381017506126 0.43779082596302038 6.127253770828248 6.0090038776397714 0.0057225895579904327 0.3271633386611939 5.8899786472320566 0.70999997854232799 0.027623572386801246 0.34791569411754614 0.42745207250118261
decision_type=2 2 2 2 2 2 2 2 2 2 2 2 2 2
left_child=3 -2 -3 -1 -5 6 9 8 -8 11 -11 13 -13 -6
right_child=1 2 -4 4 5 -7 7 -9 -10 10 -12 12 -14 -15
leaf_value=0.00052310073229711214 -0.0091454745071693037 -0.0028833727386063835 0.0035922898845541676 -0.0032212767940137895 -0.00016710377918297383 0.0025279265665920378 -0.0096763089627330719 -0.01189434473882936 0.0043133740631633045 0.00079625385061372076 0.01373500111882525 -0.00031288664620628749 -0.005429420256162284 0.0049060944398339875
leaf_weight=18025 191 1044 267 1484 2509 1008 124 188 189 295 126 678 599 339
leaf_count=18025 191 1044 267 1484 2509 1008 124 188 189 295 126 678 599 339
internal_value=1.70432e-05 -0.00254815 -0.00155589 0.000168229 -0.000680019 -5.50463e-05 -0.000572916 -0.00534992 -0.00129387 -4.11585e-05 0.00478442 -0.000538856 -0.0027247 0.000444303
internal_weight=27066 1502 1311 25564 7539 6055 5047 501 313 4546 421 4125 1277 2848
internal_count=27066 1502 1311 25564 7539 6055 5047 501 313 4546 421 4125 1277 2848
is_linear=0
shrinkage=0.03


Tree=102
num_leaves=15
num_cat=0
split_feature=7 4 0 5 8 21 17 0 7 0 5 0 5 20
split_gain=9.9473 8.63324 14.5657 10.0296 8.91873 8.63466 9.26442 7.67432 8.67942 12.1071 10.7122 11.426 12.7731 9.35007
threshold=0.31942637264728552 0.089866023510694518 1.8345034122467043 0.56543788313865673 0.30755393207073217 632.81069946289074 0.099999997764825835 2.533472061157227 0.010229330509901048 0.092653002589941039 0.8213060498237611 1.0586304068565371 0.6293204426765443 7.1029000282287607
decision_type=2 2 2 2 2 2 2 2 2 2 2 2 2 2
left_child=1 5 -3 4 -4 7 -7 8 9 -1 11 12 -10 -13
right_child=-2 2 3 -5 -6 6 -8 -9 10 -11 -12 13 -14 -15
leaf_value=0.0020625574230607666 -0.0039586838602925179 -0.0068576297658355899 -0.005014982241096394 0.0074426857320787874 0.0039573344858737465 0.0053563724804733164 -0.003867400474296883 -0.00052134252693543219 0.00039626676168919136 -0.0024791435960661175 0.0079278764490030018 -0.005115253683572343 -0.011564050612172909 0.0022186526875696121
leaf_weight=852 591 120 146 413 289 464 120 19031 221 1373 224 161 121 2811
leaf_count=852 591 120 146 413 289 464 120 19031 221 1373 224 161 121 2811
internal_value=-0.000126085 -3.93767e-05 0.00273385 0.00412337 0.000923168 -0.000145674 0.00344434 -0.000230911 0.000727794 -0.000739304 0.00165017 0.00121455 -0.00394096 0.00181343
internal_weight=26937 26346 968 848 435 25378 584 24794 5763 2225 3538 3314 342 2972
internal_count=26937 26346 968 848 435 25378 584 24794 5763 2225 3538 3314 342 2972
is_linear=0
shrinkage=0.03


Tree=103
num_leaves=15
num_cat=0
split_feature=3 0 18 21 0 21 21 7 8 7 6 0 3 7
split_gain=13.4464 16.1828 12.7688 14.7273 13.9671 12.2262 10.7103 17.8185 11.4388 10.3613 9.66548 9.01745 12.9199 9.21924
threshold=0.076053604483604445 4.0263161659240732 4.5173783302307138 573.66345214843761 4.777416706085206 353.24020385742193 578.26361083984386 0.05615686625242234 0.31536316871643072 0.033497868105769164 0.061232291162014015 2.5641032457351689 0.024986144155263904 0.1157716177403927
decision_type=2 2 2 2 2 2 2 2 2 2 2 2 2 2
left_child=2 -2 4 11 5 10 -7 -8 -9 -3 -1 12 13 -4
right_child=1 9 3 -5 -6 6 7 8 -10 -11 -12 -13 -14 -15
leaf_value=0.011526021901935262 -0.0044822416953696383 -0.003243590636692684 0.00099428419739220155 -0.0068722527175999193 -0.0077591230646789182 -8.2376242805787546e-05 0.0067026285779132029 0.0051462804391356138 -0.0039012502326132275 0.0063365185379175605 0.0034164460885806329 -0.00046235935185813385 0.0054829596080318357 -0.003080700527767934
leaf_weight=175 1199 169 3951 289 134 2194 664 192 343 241 528 15825 513 567
leaf_count=175 1199 169 3951 289 134 2194 664 192 343 241 528 15825 513 567
internal_value=-7.24067e-05 -0.00272752 9.64553e-05 -0.000204643 0.00160005 0.00191532 0.00116513 0.00343874 -0.0006367 0.00239614 0.00550233 -0.000110625 0.000995115 0.000480041
internal_weight=26984 1609 25375 21145 4230 4096 3393 1199 535 410 703 20856 5031 4518
internal_count=26984 1609 25375 21145 4230 4096 3393 1199 535 410 703 20856 5031 4518
is_linear=0
shrinkage=0.03


Tree=104
num_leaves=15
num_cat=0
split_feature=4 16 5 18 7 18 18 21 0 5 20 7 0 5
split_gain=10.8961 11.8522 9.97525 8.98419 10.366 7.6373 11.9667 6.06447 14.1096 15.6864 10.643 8.4662 15.7353 15.6494
threshold=0.071421429514884963 0.068541556596755995 0.62159588932991039 3.029971837997437 0.037399979308247573 5.434978961944581 6.1457207202911386 30.310575485229496 1.2894383668899538 0.73652607202529918 119.98374938964845 0.05960552021861077 3.2608754634857182 0.48887714743614202
decision_type=2 2 2 2 2 2 2 2 2 2 2 2 2 2
left_child=3 5 -3 4 -1 -2 -7 8 -5 10 -10 -12 -13 -14
right_child=1 2 -4 7 -6 6 -8 -9 9 -11 11 12 13 -15
leaf_value=0.0068596105004163008 -0.0017699354803946939 0.0028540743631532504 0.011650132554016491 -0.011603626426915788 0.00025957642971715007 0.0055914260634197695 -0.0036110999884366403 -0.00012835927214779021 -0.0063644707504180121 -0.010297056883881916 0.003698229177039629 -0.0092607976880747303 -0.0052300280640470076 0.0091412465512513402
leaf_weight=343 573 310 185 124 558 447 173 23192 193 146 551 158 122 143
leaf_count=343 573 310 185 124 558 447 173 23192 193 146 551 158 122 143
internal_value=1.66524e-05 0.00234736 0.00622512 -0.00013788 0.00279612 0.000719137 0.00301528 -0.00024576 -0.00213349 -0.0011985 -2.11339e-05 0.0012619 -0.0019178 0.00255071
internal_weight=27218 1688 495 25530 901 1193 620 24629 1437 1313 1167 974 423 265
internal_count=27218 1688 495 25530 901 1193 620 24629 1437 1313 1167 974 423 265
is_linear=0
shrinkage=0.03


Tree=105
num_leaves=15
num_cat=0
split_feature=3 18 0 21 7 5 0 8 0 7 3 20 21 6
split_gain=8.3828 10.9565 11.7791 12.5415 6.77035 6.50509 11.8024 11.3141 8.52265 8.28246 8.16689 18.9269 9.65738 13.4356
threshold=0.090912263840436949 5.5328719615936288 4.0010154247283944 200.13884735107425 0.31942637264728552 0.59273099899292003 1.0586304068565371 0.47724147140979772 1.451657831668854 0.20166330784559253 0.040786622092127807 39.212150573730476 367.83059692382818 0.28875081241130834
decision_type=2 2 2 2 2 2 2 2 2 2 2 2 2 2
left_child=4 -2 3 -3 5 -1 -7 8 -8 10 -10 -12 13 -13
right_child=1 2 -4 -5 -6 6 7 -9 9 -11 11 12 -14 -15
leaf_value=-6.9994747941333523e-05 0.0013222084204773054 -0.011127377212598768 0.0027808697801730673 -0.0010912737695848882 -0.0030027654400989626 -0.0052755700759451185 0.0078927814513207618 0.0091130044597845794 0.0010283036585564832 0.0051680743801783341 -0.010184488561864082 -0.0041065379900893694 0.0045398267402168221 0.0050913112884124062
leaf_weight=16087 392 289 131 183 567 264 152 151 7303 376 190 566 296 186
leaf_count=16087 392 289 131 183 567 264 152 151 7303 376 190 566 296 186
internal_value=0.000122199 -0.00257349 -0.00509607 -0.00728849 0.000225289 0.000297439 0.000920399 0.00110057 0.000962218 0.000839722 0.000646263 -0.00160248 -5.60768e-06 -0.00181294
internal_weight=27133 995 603 472 26138 25571 9484 9220 9069 8917 8541 1238 1048 752
internal_count=27133 995 603 472 26138 25571 9484 9220 9069 8917 8541 1238 1048 752
is_linear=0
shrinkage=0.03


Tree=106
num_leaves=15
num_cat=0
split_feature=4 0 3 8 5 21 6 21 0 20 21 18 21 8
split_gain=11.4254 12.0472 10.383 11.5365 10.637 10.1387 9.78561 11.4903 9.3723 9.25611 13.863 9.10048 9.87142 14.6195
threshold=0.075004734098911299 1.8345034122467043 0.04255660995841027 0.33284148573875433 0.35802936553955084 13.191074848175051 1.0000000180025095e-35 462.67431640625006 2.2777954339981084 105.45822525024415 503.73527526855474 6.1939525604248056 243.35935211181643 0.32453075051307684
decision_type=2 2 2 2 2 2 2 2 2 2 2 2 2 2
left_child=2 -2 3 9 8 -4 7 -6 -5 -1 11 12 -11 -14
right_child=1 -3 5 4 6 -7 -8 -9 -10 10 -12 -13 13 -15
leaf_value=0.0021058558767094882 -0.0059893749492543743 0.0033482155862206084 -0.0074291167465583754 0.0026469240775777699 0.01079685569161839 -0.0011488838429377609 -0.00049120749856096163 0.00058083823414803557 -0.0047688621639405265 0.0024978657056099226 -0.0054747055971116959 -0.0014575297202832952 -0.00062886218306440792 0.0073133345325787861
leaf_weight=3356 132 1386 241 183 146 3964 9037 290 861 2462 362 1639 2855 220
leaf_count=3356 132 1386 241 183 146 3964 9037 290 861 2462 362 1639 2855 220
internal_value=-5.2e-06 0.00251925 -0.000155261 0.000112511 -0.000596088 -0.00151722 -0.000278521 0.00408543 -0.00346255 0.000796548 0.00021262 0.000503135 0.0010843 -4.96901e-05
internal_weight=27134 1518 25616 21411 10517 4205 9473 436 1044 10894 7538 7176 5537 3075
internal_count=27134 1518 25616 21411 10517 4205 9473 436 1044 10894 7538 7176 5537 3075
is_linear=0
shrinkage=0.03


Tree=107
num_leaves=15
num_cat=0
split_feature=18 17 5 4 0 7 20 7 20 17 6 5 7 3
split_gain=12.0178 10.6054 12.8321 8.63806 10.5283 6.33201 7.64186 7.30163 14.1539 7.05595 6.50673 5.20157 11.1015 9.69126
threshold=2.1100602149963383 0.99000000953674328 0.57061666250228893 0.075004734098911299 1.8815259337425234 0.33359715342521673 36.890451431274421 0.24039407074451449 70.532848358154311 0.57999998331069957 0.28771443665027624 0.58187112212181102 0.20166330784559253 0.042163800448179252
decision_type=2 2 2 2 2 2 2 2 2 2 2 2 2 2
left_child=-1 3 -3 5 -5 7 -7 11 -9 -8 -10 -2 13 -13
right_child=1 2 -4 4 -6 6 9 8 10 -11 -12 12 -14 -15
leaf_value=0.0057421984569366582 -0.00053542820817281125 0.00049812405935621695 -0.012613572237130843 -0.0055636541361094149 0.0030363476960403668 -0.01000915765184909 0.0038321479400120939 -0.0027486300494848296 0.01135551117988693 -0.0053679506313400686 0.0036075808056567262 0.0006500668478971669 0.0067668252784226614 -0.0018777439025892079
leaf_weight=320 14138 135 128 137 1341 120 135 286 124 157 439 7764 233 1651
leaf_count=320 14138 135 128 137 1341 120 135 286 124 157 439 7764 233 1651
internal_value=7.98599e-06 -6.15717e-05 -0.00599951 -1.57643e-06 0.00222312 -0.000133271 -0.00379917 -7.12036e-05 0.0026543 -0.00112157 0.00539899 -0.000169023 0.000367899 0.000206032
internal_weight=27108 26788 263 26525 1478 25047 412 24635 849 292 563 23786 9648 9415
internal_count=27108 26788 263 26525 1478 25047 412 24635 849 292 563 23786 9648 9415
is_linear=0
shrinkage=0.03


Tree=108
num_leaves=15
num_cat=0
split_feature=4 21 18 21 5 0 18 5 8 6 18 21 18 8
split_gain=9.15742 15.1334 13.094 10.3268 9.86288 16.6258 8.87846 7.82685 10.8757 8.94248 8.14 7.72916 8.11575 9.9261
threshold=0.00049804378068074595 578.26361083984386 4.5415291786193857 28.289275169372562 0.71295815706253063 2.228195428848267 6.3030354976654062 0.68801259994506847 0.24400313943624499 0.21967655420303348 4.8856325149536142 435.44612121582037 4.3368725776672372 0.28426924347877508
decision_type=2 2 2 2 2 2 2 2 2 2 2 2 2 2
left_child=1 3 -3 4 5 -1 -7 11 -9 10 -10 -2 13 -13
right_child=7 2 -4 -5 -6 6 -8 8 9 -11 -12 12 -14 -15
leaf_value=-0.01090937527104842 0.001013798139218386 0.0043867759105729329 -0.0042396842771160754 -0.00036497570801877959 -0.010044646478824996 0.0030646698830388182 -0.0033453198485161608 0.0080608067296467391 0.0038405622106000054 0.0046963698773885539 -0.0035998903151681239 0.0069985750783234831 -0.0035365495703938276 -0.0011309807037658463
leaf_weight=156 5128 968 185 16925 164 365 405 291 200 440 369 174 782 548
leaf_count=156 5128 968 185 16925 164 365 405 291 200 440 369 174 782 548
internal_value=2.05445e-05 -0.000334212 0.00299032 -0.000547761 -0.00337133 -0.00214185 -0.000306649 0.0008775 0.00300141 0.00150971 -0.000973944 0.000459225 -0.00142873 0.000862878
internal_weight=27100 19168 1153 18015 1090 926 770 7932 1300 1009 569 6632 1504 722
internal_count=27100 19168 1153 18015 1090 926 770 7932 1300 1009 569 6632 1504 722
is_linear=0
shrinkage=0.03


Tree=109
num_leaves=15
num_cat=0
split_feature=3 18 4 8 8 0 3 6 20 20 5 1 18 1
split_gain=11.555 9.13674 7.58083 7.19047 6.62551 8.00035 11.9918 7.82382 8.01979 12.4472 10.1633 8.96259 7.55606 7.32342
threshold=0.089825127273798003 2.1100602149963383 0.00049804378068074595 0.25237967073917394 0.44953027367591863 3.2363578081130986 0.007739126682281495 0.21868701279163363 67.861476898193374 7.7439000606536874 0.62159588932991039 0.0062381785828620204 5.283010959625245 0.041007684543728835
decision_type=2 2 2 2 2 2 2 2 2 2 2 2 2 2
left_child=1 -1 -3 -2 7 -6 -7 8 9 -4 -10 -12 -13 -9
right_child=3 2 4 -5 5 6 -8 13 10 -11 11 12 -14 -15
leaf_value=0.0054165010729092036 -0.0069147996462924034 -0.00021091871163879842 -0.0052935922763750944 -0.0014045782560051445 0.0022204690660726739 -0.010141456414374613 -4.6104372597755896e-05 0.0024143732978548658 -0.0045230813721490988 0.0038179438196136585 -0.0018941376315003988 -0.00060985322492862384 0.0080843682363895518 -0.00099570805540784724
leaf_weight=292 302 18055 162 709 262 181 246 3907 602 705 556 163 194 660
leaf_count=292 302 18055 162 709 262 181 246 3907 602 705 556 163 194 660
internal_value=6.20934e-05 0.000184775 0.000124274 -0.00307649 0.000916235 -0.00188043 -0.00439325 0.00119468 -0.000199027 0.00209485 -0.00151433 0.000483358 0.00416114 0.00192102
internal_weight=26996 25985 25693 1011 7638 689 427 6949 2382 867 1515 913 357 4567
internal_count=26996 25985 25693 1011 7638 689 427 6949 2382 867 1515 913 357 4567
is_linear=0
shrinkage=0.03


Tree=110
num_leaves=15
num_cat=0
split_feature=16 7 21 18 16 5 4 7 7 16 5 21 7 18
split_gain=9.09061 10.0787 9.37155 21.5614 8.57784 7.15769 7.08526 10.4793 8.4578 10.6439 6.60013 12.2819 7.54416 9.50689
threshold=0.30609922111034399 0.31942637264728552 578.26361083984386 4.5415291786193857 0.0090549308806657808 0.5983358919620515 0.075004734098911299 0.089654613286256804 0.066171247512102141 0.080614823848009123 1.0000000180025095e-35 243.35935211181643 0.005042311269789935 6.1634392738342294
decision_type=2 2 2 2 2 2 2 2 2 2 2 2 2 2
left_child=1 2 6 4 -4 -2 10 8 9 -8 11 -1 13 -12
right_child=5 -3 3 -5 -6 -7 7 -9 -10 -11 12 -13 -14 -15
leaf_value=0.009060040169361374 0.0088574986512051715 -0.0040044596633153845 0.0057587402929148478 -0.0056499437563923803 0.00054248871226710352 -0.00049696168019658046 -0.00044655861728712734 0.0062108057157083413 -0.006680412627476498 0.0075721373330274282 -0.00078213265359797191 -0.00186534660617606 -0.00010106428662734173 -0.0054559356667367243
leaf_weight=186 181 557 817 248 435 121 619 381 128 191 1478 177 20891 529
leaf_count=186 181 557 817 248 435 121 619 381 128 191 1478 177 20891 529
internal_value=2.95962e-05 -2.95562e-05 5.60885e-05 0.00235412 0.00395575 0.00516247 -8.45993e-05 0.00205012 0.000336152 0.00147912 -0.000206062 0.00377982 -0.000270061 -0.00202454
internal_weight=26939 26637 26080 1500 1252 302 24580 1319 938 810 23261 363 22898 2007
internal_count=26939 26637 26080 1500 1252 302 24580 1319 938 810 23261 363 22898 2007
is_linear=0
shrinkage=0.03


Tree=111
num_leaves=15
num_cat=0
split_feature=18 6 21 20 6 16 6 4 8 17 8 8 7 3
split_gain=8.80897 12.0994 8.45773 10.6883 10.7646 10.6525 8.66507 10.1487 11.4166 9.47537 7.75127 7.40887 7.91253 11.0271
threshold=6.269367218017579 0.061232291162014015 142.10720062255862 119.98374938964845 0.39518135786056524 0.025285599753260616 0.33831037580966955 0.023268070071935657 0.30381996929645544 0.86000001430511486 0.39827260375022894 0.31198075413703924 0.074851002544164671 0.04255660995841027
decision_type=2 2 2 2 2 2 2 2 2 2 2 2 2 2
left_child=11 -2 3 5 6 -3 7 9 -9 -5 -6 12 13 -1
right_child=1 2 -4 4 10 -7 -8 8 -10 -11 -12 -13 -14 -15
leaf_value=0.00088122306635811094 -0.0074479604859971323 -0.00041350140395066273 0.0047309102883804841 -0.0069798671836151351 0.00079903638729045289 -0.0098654327562285801 -0.0056855820975419379 -0.002077074825231518 0.010129857343764832 -0.00022516129728865665 0.010372528130561113 -0.00025739799560433457 0.0025625932111648284 -0.0021879024128285121
leaf_weight=6733 278 193 214 232 197 238 342 121 151 886 120 14066 1881 1244
leaf_count=6733 278 193 214 232 197 238 342 121 151 886 120 14066 1881 1244
internal_value=-6.91086e-06 -0.00154589 -0.000924168 -0.00142068 -0.000511795 -0.00568618 -0.00144456 -0.000384445 0.0047601 -0.00165169 0.00452786 0.000184554 0.000814969 0.000401527
internal_weight=26896 2972 2694 2480 2049 431 1732 1390 272 1118 317 23924 9858 7977
internal_count=26896 2972 2694 2480 2049 431 1732 1390 272 1118 317 23924 9858 7977
is_linear=0
shrinkage=0.03


Tree=112
num_leaves=15
num_cat=0
split_feature=11 1 0 18 18 6 18 21 1 3 4 21 3 6
split_gain=8.9214 6.65612 9.3351 9.11974 8.73582 7.96978 7.42029 17.558 15.6914 15.3015 9.14524 7.7724 7.15226 8.90994
threshold=1.0000000180025095e-35 0.024635854177176956 4.839562416076661 5.2505810260772714 6.3691570758819589 0.21967655420303348 6.127253770828248 90.595149993896499 0.03913389518857003 0.017810044810175899 0.00083578232442960154 49.979600906372077 0.037780353799462325 0.28875081241130834
decision_type=2 2 2 2 2 2 2 2 2 2 2 2 2 2
left_child=1 2 4 -4 -1 -6 7 9 10 -3 -8 -10 13 -13
right_child=-2 6 3 -5 5 -7 8 -9 11 -11 -12 12 -14 -15
leaf_value=0.00043968900544308305 -0.0070114985932104327 -0.0019318109984930866 -0.0013841032149756083 0.0082279114429402393 -0.0069184221831185494 -0.00081688745623643446 -0.0042951209389534345 -0.00069915016474860023 -0.00045531233257344901 -0.013504303306127218 0.0034336213809363345 0.0073759442352244256 0.011825050287880003 -0.00011348958138968216
leaf_weight=17324 156 236 133 255 260 712 525 5944 304 180 182 296 120 272
leaf_count=17324 156 236 133 255 260 712 525 5944 304 180 182 296 120 272
internal_value=2.93045e-05 7.16786e-05 0.000382499 0.00495738 0.000284153 -0.00247604 -0.000648719 -0.00111911 0.00111023 -0.00704005 -0.0022954 0.00353677 0.00529128 0.00381976
internal_weight=26899 26743 18684 388 18296 972 8059 6360 1699 416 707 992 688 568
internal_count=26899 26743 18684 388 18296 972 8059 6360 1699 416 707 992 688 568
is_linear=0
shrinkage=0.03


Tree=113
num_leaves=15
num_cat=0
split_feature=17 3 18 7 1 7 7 21 4 1 18 21 3 18
split_gain=15.8931 13.1959 9.40626 9.31426 8.57481 6.85908 6.34591 5.95731 5.8781 5.11423 15.0966 18.0353 13.8131 9.62517
threshold=0.96999999880790722 0.040786622092127807 6.2961578369140634 0.31942637264728552 0.0065335873514413842 0.040755368769168861 0.37452168762683874 641.25863647460949 0.0032377624884247784 0.025332381017506126 6.127253770828248 80.004573822021499 0.06410712376236917 5.9960372447967538
decision_type=2 2 2 2 2 2 2 2 2 2 2 2 2 2
left_child=3 4 -3 7 5 -2 -5 9 -9 -1 11 -11 -12 -13
right_child=1 2 -4 6 -6 -7 -8 8 -10 10 12 13 -14 -15
leaf_value=0.00038102884687144715 -0.0079508004102704904 -0.0024012432255403836 -0.013154837054868487 -0.0069578466226687275 0.003816116115604575 0.0006767964723910048 -0.00048426788577881567 0.0053075608743727212 -0.0019728409747957532 -0.0083145993722633267 0.0012653835888495827 -0.00043862615214841324 0.011477711414278464 -0.0046119538269290706
leaf_weight=17668 180 123 186 274 191 149 268 370 133 300 1347 5307 126 544
leaf_count=17668 180 123 186 274 191 149 268 370 133 300 1347 5307 126 544
internal_value=-4.57695e-05 -0.00412308 -0.00898068 8.33286e-05 -0.0011785 -0.00409183 -0.00379057 0.000165445 0.00338205 0.000100818 -0.000548371 -0.00120174 0.00217482 -0.00083025
internal_weight=27166 829 309 26337 520 329 542 25795 503 25292 7624 6151 1473 5851
internal_count=27166 829 309 26337 520 329 542 25795 503 25292 7624 6151 1473 5851
is_linear=0
shrinkage=0.03


Tree=114
num_leaves=15
num_cat=0
split_feature=21 7 0 7 21 18 0 3 18 7 4 5 0 6
split_gain=10.4443 9.38607 10.225 9.37838 9.01586 23.7838 14.4148 12.4842 26.535 13.5701 11.0452 10.8631 9.02866 8.94785
threshold=7.2487499713897714 0.31942637264728552 3.1343572139739995 0.24039407074451449 392.94615173339849 4.1550354957580575 4.9063875675201425 1.0000000180025095e-35 3.9662463665008549 0.081384781748056426 0.059568909928202636 0.46338295936584478 3.4782713651657109 0.50630405545234691
decision_type=2 2 2 2 2 2 2 2 2 2 2 2 2 2
left_child=-1 2 3 -2 5 -4 10 -6 9 -9 13 -8 -12 -7
right_child=1 -3 4 -5 7 6 11 8 -10 -11 12 -13 -14 -15
leaf_value=-0.0053544898087381707 0.00070503611768668638 -0.0036987603427315716 0.0088240742760345974 0.0053471579015876621 3.0131076279463828e-05 -0.00080101432161079156 -0.0011153480354933289 -0.0142926524898366 -0.001356198443381309 -0.0033780088300480828 -0.00099239966659641471 0.0082192236231125853 0.0057360674105846107 0.0052329517342150208
leaf_weight=312 11246 561 271 401 2116 8718 172 250 1422 178 291 312 458 222
leaf_count=312 11246 561 271 401 2116 8718 172 250 1422 178 291 312 458 222
internal_value=5.88249e-05 0.00012327 0.000206251 0.000867088 -0.000327991 0.000134578 -0.000101124 -0.00154475 -0.00334129 -0.00984481 -0.000354582 0.00492449 0.00313269 -0.000648336
internal_weight=26930 26618 26057 11647 14410 10444 10173 3966 1850 428 9689 484 749 8940
internal_count=26930 26618 26057 11647 14410 10444 10173 3966 1850 428 9689 484 749 8940
is_linear=0
shrinkage=0.03


Tree=115
num_leaves=15
num_cat=0
split_feature=17 0 0 0 4 18 8 18 21 5 21 6 21 18
split_gain=6.26845 5.55481 17.4297 10.9865 10.6025 9.37995 7.14281 6.81983 10.8671 6.26893 11.6225 10.8238 7.55029 6.67186
threshold=0.0099999997764825838 2.533472061157227 1.0586304068565371 0.099503494799137129 0.089866023510694518 6.3776166439056405 0.15329983085393908 6.1151351928710946 266.87844848632818 0.35802936553955084 122.81356811523439 0.5340489149093629 159.37324523925784 6.2240722179412851
decision_type=2 2 2 2 2 2 2 2 2 2 2 2 2 2
left_child=-1 2 3 7 6 -4 -3 8 -2 10 13 -11 -12 -8
right_child=1 4 5 -5 -6 -7 9 -9 -10 11 12 -13 -14 -15
leaf_value=0.0044545185941560284 0.0084220767892161756 0.0064797448105288332 0.0016549717122608871 -0.0032435557221589524 0.0033341974171344191 0.0087659446484276236 -0.0099135347570961287 -0.0030417406567406777 0.00024005555067070121 -0.00034370411327521491 0.0059836303795090138 0.0061508971956582403 -0.00156866440466879 -0.0020043841396449025
leaf_weight=282 197 131 3814 1224 715 170 229 270 529 17757 129 229 1073 168
leaf_count=282 197 131 3814 1224 715 170 229 270 529 17757 129 229 1073 168
internal_value=4.45743e-05 -2.94357e-06 0.000782899 -0.00134533 -0.000241703 0.00196901 -0.000372195 0.000991979 0.00250267 -0.000419668 -0.0022168 -0.000259328 -0.000736714 -0.00663315
internal_weight=26917 26635 6204 2220 20431 3984 19716 996 726 19585 1599 17986 1202 397
internal_count=26917 26635 6204 2220 20431 3984 19716 996 726 19585 1599 17986 1202 397
is_linear=0
shrinkage=0.03


Tree=116
num_leaves=15
num_cat=0
split_feature=3 18 4 0 0 1 0 17 0 0 8 5 18 4
split_gain=10.8954 10.9409 9.66558 8.6327 10.9285 8.47887 9.7459 7.85903 7.2629 9.02252 10.3837 6.61851 14.5776 8.14266
threshold=0.090912263840436949 5.4061930179595956 0.00049804378068074595 4.0010154247283944 2.8639543056488042 0.060623895376920707 4.6407568454742441 0.76999998092651378 1.367871940135956 1.7856748104095461 0.20748110860586169 0.31383414566516882 5.6609041690826425 0.11547392606735231
decision_type=2 2 2 2 2 2 2 2 2 2 2 2 2 2
left_child=2 -2 -1 4 -3 6 8 -6 -4 -10 -11 12 -12 -13
right_child=1 3 5 -5 7 -7 -8 -9 9 10 11 13 -14 -15
leaf_value=-0.00021270150371713458 0.0014932434290039118 -0.00055972956508536893 -0.0060438102196561034 0.00083592919134277779 -0.005843482641063687 -0.0029849733605310236 0.0067210946529020939 -0.015167989172545634 0.0090000803001626661 0.0069768369420489763 0.0027680961331842764 0.00077439795319983777 -0.0098983974876972729 0.0055836849455207357
leaf_weight=18391 318 156 122 158 191 438 281 152 126 251 166 5921 153 330
leaf_count=18391 318 156 122 158 191 438 281 152 126 251 166 5921 153 330
internal_value=4.62213e-05 -0.00305943 0.000162449 -0.00525764 -0.00717622 0.00104792 0.00129011 -0.0101342 0.00106963 0.00119881 0.00104821 0.00081658 -0.00336606 0.00103255
internal_weight=27154 975 26179 657 499 7788 7350 343 7069 6947 6821 6570 319 6251
internal_count=27154 975 26179 657 499 7788 7350 343 7069 6947 6821 6570 319 6251
is_linear=0
shrinkage=0.03


Tree=117
num_leaves=15
num_cat=0
split_feature=18 5 4 0 8 21 0 18 8 5 8 18 21 5
split_gain=10.0472 11.3689 8.94341 11.5048 23.9056 10.7226 9.58344 7.51029 7.48054 8.52596 6.9124 10.7506 9.61295 12.0959
threshold=6.3691570758819589 0.73652607202529918 0.075004734098911299 2.9742932319641118 0.36402103304862982 174.61467742919925 3.7702991962432866 4.4698133468627939 0.30931656062603002 0.60791325569152843 0.41217978298664099 6.0090038776397714 206.65666961669925 0.44400463998317724
decision_type=2 2 2 2 2 2 2 2 2 2 2 2 2 2
left_child=2 8 10 4 -4 -5 7 -7 -2 -10 -1 12 13 -12
right_child=1 -3 3 5 -6 6 -8 -9 9 -11 11 -13 -14 -15
leaf_value=0.00036149142226179733 -0.0037902559793911443 -0.010648654462083389 -0.0042234749544799426 0.010215930901470206 0.008751045538492333 0.011019733856800336 -0.0037233186294146738 0.0022813259381029979 -0.00092074662142803366 0.007370253619333 -0.0093429214888505179 0.0020222204072597627 -0.00083760060970704926 -0.0017279472596585326
leaf_weight=19847 639 128 442 237 174 124 152 294 580 133 297 857 2588 504
leaf_count=19847 639 128 442 237 174 124 152 294 580 133 297 857 2588 504
internal_value=0.000123612 -0.00227524 0.000263171 0.00256996 -0.000517643 0.00491546 0.00264191 0.0049732 -0.00144618 0.000666376 0.000126421 -0.000971497 -0.0017304 -0.00459192
internal_weight=26996 1480 25516 1423 616 807 570 418 1352 713 24093 4246 3389 801
internal_count=26996 1480 25516 1423 616 807 570 418 1352 713 24093 4246 3389 801
is_linear=0
shrinkage=0.03


Tree=118
num_leaves=15
num_cat=0
split_feature=17 9 8 17 21 3 7 4 7 0 16 16 21 21
split_gain=7.14457 6.7415 17.9485 8.383 8.10242 6.40522 6.08348 6.05843 9.09359 7.3661 7.28164 5.69681 9.03408 6.2682
threshold=0.0099999997764825838 1.0000000180025095e-35 0.36651439964771276 0.37000000476837164 81.809627532958999 0.0042379922233521947 0.31942637264728552 0.078552465885877623 0.089654613286256804 2.984124064445496 0.11758678406476976 0.13001478463411334 71.349849700927749 468.40444946289068
decision_type=2 2 2 2 2 2 2 2 2 2 2 2 2 2
left_child=-1 6 4 -4 -3 -6 7 9 10 -2 -9 -11 -13 -14
right_child=1 2 3 -5 5 -7 -8 8 -10 11 -12 12 13 -15
leaf_value=0.0047912534094858928 0.00064478555567783354 -0.011570086002142894 -0.0031013550940957486 0.0047374905052236646 -0.0059254425856696408 0.0017570324137341231 -0.0031943449256760536 -0.00075425387667103468 0.0059655095367144029 -0.0002522212932848864 0.0065605160513612093 -0.0081351181570440516 -0.00033819616783748623 -0.0058188912223938374
leaf_weight=266 8804 157 193 320 331 135 522 756 375 13627 141 195 1092 222
leaf_count=266 8804 157 193 320 331 135 522 756 375 13627 141 195 1092 222
internal_value=-5.54596e-05 -0.000104322 -0.00236083 0.0017869 -0.00576325 -0.00370481 -4.27196e-06 6.2397e-05 0.00207576 -4.49897e-05 0.000425552 -0.000446285 -0.00219215 -0.00128271
internal_weight=27136 26870 1136 513 623 466 25734 25212 1272 23940 897 15136 1509 1314
internal_count=27136 26870 1136 513 623 466 25734 25212 1272 23940 897 15136 1509 1314
is_linear=0
shrinkage=0.03


Tree=119
num_leaves=15
num_cat=0
split_feature=11 5 17 8 21 8 18 3 8 18 6 3 4 18
split_gain=6.99634 7.1737 10.2623 12.3306 12.3892 8.92924 8.74431 8.65074 9.83283 8.53249 9.74626 8.68932 8.40949 8.18172
threshold=1.0000000180025095e-35 0.58187112212181102 0.81999999284744274 0.46476238965988165 435.44612121582037 0.48177705705165869 6.3101017475128183 0.025647374801337722 0.428987666964531 6.2120096683502206 0.31127271056175237 0.069773353636264815 0.090869162231683745 2.1100602149963383
decision_type=2 2 2 2 2 2 2 2 2 2 2 2 2 2
left_child=1 2 3 6 -5 12 13 -4 9 10 -9 -11 -3 -1
right_child=-2 5 7 4 -6 -7 -8 8 -10 11 -12 -13 -14 -15
leaf_value=0.005565985622000176 -0.0062608093957515053 0.0003213641123544307 -0.0030218607629160128 -0.0012539106564912852 -0.008538030310088672 0.0069449468992347947 0.0075362775204893279 0.00047113608061504473 0.007519211093863885 0.0040963877478423409 -0.010475538439727549 -0.004438104428711437 0.0046156571796800395 5.917449253347419e-05
leaf_weight=243 156 10027 2101 912 269 192 142 147 144 346 140 150 423 11635
leaf_count=243 156 10027 2101 912 269 192 142 147 144 346 140 150 423 11635
internal_value=-2.56647e-05 1.16915e-05 -0.000385201 -2.36459e-05 -0.00294204 0.000616848 0.000264199 -0.00195882 0.000453807 -0.000885044 -0.00495665 0.00149686 0.000497315 0.000174127
internal_weight=27027 26871 16229 13201 1181 10642 12020 3028 927 783 287 496 10450 11878
internal_count=27027 26871 16229 13201 1181 10642 12020 3028 927 783 287 496 10450 11878
is_linear=0
shrinkage=0.03


Tree=120
num_leaves=15
num_cat=0
split_feature=3 18 0 0 0 4 5 3 0 18 6 0 7 21
split_gain=8.99265 11.5806 7.79647 13.069 11.8893 9.44221 7.78067 7.77437 8.82398 9.675 8.48137 7.75075 7.36187 11.7969
threshold=0.089825127273798003 5.4061930179595956 2.5816127061843877 0.93086954951286327 0.099503494799137129 0.075951725244522109 0.6509084701538087 0.020224712789058689 2.0275120735168461 5.443779945373536 0.29469703137874609 2.963140726089478 0.022389824502170089 292.60418701171881
decision_type=2 2 2 2 2 2 2 2 2 2 2 2 2 2
left_child=2 -2 3 4 -1 -4 -3 10 9 -9 -5 -7 13 -12
right_child=1 6 5 7 -6 11 -8 8 -10 -11 12 -13 -14 -15
leaf_value=0.0013361403998133872 0.001535420370621448 -0.0031033778208522842 -0.0004406916743592658 0.0023028956651226311 -0.0031194269234414138 -0.0019800318507494762 -0.010314318590842069 0.0017149870398729531 0.0018020001699253999 0.012329238949479853 0.0078107064742843641 0.003872778410446893 -0.0022143569186063748 -0.0040710315995290871
leaf_weight=1029 359 502 18507 2376 1122 267 183 127 444 200 186 819 870 120
leaf_count=1029 359 502 18507 2376 1122 267 183 127 444 200 186 819 870 120
internal_value=-9.22537e-05 -0.00281564 1.73389e-05 0.000919516 -0.000989807 -0.000280921 -0.00509059 0.00186959 0.00459146 0.0082948 0.00127315 0.00243135 -0.000808295 0.00316066
internal_weight=27111 1044 26067 6474 2151 19593 685 4323 771 327 3552 1086 1176 306
internal_count=27111 1044 26067 6474 2151 19593 685 4323 771 327 3552 1086 1176 306
is_linear=0
shrinkage=0.03


Tree=121
num_leaves=15
num_cat=0
split_feature=1 18 21 3 18 6 3 3 18 8 18 21 21 18
split_gain=7.03011 13.2813 13.8318 16.0901 9.64254 12.1331 12.2719 17.5328 12.0452 10.1863 12.856 12.5189 13.2984 14.5152
threshold=0.024635854177176956 6.127253770828248 75.46802139282228 0.017810044810175899 6.1755096912384042 0.37227036058902746 0.084830462932586684 1.0000000180025095e-35 6.4273672103881845 0.42437700927257543 6.0786650180816659 195.96199798583987 414.03425598144537 4.607501983642579
decision_type=2 2 2 2 2 2 2 2 2 2 2 2 2 2
left_child=4 2 3 -2 9 6 7 -6 -9 -1 11 -11 13 -13
right_child=1 -3 -4 -5 5 -7 -8 8 -10 10 -12 12 -14 -15
leaf_value=0.00099000140728411476 -0.0010196306567840194 0.0016816265649413414 -0.00097103219851336746 -0.014490166151378032 -0.0033706261623820304 0.0027434361815343008 -0.010197943166619348 0.0039901526998792885 -0.004122756278738632 -0.0060015549996697793 0.0080533867026679213 0.0095401880928710475 -0.0042144723255715085 -6.7837971533846693e-05
leaf_weight=13672 171 1708 6115 146 1567 590 150 646 216 484 121 167 542 798
leaf_count=13672 171 1708 6115 146 1567 590 150 646 216 484 121 167 542 798
internal_value=7.0532e-05 -0.000666613 -0.001291 -0.00735239 0.000387216 -0.00112177 -0.00200962 -0.00148404 0.00194517 0.000690439 -0.00124653 -0.00183048 -0.000475448 0.0016355
internal_weight=27093 8140 6432 317 18953 3169 2579 2429 862 15784 2112 1991 1507 965
internal_count=27093 8140 6432 317 18953 3169 2579 2429 862 15784 2112 1991 1507 965
is_linear=0
shrinkage=0.03


Tree=122
num_leaves=15
num_cat=0
split_feature=11 17 7 20 18 0 18 18 7 12 8 18 17 8
split_gain=6.6311 5.5914 5.79738 5.93817 5.42209 5.20573 21.5315 6.98763 9.27713 9.24434 7.58058 14.2252 14.3003 11.3112
threshold=1.0000000180025095e-35 0.0099999997764825838 0.31942637264728552 36.293399810791023 5.3160977363586435 4.839562416076661 5.2269473075866708 4.5868716239929208 0.25841680169105535 1.0000000180025095e-35 0.38301433622837072 5.9828157424926767 0.75000000000000011 0.49062798917293554
decision_type=2 2 2 2 2 2 2 2 2 2 2 2 2 2
left_child=1 -1 5 -4 -5 7 -7 -3 9 10 -9 12 -12 -13
right_child=-2 2 3 4 -6 6 -8 8 -10 -11 11 13 -14 -15
leaf_value=0.0042119556604418903 -0.0060764402067712085 0.0010298865186823491 -0.0079668381931777624 0.0039906830832478592 -0.0035285301852439129 -0.0049961497352471731 0.0056830884824920665 -0.00014272875716702724 0.0042241711139952252 0.0054485440634307446 -0.0019392944825249018 0.00012387309136253558 -0.0087230102697247788 0.0092383339208960812
leaf_weight=270 160 4127 157 123 261 242 542 15446 392 235 3227 1435 302 129
leaf_count=270 160 4127 157 123 261 242 542 15446 392 235 3227 1435 302 129
internal_value=-8.06841e-05 -4.38826e-05 -8.78347e-05 -0.00314727 -0.0010997 -2.37717e-05 0.00237592 -9.86092e-05 -0.000318837 -0.000405559 -0.000473849 -0.00147694 -0.00253134 0.000902686
internal_weight=27048 26888 26618 541 384 26077 784 25293 21166 20774 20539 5093 3529 1564
internal_count=27048 26888 26618 541 384 26077 784 25293 21166 20774 20539 5093 3529 1564
is_linear=0
shrinkage=0.03


Tree=123
num_leaves=15
num_cat=0
split_feature=3 21 0 16 18 5 21 5 6 9 18 6 3 1
split_gain=7.5374 9.57295 11.2801 7.57802 5.55124 5.35299 4.70595 4.74025 11.9178 7.92115 7.2019 8.78878 8.53667 6.81517
threshold=0.090912263840436949 189.67703247070315 3.8002268075942998 0.30609922111034399 5.434978961944581 0.55926185846328746 679.47171020507824 0.66427344083786022 0.37651677429676061 1.0000000180025095e-35 6.1582429409027108 0.17864365130662921 0.0074091851711273202 0.034767132252454765
decision_type=2 2 2 2 2 2 2 2 2 2 2 2 2 2
left_child=3 2 5 6 -5 -2 7 -1 9 10 12 -12 -9 -13
right_child=1 -3 -4 4 -6 -7 -8 8 -10 -11 11 13 -14 -15
leaf_value=-0.00012867923117688211 -0.0048496493200699863 -5.8885024543947288e-05 0.001162345362039409 0.00049586445639800765 0.0088700793823527722 -0.013663881797422195 0.0044868196282662788 0.0012841630051489538 0.008601309574562413 -0.0052378522018902002 0.010216523001993626 0.00027890806223557202 -0.001634246478385948 0.0072701580456671225
leaf_weight=20253 125 579 128 133 150 137 215 2786 169 195 137 516 1328 161
leaf_count=20253 125 579 128 133 150 137 215 2786 169 195 137 516 1328 161
internal_value=7.51636e-05 -0.00251594 -0.00611679 0.000172037 0.00501143 -0.00962819 0.000117909 8.02671e-05 0.000879292 0.000616416 0.000853143 0.00342235 0.00034126 0.00198264
internal_weight=27012 969 390 26043 283 262 25760 25545 5292 5123 4928 814 4114 677
internal_count=27012 969 390 26043 283 262 25760 25545 5292 5123 4928 814 4114 677
is_linear=0
shrinkage=0.03


Tree=124
num_leaves=15
num_cat=0
split_feature=17 0 21 18 21 20 8 0 1 18 20 21 21 8
split_gain=5.61857 5.09075 15.5241 7.16564 8.10047 15.273 12.0393 8.56676 10.7959 7.95994 10.4681 10.0866 12.9593 10.8776
threshold=0.0099999997764825838 4.5351233482360849 454.34812927246099 4.9938595294952401 353.24020385742193 37.392475128173835 0.41718086600303655 2.2062548398971562 0.023828306235373024 4.0106117725372323 102.15735244750978 578.26361083984386 482.86642456054693 0.32872600853443151
decision_type=2 2 2 2 2 2 2 2 2 2 2 2 2 2
left_child=-1 3 -3 4 5 -2 9 -7 -9 11 -11 12 13 -6
right_child=1 2 -4 -5 6 7 -8 8 -10 10 -12 -13 -14 -15
leaf_value=0.0043099964156767335 0.0076870470483252715 0.0030753282717515024 -0.0047494110484577476 -0.00041789187381048164 -0.0032595120059908367 -0.0060459414911747441 -0.0033045346545430261 0.0041393138807747634 -0.0036898321381807829 0.0029547334276063568 -0.00094386459221101155 0.0019774935126805459 -0.0055327113935817757 0.0069123611119624303
leaf_weight=268 400 1255 274 18645 195 139 748 553 217 1982 898 657 599 175
leaf_count=268 400 1255 274 18645 195 139 748 553 217 1982 898 657 599 175
internal_value=2.79934e-05 -1.57253e-05 0.00166221 -0.00011781 0.000734368 0.00284112 0.000207282 0.000678314 0.00192335 0.000793263 0.0017396 -0.000883099 -0.00282283 0.00157953
internal_weight=27005 26737 1529 25208 6563 1309 5254 909 770 4506 2880 1626 969 370
internal_count=27005 26737 1529 25208 6563 1309 5254 909 770 4506 2880 1626 969 370
is_linear=0
shrinkage=0.03


Tree=125
num_leaves=15
num_cat=0
split_feature=21 5 0 0 21 18 21 21 5 8 16 16 1 0
split_gain=8.80232 10.6632 5.85281 10.4615 7.18594 6.73444 15.1525 5.67127 5.03182 7.54959 7.00585 8.10077 7.84156 7.97964
threshold=7.2487499713897714 0.53948667645454418 0.099503494799137129 0.13443617522716525 275.53802490234381 6.1151351928710946 264.75207519531256 679.47171020507824 0.59395754337310802 0.48177705705165869 0.29928679764270788 0.089704301208257689 0.0016341729206033053 1.6446080803871157
decision_type=2 2 2 2 2 2 2 2 2 2 2 2 2 2
left_child=1 -1 5 4 -4 6 -2 8 10 -10 11 12 -5 -14
right_child=2 -3 3 7 -6 -7 -8 -9 9 -11 -12 -13 13 -15
leaf_value=0.0015601265175349038 0.010478107898535443 -0.0094053653924940864 -0.01106574206025384 0.0006050116389020449 -0.0017683384521649432 -0.0018040615996949701 0.0009981676942409359 0.0050591679258720577 0.00036997433179076264 0.0064260942514778839 0.0054055906355854185 -0.0018531203028226647 0.004416445325449353 -0.0011243139615363306
leaf_weight=133 208 190 121 6504 190 268 532 192 9436 184 181 2990 239 5742
leaf_count=133 208 190 121 6504 190 268 532 192 9436 184 181 2990 239 5742
internal_value=-5.04832e-05 -0.00493521 9.32726e-06 -7.85545e-05 -0.00550351 0.00224614 0.00371524 -1.12409e-05 -5.07494e-05 0.000489087 -0.000382508 -0.000451931 -0.000115757 -0.000899402
internal_weight=27110 323 26787 25779 311 1008 740 25468 25276 9620 15656 15475 12485 5981
internal_count=27110 323 26787 25779 311 1008 740 25468 25276 9620 15656 15475 12485 5981
is_linear=0
shrinkage=0.03


Tree=126
num_leaves=15
num_cat=0
split_feature=3 4 18 5 4 18 21 7 21 18 3 0 18 8
split_gain=8.0843 9.92525 8.47939 11.2961 8.38483 7.77468 7.28805 8.27264 6.43911 12.3751 10.6297 17.2955 9.49858 14.4758
threshold=0.089825127273798003 0.0081943478435277956 5.5328719615936288 0.66427344083786022 0.00049804378068074595 5.8699750900268564 641.25863647460949 0.35314604640007025 482.86642456054693 3.300389409065247 0.013750815298408272 2.6876529455184941 5.9828157424926767 0.34289622306823736
decision_type=2 2 2 2 2 2 2 2 2 2 2 2 2 2
left_child=4 2 -2 5 6 -4 7 -1 9 -6 -11 -12 -13 -14
right_child=1 -3 3 -5 8 -7 -8 -9 -10 10 11 12 13 -15
leaf_value=-0.00025867657624868397 0.002009167429047293 -0.010288422878789292 -0.0073243108192502064 -0.011207830236825559 0.0095047232011953985 0.0016126423275750808 0.0039409471678449864 -0.0061792497532009031 -0.0009971851686529803 0.00019940137499700208 0.011261432654966557 0.000442157906646267 8.6891113187557273e-05 0.0086325157496791628
leaf_weight=17681 369 127 124 135 157 269 362 210 1297 4117 192 1332 329 385
leaf_count=17681 369 127 124 135 157 269 362 210 1297 4117 192 1332 329 385
internal_value=4.90407e-06 -0.00260322 -0.00146412 -0.00388756 0.000107859 -0.00126375 -0.000244121 -0.000329878 0.000930219 0.00131457 0.00110492 0.00276655 0.00194387 0.00472281
internal_weight=27086 1024 897 528 26062 393 18253 17891 7809 6512 6355 2238 2046 714
internal_count=27086 1024 897 528 26062 393 18253 17891 7809 6512 6355 2238 2046 714
is_linear=0
shrinkage=0.03


Tree=127
num_leaves=15
num_cat=0
split_feature=16 0 18 21 8 6 1 5 18 16 6 6 8 0
split_gain=5.72063 7.86622 5.74993 16.5849 8.3176 12.9906 6.40682 10.3178 6.31786 26.2991 17.8623 12.9555 10.1202 12.7462
threshold=0.20008224248886111 2.3010358810424809 6.27632761001587 150.89814758300784 0.428987666964531 0.36998222768306738 0.031260665506124503 0.57615917921066295 5.7961018085479745 0.0057225895579904327 0.30869968235492712 0.44639651477336889 0.31350943446159368 2.7700946331024174
decision_type=2 2 2 2 2 2 2 2 2 2 2 2 2 2
left_child=2 -2 8 4 6 -6 -4 -8 11 10 -10 -1 -11 -14
right_child=1 -3 3 -5 5 -7 7 -9 9 12 -12 -13 13 -15
leaf_value=-6.0473546224844119e-05 0.0067465362567645567 0.00078023489611178274 -0.0034053885889771978 0.0071894092303920161 -0.0036941055759477119 0.0098789197894159787 -0.0030572875792841746 0.0052270599211066632 0.00080205610948129186 0.00073855026336039624 0.0046536740806715727 -0.0042811559730814427 -0.0082418258738251541 -0.0016219116708612769
leaf_weight=14720 251 899 1775 186 121 124 330 222 2948 1229 1711 680 313 1504
leaf_count=14720 251 899 1775 186 121 124 330 222 2948 1229 1711 680 313 1504
internal_value=4.03221e-05 0.00210601 -5.19183e-05 -0.00134533 -0.00197529 0.00323569 -0.00252969 0.000291474 0.000102731 0.000803785 0.00222002 -0.00024817 -0.0013625 -0.00278176
internal_weight=27013 1150 25863 2758 2572 245 2327 552 23105 7705 4659 15400 3046 1817
internal_count=27013 1150 25863 2758 2572 245 2327 552 23105 7705 4659 15400 3046 1817
is_linear=0
shrinkage=0.03


Tree=128
num_leaves=15
num_cat=0
split_feature=3 21 0 4 21 17 20 21 3 0 0 16 5 8
split_gain=8.11566 8.9742 8.13413 6.50076 11.0333 14.427 13.4215 13.3858 11.2904 15.0749 11.2353 9.96699 8.5403 8.21512
threshold=0.089825127273798003 159.37324523925784 3.7804321050643925 0.00049804378068074595 454.34812927246099 0.10999999940395357 46.119001388549812 241.18049621582034 0.00919556198641658 2.6465834379196171 3.3854099512100224 0.035563165321946151 0.55535250902175914 0.43576154112815862
decision_type=2 2 2 2 2 2 2 2 2 2 2 2 2 2
left_child=3 2 -2 -1 5 -5 7 -7 13 -10 11 12 -11 -8
right_child=1 -3 -4 4 -6 6 8 -9 9 10 -12 -13 -14 -15
leaf_value=-0.00028748963918633709 -0.0097016277180518948 -0.00063372647454063729 -0.00018050563156854098 0.0088167636116732728 -0.0014706310915372862 -0.0098588692197719447 0.00089031447036960829 0.00057212247220405298 0.012122466049003827 0.0071404324215708186 0.0040584296335387836 -0.0047784542900568723 -0.0025817748753591469 -0.0039508331573914549
leaf_weight=18195 235 674 122 218 1597 190 3115 255 153 176 1280 297 144 346
leaf_count=18195 235 674 122 218 1597 190 3115 255 153 176 1280 297 144 346
internal_value=-8.11553e-05 -0.00268496 -0.00649534 2.27276e-05 0.000748787 0.0013236 0.00104217 -0.00394162 0.00144781 0.00320928 0.00246042 -0.000860706 0.00279303 0.000401338
internal_weight=26997 1031 357 25966 7771 6174 5956 445 5511 2050 1897 617 320 3461
internal_count=26997 1031 357 25966 7771 6174 5956 445 5511 2050 1897 617 320 3461
is_linear=0
shrinkage=0.03


Tree=129
num_leaves=15
num_cat=0
split_feature=17 4 5 16 3 5 17 0 0 21 5 5 0 17
split_gain=8.25297 15.5474 7.59585 7.244 6.81205 8.83957 6.80363 5.49234 7.485 6.20736 17.3717 6.00566 5.42717 10.0407
threshold=0.96999999880790722 0.022351154126226905 0.52280074357986461 0.014518904965370895 0.040786622092127807 0.6509084701538087 0.0099999997764825838 0.099503494799137129 0.13443617522716525 264.75207519531256 0.5291101634502412 0.52998018264770519 4.6053423881530771 0.40000000596046453
decision_type=2 2 2 2 2 2 2 2 2 2 2 2 2 2
left_child=6 2 3 -2 5 -4 -1 9 -9 10 -8 -11 -10 -14
right_child=1 -3 4 -5 -6 -7 7 8 12 11 -12 -13 13 -15
leaf_value=0.0048859815687562029 0.0036650055756147662 0.0064985232411159414 -0.0088152026071201088 -0.0059661791925100256 -0.011845549363310314 0.0019295087082707506 0.011310820622926168 -0.0045234924621286084 -2.9539136285508157e-05 -0.0042620918441021432 -0.00087627237758666028 0.0024185471528660614 -0.0015145812900977786 0.0040516077480603103
leaf_weight=265 151 130 149 123 163 122 200 318 23441 177 215 357 459 785
leaf_count=265 151 130 149 123 163 122 200 318 23441 177 215 357 459 785
internal_value=5.44026e-05 -0.00286735 -0.00462058 -0.000687921 -0.0070673 -0.00403077 0.000148322 9.90135e-05 1.37693e-05 0.00233307 0.00506176 0.000185182 7.31239e-05 0.002
internal_weight=27055 838 708 274 434 271 26217 25952 25003 949 415 534 24685 1244
internal_count=27055 838 708 274 434 271 26217 25952 25003 949 415 534 24685 1244
is_linear=0
shrinkage=0.03


Tree=130
num_leaves=15
num_cat=0
split_feature=21 18 16 18 8 18 21 8 18 3 18 18 16 21
split_gain=7.30212 6.17203 5.31019 5.09367 5.01595 4.35604 10.8682 14.0505 7.52238 6.66505 7.12984 4.18295 24.2957 9.89617
threshold=641.25863647460949 4.1852111816406259 0.30609922111034399 5.5412447452545175 0.29440855979919439 6.3691570758819589 116.33167266845705 0.30931656062603002 6.4978964328765878 0.020604558289051059 6.4273672103881845 5.7888879776000985 0.0028117960318923001 191.62087249755862
decision_type=2 2 2 2 2 2 2 2 2 2 2 2 2 2
left_child=2 4 5 -4 -2 11 7 8 9 10 -7 -1 -13 -14
right_child=1 -3 3 -5 -6 6 -8 -9 -10 -11 -12 12 13 -15
leaf_value=-0.00037172224801588409 0.009247702342480511 -0.0023063574375883312 7.8987484589589302e-05 0.0078919489578632967 0.0024103888466713887 -0.0088829524051082329 0.0058224916154542908 0.00031871884311614949 -4.7320628468439265e-05 -0.01238678519677903 0.00022450826826020024 0.0017411875323588 -0.0024283665873028604 0.00075651175221182958
leaf_weight=15418 161 126 156 140 243 172 149 705 154 170 137 5386 2610 1319
leaf_count=15418 161 126 156 140 243 172 149 705 154 170 137 5386 2610 1319
internal_value=-4.80476e-05 0.00342199 -0.000118038 0.00384402 0.0052149 -0.000163491 -0.00173771 -0.00259816 -0.00582385 -0.00766134 -0.00490574 -6.85135e-05 0.000433282 -0.00135957
internal_weight=27046 530 26516 296 404 26220 1487 1338 633 479 309 24733 9315 3929
internal_count=27046 530 26516 296 404 26220 1487 1338 633 479 309 24733 9315 3929
is_linear=0
shrinkage=0.03


Tree=131
num_leaves=15
num_cat=0
split_feature=4 21 17 6 5 3 8 16 5 21 21 6 21 8
split_gain=6.54516 9.68384 14.1109 9.46508 10.9666 9.91754 13.2217 9.32893 10.2262 11.4631 9.60838 9.5797 8.91364 7.84444
threshold=0.00049804378068074595 459.86738586425787 0.10999999940395357 0.21868701279163363 0.75867497920990001 0.0084864012897014635 0.43576154112815862 0.028144223615527156 0.35802936553955084 260.40844726562506 99.233448028564467 0.27583417296409612 632.81069946289074 0.25369866192340856
decision_type=2 2 2 2 2 2 2 2 2 2 2 2 2 2
left_child=12 2 -2 -4 5 6 -5 8 -7 -10 -9 -11 -1 -3
right_child=1 13 3 4 -6 7 -8 10 9 11 -12 -13 -14 -15
leaf_value=-0.00047096220529238932 0.0086297848118401695 0.0035507414705061818 -0.0012024031456022224 0.00094271019436657929 0.0095260645686617938 -0.0032696352686505505 -0.005279197684938665 -0.004995956931328184 0.0081169250686834848 -0.00517270500671405 0.0024242702127561309 0.0049014453915737161 0.0036736939045929179 -0.0023447346785838265
leaf_weight=18705 216 235 1450 2246 146 126 351 210 635 125 578 241 474 1330
leaf_count=18705 216 235 1450 2246 146 126 351 210 635 125 578 241 474 1330
internal_value=-6.84167e-05 0.000658697 0.00118151 0.000911274 0.00156983 0.00130212 9.32538e-05 0.002937 0.00468181 0.00569397 0.000427766 0.00143748 -0.000367598 -0.00145098
internal_weight=27068 7889 6324 6108 4658 4512 2597 1915 1127 1001 788 366 19179 1565
internal_count=27068 7889 6324 6108 4658 4512 2597 1915 1127 1001 788 366 19179 1565
is_linear=0
shrinkage=0.03


Tree=132
num_leaves=15
num_cat=0
split_feature=17 5 1 7 5 7 3 17 21 4 5 16 7 21
split_gain=6.38347 7.23933 6.02741 19.4759 20.3061 10.7786 8.58465 6.52142 6.10129 5.30759 5.37689 5.09395 5.50576 4.92008
threshold=0.99000000953674328 0.54518011212348949 0.058839658275246627 0.027451925911009315 0.49683061242103582 0.017793091014027599 0.0046127149835228929 0.26999999582767492 679.47171020507824 0.0067673893645405778 0.46839353442192083 0.030369075946509842 0.049264948815107353 202.58787536621097
decision_type=2 2 2 2 2 2 2 2 2 2 2 2 2 2
left_child=2 -2 8 4 -4 -6 9 -8 13 10 -5 12 -12 -1
right_child=1 -3 3 6 5 -7 7 -9 -10 -11 11 -13 -14 -15
leaf_value=-0.00044317342966764342 0.0010966306709728781 -0.0084870398124413833 -0.0040335906778253905 0.0045833398412320429 0.002047969416612326 0.010419908534862439 -0.00067252568568435163 -0.0081069741089926355 0.0052784133593936876 -0.0068071000438238334 -0.0037012090340916375 -0.0068898594984068322 0.004798547067459075 0.0004415241412721667
leaf_weight=8908 121 163 337 149 382 215 138 470 203 131 139 125 126 15485
leaf_count=8908 121 163 337 149 382 215 138 470 203 131 139 125 126 15485
internal_value=-2.07417e-05 -0.00445553 2.70618e-05 -0.00147113 0.00181625 0.00512449 -0.00387137 -0.0064388 0.000162071 -0.00151108 -0.000173184 -0.00202543 0.000354206 0.00011842
internal_weight=27092 284 26808 2212 934 597 1278 608 24596 670 539 390 265 24393
internal_count=27092 284 26808 2212 934 597 1278 608 24596 670 539 390 265 24393
is_linear=0
shrinkage=0.03


Tree=133
num_leaves=15
num_cat=0
split_feature=18 0 3 21 8 0 18 8 18 3 21 1 7 5
split_gain=7.08146 13.3989 12.0204 17.6565 12.6601 16.6659 11.2184 9.57757 13.3159 9.39231 7.40917 6.87271 16.495 11.9488
threshold=4.649872064590455 4.5351233482360849 1.0000000180025095e-35 459.86738586425787 0.37656334042549139 3.049923419952393 4.0490739345550546 0.3574091643095017 4.1197588443756112 0.046988788992166526 587.50012207031261 0.025332381017506126 0.022702814079821113 0.43779082596302038
decision_type=2 2 2 2 2 2 2 2 2 2 2 2 2 2
left_child=2 10 -1 7 5 -5 -6 9 -9 -4 11 -2 -13 -14
right_child=1 -3 3 4 6 -7 -8 8 -10 -11 -12 12 13 -15
leaf_value=0.0021178704758162705 3.6292621117116145e-05 0.0027529872286374615 0.0038001379978068509 0.0050385014268679801 -0.011023908707542529 -0.0040575605810666635 -0.00010356924181374219 0.013404839174309745 0.0002231794394048533 -0.0066985369863964261 -0.0066817867446723059 0.0015139652802295335 -0.0051754689083023308 -0.0013092078859655762
leaf_weight=3329 14480 1311 191 274 258 513 125 145 128 121 161 1532 897 3585
leaf_count=3329 14480 1311 191 274 258 513 125 145 128 121 161 1532 897 3585
internal_value=5.14309e-05 -0.000182145 0.00105981 -0.000947504 -0.00307134 -0.000878882 -0.00750709 0.0032902 0.0073396 -0.000312898 -0.000369063 -0.000317853 -0.00116986 -0.00208788
internal_weight=27050 21966 5084 1755 1170 787 383 585 273 312 20655 20494 6014 4482
internal_count=27050 21966 5084 1755 1170 787 383 585 273 312 20655 20494 6014 4482
is_linear=0
shrinkage=0.03


Tree=134
num_leaves=15
num_cat=0
split_feature=9 8 0 21 3 21 6 21 0 7 3 3 21 17
split_gain=7.05984 13.8746 9.04672 16.9902 9.17717 8.24852 4.68198 4.6683 13.4298 11.5587 12.7939 12.6525 19.5916 11.1351
threshold=1.0000000180025095e-35 0.39473679661750799 3.5800411701202397 81.809627532958999 1.0000000180025095e-35 325.64959716796881 0.31127271056175237 223.9706726074219 3.3423509597778325 0.070188637822866454 0.078952353447675719 1.0000000180025095e-35 448.96221923828131 0.14000000059604648
decision_type=2 2 2 2 2 2 2 2 2 2 2 2 2 2
left_child=7 2 3 -2 6 -3 -5 -1 -9 11 -11 13 -13 -10
right_child=1 5 -4 4 -6 -7 -8 8 9 10 -12 12 -14 -15
leaf_value=-0.00046112265917350322 -0.016181624649837609 0.0062707900983020046 0.0019250276417234072 -0.0091777318321548812 0.0024888369029289798 -0.0026755347247067163 -0.0020545707380741226 0.0011696425990134112 0.0041819769145860783 0.00050671719922656066 0.0097592886585507778 -0.0012317385425576395 -0.0073579715170326507 -0.0010086472854723028
leaf_weight=10579 120 207 148 208 147 161 142 8332 460 2276 138 1504 680 1854
leaf_count=10579 120 207 148 208 147 161 142 8332 460 2276 138 1504 680 1854
internal_value=-7.8953e-05 -0.00239146 -0.00468409 -0.00627215 -0.00374218 0.00237337 -0.00635741 2.29529e-05 0.000358932 -0.00061847 0.00105473 -0.00151662 -0.00315162 2.99888e-05
internal_weight=26956 1133 765 617 497 368 350 25823 15244 6912 2414 4498 2184 2314
internal_count=26956 1133 765 617 497 368 350 25823 15244 6912 2414 4498 2184 2314
is_linear=0
shrinkage=0.03


Tree=135
num_leaves=15
num_cat=0
split_feature=3 0 7 21 0 3 7 6 8 21 16 16 21 16
split_gain=5.33477 9.19629 12.3536 12.1729 9.392 5.60177 6.40458 5.37884 5.19089 7.01001 4.38176 7.70486 7.62334 6.72084
threshold=0.076053604483604445 4.0010154247283944 0.031900687143206603 305.69099426269537 2.5641032457351689 0.11563515290617944 0.063865110278129592 0.2646567970514298 0.32872600853443151 124.92372512817384 0.20008224248886111 0.17647988349199298 210.98892211914065 0.29928679764270788
decision_type=2 2 2 2 2 2 2 2 2 2 2 2 2 2
left_child=10 3 -3 4 -2 6 -5 -4 9 -6 11 -1 13 -12
right_child=1 2 7 5 8 -7 -8 -9 -10 -11 12 -13 -14 -15
leaf_value=6.6764947933406195e-05 0.001520224484173875 -0.004305565006366481 0.0014752841695920157 -0.0049232217341668195 -0.014757657632569239 0.0053423456473276013 0.0034852856715054561 0.0098286164118266042 -0.0038948204141068207 -0.0055300353016422754 -0.0032076776808265981 -0.0037878637560330207 0.0040105518352245313 0.0045237956555084797
leaf_weight=23895 128 173 137 202 144 145 130 140 228 167 342 471 648 138
leaf_count=23895 128 173 137 202 144 145 130 140 228 167 342 471 648 138
internal_value=-2.91206e-05 -0.00171004 0.00190824 -0.00313542 -0.00573714 0.000524395 -0.00162787 0.00579659 -0.00745873 -0.00996853 7.62927e-05 -8.50769e-06 0.00190003 -0.000961157
internal_weight=27088 1594 450 1144 667 477 332 277 539 311 25494 24366 1128 480
internal_count=27088 1594 450 1144 667 477 332 277 539 311 25494 24366 1128 480
is_linear=0
shrinkage=0.03


Tree=136
num_leaves=15
num_cat=0
split_feature=17 7 0 4 0 0 6 18 18 18 21 16 16 17
split_gain=6.51681 5.53432 5.24624 8.11762 7.32915 9.10127 5.92479 10.6134 5.2753 8.63722 12.0578 5.17193 7.82262 7.99155
threshold=0.99000000953674328 0.31942637264728552 2.5816127061843877 0.13338557630777362 0.93086954951286327 0.099503494799137129 1.0000000180025095e-35 3.7919400930404668 5.3767094612121591 6.1151351928710946 264.75207519531256 0.16670507192611697 0.19053433835506442 0.46999999880790716
decision_type=2 2 2 2 2 2 2 2 2 2 2 2 2 2
left_child=1 2 4 11 5 8 -6 -8 -1 10 -10 -4 13 -13
right_child=-2 -3 3 -5 6 -7 7 -9 9 -11 -12 12 -14 -15
leaf_value=-0.0015808152540010957 -0.0045103295792620424 -0.0027915203240948231 -2.0319795148045354e-06 0.0057754154358595116 0.0060519272931543423 -0.0023295972195076804 -0.0063553901969815689 0.0016521256992115441 0.011086977039238262 -0.001148523290960767 0.00080929349731961517 -0.00066678060698049035 -0.00052012090960601193 -0.0099995162216798654
leaf_weight=317 272 572 18396 207 252 1147 150 3921 195 262 213 148 866 184
leaf_count=317 272 572 18396 207 252 1147 150 3921 195 262 213 148 866 184
internal_value=6.76183e-05 0.000114861 0.000178692 -6.35138e-05 0.000920915 -0.000516855 0.00163043 0.00134965 0.00159087 0.0030921 0.00579618 -0.000126657 -0.00203238 -0.00591076
internal_weight=27102 26830 26258 19801 6457 2134 4323 4071 987 670 408 19594 1198 332
internal_count=27102 26830 26258 19801 6457 2134 4323 4071 987 670 408 19594 1198 332
is_linear=0
shrinkage=0.03


Tree=137
num_leaves=15
num_cat=0
split_feature=21 4 0 17 0 0 5 21 4 1 21 6 0 6
split_gain=6.86289 6.40173 5.08406 6.63983 6.62319 9.67934 10.6217 8.14144 6.5556 9.10309 8.88308 11.6499 13.0823 9.45628
threshold=632.81069946289074 0.0035188738256692891 0.072595290839672103 0.4200000017881394 1.0586304068565371 1.451657831668854 0.59686151146888744 325.64959716796881 0.028059856034815315 0.062228370457887656 408.62385559082037 0.10880142822861673 4.6053423881530771 0.15848893672227862
decision_type=2 2 2 2 2 2 2 2 2 2 2 2 2 2
left_child=2 -2 3 -1 -4 6 7 -6 -7 10 11 -10 13 -13
right_child=1 -3 4 -5 5 8 -8 -9 9 -11 -12 12 -14 -15
leaf_value=-0.0016190800100119541 0.0049355252446576714 -0.0018240117992474032 -0.002048108480438657 0.0046852834127956424 0.0058651216719847387 -0.00032407475946919217 0.011391087249397252 -0.0042671898958175922 0.010794399903442425 -0.0046026022211117373 -0.0010249468149691086 -0.0055598713673554873 0.010854224182238199 0.0016345948672823827
leaf_weight=225 460 170 1492 436 148 18925 132 129 125 251 1188 169 128 3033
leaf_count=225 460 170 1492 436 148 18925 132 129 125 251 1188 169 128 3033
internal_value=2.95885e-05 0.00311152 -4.45863e-05 0.00254328 -0.000111575 8.07748e-06 0.00455589 0.00115447 -7.09536e-05 0.000907193 0.00120968 0.00197843 0.00163181 0.0012468
internal_weight=27011 630 26381 661 25720 24228 409 277 23819 4894 4643 3455 3330 3202
internal_count=27011 630 26381 661 25720 24228 409 277 23819 4894 4643 3455 3330 3202
is_linear=0
shrinkage=0.03


Tree=138
num_leaves=15
num_cat=0
split_feature=7 7 5 5 9 8 6 6 1 17 18 5 1 16
split_gain=4.9518 6.22916 6.65702 4.43915 11.8846 8.7888 6.54923 6.24905 13.6808 6.20963 6.0234 6.09533 9.26778 6.41943
threshold=0.31942637264728552 0.37452168762683874 0.46160456538200384 0.5893181860446931 1.0000000180025095e-35 0.47724147140979772 0.2896829247474671 0.35347704589366918 0.02303318772464991 0.34999999403953558 2.8921549320220952 0.5499958097934724 0.00097628889488987635 0.10271961987018587
decision_type=2 2 2 2 2 2 2 2 2 2 2 2 2 2
left_child=3 -2 -3 10 5 7 9 -5 -9 -6 -1 12 -12 -13
right_child=1 2 -4 4 6 -7 -8 8 -10 -11 11 13 -14 -15
leaf_value=0.0028040985518204891 -0.0058852570165309108 0.005559843224584169 -0.0035283136204407924 0.00040648748718860925 -0.0024640367208265289 0.007793860503562516 0.00083374798332632913 0.0069462962895173756 -0.0036704718073307992 -0.011905060930163669 0.00068518674120640458 -0.00098236420783684962 -0.00098216232568047171 -0.0046830686168557933
leaf_weight=539 287 121 166 9000 124 150 129 361 152 129 6551 3282 5527 480
leaf_count=539 287 121 166 9000 124 150 129 361 152 129 6551 3282 5527 480
internal_value=-5.57083e-05 -0.00280017 0.000332872 4.42712e-06 0.000500809 0.000706925 -0.00465482 0.000591143 0.00379552 -0.00741527 -0.000300057 -0.000406536 -7.78977e-05 -0.00146013
internal_weight=26998 574 287 26424 10045 9663 382 9513 513 253 16379 15840 12078 3762
internal_count=26998 574 287 26424 10045 9663 382 9513 513 253 16379 15840 12078 3762
is_linear=0
shrinkage=0.03


Tree=139
num_leaves=15
num_cat=0
split_feature=11 17 5 8 3 18 18 8 7 5 8 5 18 17
split_gain=9.89709 5.44858 5.61408 10.3358 9.42783 12.1608 16.26 15.994 10.4414 8.46113 8.16298 11.3467 9.56381 8.43896
threshold=1.0000000180025095e-35 0.0099999997764825838 0.58187112212181102 0.47724147140979772 0.043072341009974487 3.9662463665008549 4.9635939598083505 0.38875970244407659 0.082436289638280882 0.57061666250228893 0.26144546270370489 0.5983358919620515 5.6759147644042978 0.5900000035762788
decision_type=2 2 2 2 2 2 2 2 2 2 2 2 2 2
left_child=1 -1 9 4 10 -6 -7 8 -8 -3 11 -4 -12 -14
right_child=-2 2 3 -5 5 6 7 -9 -10 -11 12 -13 13 -15
leaf_value=0.0042394041379009827 -0.0076273598339288463 -0.00026243779497999017 0.011042787450188326 0.0070904062369551791 -0.010662164494639173 0.0054332394136294513 -0.005005643307739986 0.0064597680123902306 0.0021384843052425361 -0.0034057335402306716 -0.00079161354675389014 0.0017675445934170299 0.0049196482010637529 0.00071176158647131855
leaf_weight=262 150 15193 121 203 121 287 934 157 226 807 3718 2139 533 2128
leaf_count=262 150 15193 121 203 121 287 934 157 226 807 3718 2139 533 2128
internal_value=-6.84653e-05 -2.47904e-05 -6.76331e-05 0.000468865 0.000335812 -0.00168598 -0.000977825 -0.00239019 -0.00361057 -0.000421992 0.000740258 0.00228742 0.000190755 0.00156225
internal_weight=26979 26829 26567 10567 10364 1725 1604 1317 1160 16000 8639 2260 6379 2661
internal_count=26979 26829 26567 10567 10364 1725 1604 1317 1160 16000 8639 2260 6379 2661
is_linear=0
shrinkage=0.03


Tree=140
num_leaves=15
num_cat=0
split_feature=3 4 5 0 3 4 4 21 18 0 21 6 18 6
split_gain=8.53992 7.63806 6.87085 6.33121 10.3613 8.31987 8.30579 6.48683 7.21835 6.06454 8.66929 6.73518 8.42934 14.6808
threshold=0.084830462932586684 0.025338153354823593 0.66841042041778576 2.5816127061843877 0.051930004730820663 0.086978364735841765 0.14320055395364764 174.61467742919925 4.5173783302307138 1.0586304068565371 80.004573822021499 0.30109119415283209 5.7961018085479745 0.18447522073984149
decision_type=2 2 2 2 2 2 2 2 2 2 2 2 2 2
left_child=3 2 -2 4 6 -5 9 -7 -9 10 -1 12 -11 -14
right_child=1 -3 -4 5 -6 7 -8 8 -10 11 -12 -13 13 -15
leaf_value=-0.0055465829493054611 -0.00023648762113397134 -0.0094684622757958137 -0.0057073359773826913 -0.00030489461136363317 0.0067763926063064261 0.0071809521053052905 -0.0069951631866395471 0.0065120413414456084 -0.0010785596806886075 0.0013094084311264242 0.00025485420140646106 -0.00030472211823240835 0.012345396578002304 0.0026269103833099082
leaf_weight=259 790 122 275 18664 255 219 120 153 390 1872 1899 1222 183 563
leaf_count=259 790 122 275 18664 255 219 120 153 390 1872 1899 1222 183 563
internal_value=-2.45983e-05 -0.00250718 -0.00166922 9.00877e-05 0.000910206 -0.00017913 0.000660368 0.00288319 0.00110013 0.000819229 -0.000452638 0.00153365 0.00239069 0.00507726
internal_weight=26986 1187 1065 25799 6373 19426 6118 762 543 5998 2158 3840 2618 746
internal_count=26986 1187 1065 25799 6373 19426 6118 762 543 5998 2158 3840 2618 746
is_linear=0
shrinkage=0.03


Tree=141
num_leaves=15
num_cat=0
split_feature=5 8 9 6 17 21 0 21 4 0 3 8 8 3
split_gain=5.12873 9.65143 10.639 7.4969 6.91401 6.53996 12.0616 8.95663 9.44234 8.38829 7.29921 6.93526 6.85993 6.76159
threshold=0.59395754337310802 0.47724147140979772 1.0000000180025095e-35 0.17744814604520801 0.059999998658895499 451.65731811523443 3.6240111589431767 277.74882507324224 0.0057454437483102092 3.2116367816925053 0.085724759846925749 0.39954300224781042 0.33706641197204595 0.047619290649890907
decision_type=2 2 2 2 2 2 2 2 2 2 2 2 2 2
left_child=-1 2 4 -4 -2 6 9 8 -8 10 -6 13 -10 -11
right_child=1 -3 3 -5 5 -7 7 -9 12 11 -12 -13 -14 -15
leaf_value=-0.00035142147472350143 -0.003094230151024955 0.0068668132339870288 -0.010610933659672736 -0.0015364464882379734 0.00064969768288602179 0.0024786422220928767 0.0018585205130675034 -0.0002978815858805806 0.0038012686359381645 -0.0019401357826298097 -0.0061399629619480391 0.0044817508998814797 0.011070506562246009 -0.0074221614898391519
leaf_weight=17125 439 205 120 244 3270 1598 1052 892 286 1209 144 121 203 240
leaf_count=17125 439 205 120 244 3270 1598 1052 892 286 1209 144 121 203 240
internal_value=-3.59958e-05 0.000502838 0.00036653 -0.00463128 0.000561303 0.000740932 0.000365123 0.00209438 0.00347561 -0.000480286 0.000354754 -0.00229146 0.00690047 -0.00287053
internal_weight=27148 10023 9818 364 9454 9015 7417 2433 1541 4984 3414 1570 489 1449
internal_count=27148 10023 9818 364 9454 9015 7417 2433 1541 4984 3414 1570 489 1449
is_linear=0
shrinkage=0.03


Tree=142
num_leaves=15
num_cat=0
split_feature=18 7 16 5 21 6 3 5 1 8 0 17 6 18
split_gain=5.42966 7.51947 6.29657 4.84861 4.22539 9.69335 6.67284 4.64463 13.564 11.5722 17.0713 12.4495 11.5327 10.2298
threshold=2.6526130437850957 0.026064380072057251 0.070605807006359114 0.53251954913139354 10.142099857330324 0.21328212320804599 0.043783728033304221 0.46338295936584478 0.0079375691711902636 0.40618178248405462 3.3854099512100224 0.8400000035762788 0.31345821917057043 5.443779945373536
decision_type=2 2 2 2 2 2 2 2 2 2 2 2 2 2
left_child=1 -1 3 -3 5 -2 -7 8 9 11 -11 13 -10 -6
right_child=4 2 -4 -5 7 6 -8 -9 12 10 -12 -13 -14 -15
leaf_value=0.0075883752757149254 -0.0098363005380168195 0.0014175588421692902 0.0056208755234287222 -0.0062036638418530021 0.00012488631596671039 0.0028197959042059986 -0.0048766827627713246 0.00033335038737490759 -0.00019613899852825818 0.00090814948194937214 -0.0069327679530555462 -0.0028715984465723689 -0.0041609414025701704 0.0040284183061148468
leaf_weight=199 122 171 146 127 1063 242 167 19033 1273 628 409 490 1368 1396
leaf_count=199 122 171 146 127 1063 242 167 19033 1273 628 409 490 1368 1396
internal_value=0.00010727 0.00282004 0.00062218 -0.00187919 4.01443e-05 -0.0025961 -0.000343719 9.51931e-05 -0.00058854 0.000516273 -0.00220279 0.00147453 -0.00225383 0.00234464
internal_weight=26834 643 444 298 26191 531 409 25660 6627 3986 1037 2949 2641 2459
internal_count=26834 643 444 298 26191 531 409 25660 6627 3986 1037 2949 2641 2459
is_linear=0
shrinkage=0.03


Tree=143
num_leaves=15
num_cat=0
split_feature=21 5 0 8 4 7 17 3 0 21 21 0 17 8
split_gain=5.80479 6.47367 4.43403 9.67312 6.85399 5.82518 7.4274 17.9202 14.0934 12.4604 10.6124 9.5403 10.347 6.146
threshold=10.142099857330324 0.53804501891136181 2.6315801143646245 0.18499988317489627 0.15019077807664874 0.050696983933448798 0.13000000268220904 0.032814124599099166 2.8846457004547124 454.34812927246099 560.93472290039074 4.4472219944000253 0.35999999940395361 0.23105347156524661
decision_type=2 2 2 2 2 2 2 2 2 2 2 2 2 2
left_child=1 -1 4 -4 -2 6 7 9 -8 -5 -11 -10 -13 -7
right_child=2 -3 3 5 -6 13 8 -9 11 10 -12 12 -14 -15
leaf_value=0.00072939901176509979 0.0008442916701800183 -0.0058646345080119698 0.0042972115933009487 0.011217654078305115 -0.006136761099035137 0.0040823571364486926 -0.0046826155920373595 -0.0054633190158434796 -0.0010361636878904778 -0.0024625150240622589 0.0051810610515531149 -0.0031732619767859973 0.0041614039800324789 0.00011645002680980814
leaf_weight=232 6877 309 423 156 124 361 867 244 6944 284 373 230 659 9000
leaf_count=232 6877 309 423 156 124 361 867 244 6944 284 373 230 659 9000
internal_value=5.85096e-06 -0.00305609 6.88258e-05 -0.000163289 0.000716354 -0.000263079 -0.000775828 0.00159364 -0.00106446 0.00373205 0.00188334 -0.000661246 0.00225666 0.00027149
internal_weight=27083 541 26542 19541 7001 19118 9757 1057 8700 813 657 7833 889 9361
internal_count=27083 541 26542 19541 7001 19118 9757 1057 8700 813 657 7833 889 9361
is_linear=0
shrinkage=0.03


Tree=144
num_leaves=15
num_cat=0
split_feature=4 5 1 6 16 8 21 5 0 21 3 21 3 7
split_gain=5.73647 10.1959 6.6626 6.99134 14.253 9.77148 10.3314 16.5011 11.506 8.86089 11.2523 9.64184 8.58138 17.4076
threshold=0.00049804378068074595 0.81221151351928722 0.0033970716176554565 0.29365825653076177 0.0090549308806657808 0.38393439352512365 200.13884735107425 0.4980407059192658 4.0263161659240732 195.96199798583987 0.026645528152585033 62.754230499267585 0.044546827673912055 0.1103545017540455
decision_type=2 2 2 2 2 2 2 2 2 2 2 2 2 2
left_child=2 -2 -1 12 5 -5 7 -7 -8 11 -11 -6 -4 -14
right_child=1 -3 3 4 9 6 8 -9 -10 10 -12 -13 13 -15
leaf_value=0.00026719422041203775 0.00057638463408367304 0.0070289071469817983 0.00039921893277868433 0.0021094319627779213 -0.0020265416235714737 -0.0045850048084432882 -0.008404947542453833 0.0071835145985298761 0.0012920147204475308 0.0015981136125759934 -0.0072261422645642261 -0.010085657407863846 -0.00442951225234876 0.0072588425481417427
leaf_weight=11296 7657 222 4071 789 211 220 340 200 160 328 209 374 804 129
leaf_count=11296 7657 222 4071 789 211 220 340 200 160 328 209 374 804 129
internal_value=8.1538e-05 0.000762534 -0.000199053 -0.000870999 -0.00206102 -0.000332929 -0.0024276 0.00103763 -0.00531985 -0.00468005 -0.00187126 -0.00722067 -0.000196361 -0.00278336
internal_weight=27010 7879 19131 7835 2831 1709 920 420 500 1122 537 585 5004 933
internal_count=27010 7879 19131 7835 2831 1709 920 420 500 1122 537 585 5004 933
is_linear=0
shrinkage=0.03


Tree=145
num_leaves=15
num_cat=0
split_feature=21 0 21 3 4 16 17 5 4 1 7 4 1 5
split_gain=7.69205 5.91023 6.77641 5.02129 9.16396 6.12849 6.14559 9.85033 5.57915 11.3328 6.96775 6.66157 7.43765 5.52195
threshold=632.81069946289074 1.0000000180025095e-35 264.75207519531256 0.089825127273798003 0.0081943478435277956 0.058398796245455749 0.31999999284744268 0.58042725920677196 0.0064300291705876597 0.062228370457887656 0.35314604640007025 0.010406080167740585 0.0059614947531372317 0.68801259994506847
decision_type=2 2 2 2 2 2 2 2 2 2 2 2 2 2
left_child=1 2 -1 8 5 6 -5 -8 10 11 -3 12 -10 -13
right_child=-2 3 -4 4 -6 -7 7 -9 9 -11 -12 13 -14 -15
leaf_value=0.0074977309124421351 0.0032406784820336754 -0.00026587864552190751 -0.000518133812808098 0.0023262956486189666 -0.0093710524216964308 0.0026491643658415834 -0.00069753143708434738 -0.0098519705179323618 0.0006482000699774786 -0.0043349625366963735 -0.0056261855509233284 0.00036202653634207106 0.010232399564738443 0.0027556727647361397
leaf_weight=192 639 17665 182 153 134 270 249 180 149 382 216 5452 139 1027
leaf_count=192 639 17665 182 153 134 270 249 180 149 382 216 5452 139 1027
internal_value=1.27611e-06 -7.77609e-05 0.00364159 -0.000131919 -0.00222633 -0.00105451 -0.00278064 -0.00460781 -4.89863e-05 0.000659085 -0.000332185 0.000943993 0.00536958 0.000743281
internal_weight=27029 26390 374 26016 986 852 582 429 25030 7149 17881 6767 288 6479
internal_count=27029 26390 374 26016 986 852 582 429 25030 7149 17881 6767 288 6479
is_linear=0
shrinkage=0.03


Tree=146
num_leaves=15
num_cat=0
split_feature=21 1 7 18 0 3 13 6 21 21 18 0 0 7
split_gain=4.90795 4.85919 14.379 11.2663 10.0838 8.36474 5.68807 12.5161 8.5795 6.73388 5.96001 13.4578 11.288 9.80144
threshold=3.3120750188827519 0.06348446756601335 0.05444315820932389 6.1151351928710946 3.6687867641448979 0.057161582633852966 1.0000000180025095e-35 0.20616745948791507 459.86738586425787 174.61467742919925 4.9938595294952401 4.839562416076661 4.9063875675201425 0.05444315820932389
decision_type=2 2 2 2 2 2 2 2 2 2 2 2 2 2
left_child=-1 6 3 5 -4 -3 10 8 -8 -9 12 13 -2 -12
right_child=1 2 4 -5 -6 -7 7 9 -10 -11 11 -13 -14 -15
leaf_value=-0.0046022760156184846 0.0010810951186160929 -0.00029507694526399373 -0.0026609433623705778 0.0052920581771715002 -0.011554316737174802 -0.0077257945086314983 -0.012662811387074358 -0.0037719411253607994 -0.0030184065275164758 0.0044684521897492106 -0.00091120495929205897 0.0046674251004494727 -0.0070146711487850209 0.00054371192527486443
leaf_weight=214 6259 960 322 284 177 154 126 140 239 228 10336 495 154 6976
leaf_count=214 6259 960 322 284 177 154 126 140 239 228 10336 495 154 6976
internal_value=-0.000129392 -9.28922e-05 -0.00155455 1.15853e-05 -0.00589884 -0.00135223 1.85167e-05 -0.00257602 -0.00647384 0.00132498 9.75539e-05 -0.000184898 0.000881372 -0.000324948
internal_weight=27064 26850 1897 1398 499 1114 24953 733 365 368 24220 17807 6413 17312
internal_count=27064 26850 1897 1398 499 1114 24953 733 365 368 24220 17807 6413 17312
is_linear=0
shrinkage=0.03


Tree=147
num_leaves=15
num_cat=0
split_feature=4 21 21 17 0 3 6 0 0 7 18 18 4 4
split_gain=4.9891 7.95182 7.09935 13.193 10.7856 8.37037 10.3177 11.6057 9.30945 6.72204 7.92733 8.59081 8.32233 7.74919
threshold=0.00049804378068074595 632.81069946289074 479.79034423828131 0.099999997764825835 3.276893258094788 0.0084864012897014635 0.22265208512544635 3.3680806159973149 2.6596298217773442 0.030372643843293193 5.5153498649597177 5.2380928993225107 0.045456707477569587 0.11112270876765253
decision_type=2 2 2 2 2 2 2 2 2 2 2 2 2 2
left_child=1 -1 3 4 -2 9 7 -7 -8 13 11 -11 -13 -5
right_child=2 -3 -4 5 -6 6 8 -9 -10 10 -12 12 -14 -15
leaf_value=-0.00027337084877763996 0.013965419817177463 0.0038070728724176823 -0.0012472859156580471 0.0029976738854995758 0.0015325349074333393 -0.0063569195310042561 0.010580666064100418 0.0023774301728507782 0.0026318479095290026 -0.00081537825189324504 -0.0020149013585938386 0.00061608259930341896 0.0093961713169025424 -0.0046845767601146641
leaf_weight=18605 123 435 1370 917 126 237 139 311 1812 654 1762 205 181 131
leaf_count=18605 123 435 1370 917 126 237 139 311 1812 654 1762 205 181 131
internal_value=8.46159e-05 -0.000179171 0.000714668 0.00112268 0.00782809 0.00085375 0.0022039 -0.00142334 0.00322376 -2.43442e-05 -0.000791094 0.00128204 0.00480068 0.00201971
internal_weight=27008 19040 7968 6598 249 6349 2499 548 1951 3850 2802 1040 386 1048
internal_count=27008 19040 7968 6598 249 6349 2499 548 1951 3850 2802 1040 386 1048
is_linear=0
shrinkage=0.03


Tree=148
num_leaves=15
num_cat=0
split_feature=7 1 0 21 18 7 5 7 20 0 0 18 18 5
split_gain=6.62636 5.84179 5.5418 12.4137 4.33565 10.5053 10.5215 13.3169 13.079 4.8279 8.36902 13.9562 8.20371 8.53329
threshold=0.31942637264728552 0.13071165233850482 1.0000000180025095e-35 264.75207519531256 3.2063069343566899 0.026064380072057251 0.48887714743614202 0.13021644949913028 14.690649986267092 0.93086954951286327 2.3010358810424809 4.0106117725372323 5.9235315322875985 0.67710891366004955
decision_type=2 2 2 2 2 2 2 2 2 2 2 2 2 2
left_child=1 2 3 -1 5 -4 -7 8 -8 -6 11 -11 13 -13
right_child=-2 -3 4 -5 9 6 7 -9 -10 10 -12 12 -14 -15
leaf_value=0.0088281188147957441 -0.003194481625633044 -0.0055265543675341181 0.0066885625608359154 -0.0020015060846471106 -0.0015801346496172287 0.0054191295687109229 -0.010396556240231008 0.0041387908932173974 0.0018249939821544103 -0.0070338242172371017 -0.00013490295029631406 0.002234240422487585 0.0046887461860695119 -0.0027818336458234434
leaf_weight=195 574 163 293 179 1714 220 208 180 123 151 20548 1228 808 401
leaf_count=195 574 163 293 179 1714 220 208 180 123 151 20548 1228 808 401
internal_value=-1.97206e-05 4.98693e-05 8.55448e-05 0.00368693 3.27857e-05 0.00194102 5.58861e-06 -0.00235502 -0.00589544 -4.62218e-05 6.77329e-05 0.00167376 0.00222659 0.000994733
internal_weight=26985 26411 26248 374 25874 1024 731 511 331 24850 23136 2588 2437 1629
internal_count=26985 26411 26248 374 25874 1024 731 511 331 24850 23136 2588 2437 1629
is_linear=0
shrinkage=0.03


Tree=149
num_leaves=15
num_cat=0
split_feature=7 7 16 5 16 18 21 18 7 17 1 21 18 5
split_gain=7.934 4.93805 8.69973 6.57541 5.65461 16.6042 15.2864 14.7348 11.7426 11.67 11.9283 11.8982 11.2486 10.8758
threshold=0.31942637264728552 0.26673242449760443 0.036132480949163444 0.50428631901741039 0.0038393742870539431 5.7820127010345468 569.15255737304699 6.282386541366578 0.076956551522016539 0.46000000834465032 0.055499413982033736 491.50178527832037 5.5497493743896493 0.65467825531959545
decision_type=2 2 2 2 2 2 2 2 2 2 2 2 2 2
left_child=1 4 -3 -4 5 6 8 -7 -1 10 11 12 -6 -9
right_child=-2 2 3 -5 9 7 -8 13 -10 -11 -12 -13 -14 -15
leaf_value=-0.0015441247789054794 -0.0034717396393370552 -0.0018147049529100025 0.0015168519010828612 0.010353051976225575 0.0013602082565792018 0.002389120232158733 0.0029449208313125446 -0.0023409281866848294 0.0014689157491250195 -0.0013724168229424776 -0.0046700465858698446 -0.0013124251015762553 0.007057062978297471 0.0041021452098019351
leaf_weight=5929 580 202 147 156 2915 4712 1027 1173 1444 6209 358 1421 345 290
leaf_count=5929 580 202 147 156 2915 4712 1027 1173 1444 6209 358 1421 345 290
internal_value=-1.61852e-05 6.05847e-05 0.00298384 0.0061604 2.85029e-06 0.000392783 -0.000475338 0.00157314 -0.000953426 -0.000502369 0.000569991 0.000975301 0.00197298 -0.00105414
internal_weight=26908 26328 505 303 25823 14575 8400 6175 7373 11248 5039 4681 3260 1463
internal_count=26908 26328 505 303 25823 14575 8400 6175 7373 11248 5039 4681 3260 1463
is_linear=0
shrinkage=0.03


Tree=150
num_leaves=15
num_cat=0
split_feature=9 8 6 21 21 21 8 3 21 3 6 21 6 18
split_gain=6.02809 11.8307 11.1484 8.92134 6.48429 11.4955 5.75086 8.59774 14.9813 9.421 7.75034 6.38544 6.17675 5.73445
threshold=1.0000000180025095e-35 0.39473679661750799 0.29262852668762213 357.98431396484381 258.39614868164068 92.834175109863295 0.41872218251228338 0.059463636949658401 334.74348449707037 0.034478886052966125 0.24641492217779162 398.16278076171881 0.22055198252201083 6.2564725875854501
decision_type=2 2 2 2 2 2 2 2 2 2 2 2 2 2
left_child=6 2 3 -2 5 -4 13 9 -9 10 12 -11 -8 -1
right_child=1 -3 4 -5 -6 -7 7 8 -10 11 -12 -13 -14 -15
leaf_value=0.00037027139692498201 -0.012033303434548613 0.0022528651557653582 -0.0041343387740110987 -0.0031849310108973358 -0.0057317583588883279 0.0082615490438459928 0.00027474037184682047 0.0081555695127620287 -0.00454442819311387 -0.0032683862832823389 -0.0016075897122538913 -0.011303675433521811 0.0074107478009178655 -0.0011093678142057542
leaf_weight=19422 203 369 128 212 138 132 365 217 130 321 2508 122 151 2678
leaf_count=19422 203 369 128 212 138 132 365 217 130 321 2508 122 151 2678
internal_value=-9.07161e-05 -0.00218127 -0.00419527 -0.0076049 -0.000589767 0.00219609 5.04125e-06 -0.00106996 0.00340068 -0.00152166 -0.000918502 -0.00558272 0.00241407 0.000190764
internal_weight=27096 1182 813 415 398 260 25914 3814 347 3467 3024 443 516 22100
internal_count=27096 1182 813 415 398 260 25914 3814 347 3467 3024 443 516 22100
is_linear=0
shrinkage=0.03


Tree=151
num_leaves=15
num_cat=0
split_feature=9 8 3 21 21 0 16 21 21 6 8 4 6 20
split_gain=5.50564 7.86079 7.72726 9.54012 7.12349 5.74796 4.90463 13.3972 9.70416 12.7406 11.156 8.662 7.68543 7.0056
threshold=1.0000000180025095e-35 0.39369334280490881 0.0042379922233521947 81.809627532958999 303.62409973144537 2.5486314296722417 0.0028117960318923001 191.62087249755862 545.19631958007824 1.0000000180025095e-35 0.41094043850898748 0.068414609879255309 0.1133195459842682 21.015449523925785
decision_type=2 2 2 2 2 2 2 2 2 2 2 2 2 2
left_child=6 2 5 -4 -3 -2 -1 11 9 -9 -10 13 -11 -8
right_child=1 4 3 -5 -6 -7 7 8 10 12 -12 -13 -14 -15
leaf_value=0.000535870875957349 -0.0037149164887934761 0.005914286665608128 -0.0064266682730522006 0.0041180708306146601 -0.0024004254211227932 -0.010901613827867834 -0.0071777813936985862 0.0084107206535836854 -0.0010315541731408583 -0.0044087587746504979 -0.010301890186862745 0.0036173162362904527 0.00085671505673950922 -0.0016652936027958312
leaf_weight=14016 317 176 122 192 186 148 215 191 840 255 131 262 6207 3850
leaf_count=14016 317 176 122 192 186 148 215 191 840 255 131 262 6207 3850
internal_value=6.54592e-05 -0.00196952 -0.00365954 -1.54449e-05 0.00166759 -0.00609394 0.000155239 -0.000291199 0.000465515 0.000874758 -0.00232861 -0.0016235 0.000645684 -0.00196531
internal_weight=27108 1141 779 314 362 465 25967 11951 7624 6653 971 4327 6462 4065
internal_count=27108 1141 779 314 362 465 25967 11951 7624 6653 971 4327 6462 4065
is_linear=0
shrinkage=0.03


Tree=152
num_leaves=15
num_cat=0
split_feature=7 16 17 18 0 8 0 7 0 18 0 7 0 18
split_gain=5.48418 3.75541 11.8955 10.8501 13.4506 11.5489 10.0024 12.9554 12.2074 9.62105 8.2074 8.61981 8.91738 8.01916
threshold=0.31942637264728552 0.028802150860428814 0.46999999880790716 5.7752783298492441 3.7702991962432866 0.44533875584602362 3.0769239664077763 0.14012897014617923 2.228195428848267 6.1151351928710946 3.8812707662582402 0.026064380072057251 4.1636977195739755 6.1755096912384042
decision_type=2 2 2 2 2 2 2 2 2 2 2 2 2 2
left_child=1 3 -3 4 -1 13 8 10 9 -4 -8 -12 -13 -5
right_child=-2 2 6 5 -6 -7 7 -9 -10 -11 11 12 -14 -15
leaf_value=0.00035396885460577246 -0.0029004666867126381 0.00067946999941016404 -0.0013689394697197711 0.0017440947176016303 -0.0022093443901397918 0.0054260971105585211 -0.0022718456324057608 0.003733910022366779 -0.0040816722269240852 0.0084091436020456833 0.0065951457004361216 0.003367449929177418 -0.0035406386482088321 -0.00041703243438663323
leaf_weight=6656 581 4798 295 3769 2542 536 1938 576 1720 125 201 302 367 2614
leaf_count=6656 581 4798 295 3769 2542 536 1938 576 1720 125 201 302 367 2614
internal_value=-2.98964e-05 3.37212e-05 -0.000412936 0.000319818 -0.000355255 0.00121686 -0.00136153 -0.000345088 -0.00296428 0.0016059 -0.00118696 0.0012289 -0.000420342 0.000859425
internal_weight=27020 26439 10322 16117 9198 6919 5524 3384 2140 420 2808 870 669 6383
internal_count=27020 26439 10322 16117 9198 6919 5524 3384 2140 420 2808 870 669 6383
is_linear=0
shrinkage=0.03


Tree=153
num_leaves=15
num_cat=0
split_feature=3 16 16 17 18 3 0 0 7 0 17 16 7 0
split_gain=4.89735 5.96183 7.87508 10.1417 5.79622 9.7702 5.51963 8.18593 6.78501 5.22051 4.27547 5.44056 4.26721 4.14526
threshold=0.076053604483604445 0.20008224248886111 0.16670507192611697 0.68999999761581432 4.6278135776519784 0.093790415674448027 4.0263161659240732 3.6423991918563847 0.033497868105769164 2.3010358810424809 0.61000001430511486 0.046193944290280349 0.045246755704283721 3.2693173885345463
decision_type=2 2 2 2 2 2 2 2 2 2 2 2 2 2
left_child=1 2 -1 13 5 -2 7 10 -8 -3 12 -12 -6 -4
right_child=4 9 3 -5 6 -7 8 -9 -10 -11 11 -13 -14 -15
leaf_value=0.00014774176506746682 -0.011693724434170872 0.0061078497177116066 0.0014835705370734372 -0.0091214053161980148 -0.00094087489008744967 -7.2054161908144645e-05 -0.0023576055291078743 -0.0065708999901627459 0.0059457300239104472 0.001193054196145471 0.00055214281046263324 -0.0063871446539780921 0.0057447959005512529 -0.0046039834093225852
leaf_weight=23617 120 246 273 182 183 136 150 247 204 881 241 170 155 153
leaf_count=23617 120 246 273 182 183 136 150 247 204 881 241 170 155 153
internal_value=5.8199e-05 0.000160089 6.06379e-05 -0.00329641 -0.00154572 -0.00563937 -0.000751497 -0.00189361 0.00244353 0.00228809 -0.000317825 -0.00236039 0.00216409 -0.000730851
internal_weight=26958 25352 24225 608 1606 256 1350 996 354 1127 749 411 338 426
internal_count=26958 25352 24225 608 1606 256 1350 996 354 1127 749 411 338 426
is_linear=0
shrinkage=0.03


Tree=154
num_leaves=15
num_cat=0
split_feature=4 21 21 6 21 7 20 1 0 3 8 21 7 8
split_gain=5.22358 8.96598 6.49637 11.3437 5.99346 11.2915 9.97204 9.55422 8.27306 8.16913 8.14351 12.3992 11.395 8.30647
threshold=0.037774171680212028 23.687749862670902 416.61059570312506 0.21614840626716617 163.72956848144534 0.033802295103669174 14.690649986267092 0.074170604348182692 4.777416706085206 0.019619220867753032 0.41872218251228338 392.94615173339849 0.074851002544164671 0.38797177374362951
decision_type=2 2 2 2 2 2 2 2 2 2 2 2 2 2
left_child=4 -2 -3 -4 5 7 -7 -1 -8 -6 12 -12 13 -11
right_child=1 2 3 -5 9 6 8 -9 -10 10 11 -13 -14 -15
leaf_value=0.00013617779869011252 0.0089157488405527101 0.0015162552795523101 0.0014818539560363486 -0.0049864469399212505 0.00060723259302186867 -0.0082701137644023842 -0.0018029728520807444 0.0072282105025865866 0.0051650036029895997 -0.0019391642197183554 -0.00054701371463061787 -0.0079851382743130403 0.0022722216333774972 0.0029683550644085187
leaf_weight=2602 121 2795 562 424 11421 203 3831 178 155 2441 500 334 1107 351
leaf_count=2602 121 2795 562 424 11421 203 3831 178 155 2441 500 334 1107 351
internal_value=2.7118e-05 0.0010417 0.000778273 -0.00131077 -0.000144281 -0.000879296 -0.00186218 0.000602434 -0.00152588 0.000172986 -0.00087441 -0.00355567 -0.000297067 -0.00131801
internal_weight=27025 3902 3781 986 23123 6969 4189 2780 3986 16154 4733 834 3899 2792
internal_count=27025 3902 3781 986 23123 6969 4189 2780 3986 16154 4733 834 3899 2792
is_linear=0
shrinkage=0.03


Tree=155
num_leaves=15
num_cat=0
split_feature=3 21 0 5 6 18 6 18 5 9 5 6 16 21
split_gain=3.94054 5.22737 5.58586 5.89488 9.2779 5.17697 3.8141 12.7754 7.27631 4.3755 5.41356 7.50467 11.6551 11.762
threshold=0.090912263840436949 471.56147766113287 3.8002268075942998 0.63812714815139782 0.277668446302414 5.7752783298492441 0.5340489149093629 6.0152394771575937 0.42244820296764379 1.0000000180025095e-35 0.59117040038108837 0.31695428490638738 1.0000000180025095e-35 206.65666961669925
decision_type=2 2 2 2 2 2 2 2 2 2 2 2 2 2
left_child=6 2 3 4 -2 -4 9 8 -8 10 -1 -12 -13 -14
right_child=1 -3 5 -5 -6 -7 7 -9 -10 -11 11 12 13 -15
leaf_value=-9.1767478852311025e-05 0.0033285286197704926 0.0033636496165910593 -0.0029307542189946868 -0.0087823010544905069 -0.0061988620503365781 0.005056051461605795 -0.0033842663752147928 0.0078977749943619641 0.0052853050982952119 -0.0018459273450108329 0.00052024787200502011 0.0066500440036251956 -0.0034619864763015622 0.0050188624252450091
leaf_weight=15160 156 151 153 179 211 131 283 241 120 919 8188 477 323 262
leaf_count=15160 156 151 153 179 211 131 283 241 120 919 8188 477 323 262
internal_value=0.000168184 -0.00169342 -0.00262807 -0.00439021 -0.00215877 0.000777037 0.000238809 0.00250978 -0.000769622 0.000180584 0.000257242 0.000828981 0.00319571 0.000346618
internal_weight=26954 981 830 546 367 284 25973 644 403 25329 24410 9250 1062 585
internal_count=26954 981 830 546 367 284 25973 644 403 25329 24410 9250 1062 585
is_linear=0
shrinkage=0.03


Tree=156
num_leaves=15
num_cat=0
split_feature=4 6 5 20 7 21 21 4 5 5 21 0 7 3
split_gain=2.96403 8.99814 12.9732 10.8036 11.0506 10.482 8.16709 9.53562 9.84906 8.01306 12.3225 9.04775 10.809 7.65701
threshold=0.00049804378068074595 0.21868701279163363 0.75867497920990001 75.854274749755874 0.061642965301871307 552.82000732421886 430.17074584960943 0.043493278324604041 0.45242440700531011 0.31990608572959905 219.61387634277347 4.4766993522644052 0.052857585251331336 0.014072624500840904
decision_type=2 2 2 2 2 2 2 2 2 2 2 2 2 2
left_child=-1 3 6 4 -2 -6 9 8 -8 10 -3 13 -13 -11
right_child=1 2 -4 -5 5 -7 7 -9 -10 11 -12 12 -14 -15
leaf_value=-0.00013089705336179254 0.0042281438056761544 -0.0076798409869632735 0.0096062486321362526 -0.0025997269035385414 0.0014241435416688149 -0.0069564950107684678 0.0074939391948610646 -0.0059147298024807048 -0.0017913785083943491 0.00044892560426183586 0.0034845777831069426 0.012048212494701147 0.00020625129908323289 0.0032796015292948844
leaf_weight=19118 571 197 158 1450 363 207 137 303 368 2296 155 160 120 1372
leaf_count=19118 571 197 158 1450 363 207 137 303 368 2296 155 160 120 1372
internal_value=7.07168e-05 0.000561064 0.00127281 -0.000885163 0.00129557 -0.00165338 0.0010059 -0.00175373 0.000776383 0.00152588 -0.00278374 0.00191316 0.00706574 0.00151075
internal_weight=26975 7857 5266 2591 1141 570 5108 808 505 4300 352 3948 280 3668
internal_count=26975 7857 5266 2591 1141 570 5108 808 505 4300 352 3948 280 3668
is_linear=0
shrinkage=0.03


Tree=157
num_leaves=15
num_cat=0
split_feature=17 0 5 17 3 6 5 8 17 16 17 8 4 0
split_gain=4.65789 7.81556 9.53595 7.68986 7.10935 6.74299 11.7142 17.3177 9.8622 9.90228 8.45062 7.42465 7.27276 6.58182
threshold=0.31000000238418585 4.839562416076661 0.46338295936584478 0.62000000476837169 0.090912263840436949 0.3978018462657929 0.44181887805461889 0.28731815516948706 0.87999999523162853 0.023069390095770363 0.69999998807907116 0.39369334280490881 0.03955193608999253 4.777416706085206
decision_type=2 2 2 2 2 2 2 2 2 2 2 2 2 2
left_child=13 4 -3 -4 5 -2 7 -7 9 11 -11 -8 -9 -1
right_child=1 2 3 -5 -6 6 8 12 -10 10 -12 -13 -14 -15
leaf_value=0.00068721751064630915 -0.00053374831858951719 -0.0023680210706120744 0.00039119276247776236 0.008974193937216525 -0.0034033240678920341 0.0068327921723396008 0.00098019130984330774 -0.0014134415293328975 0.0089499122076647855 0.001855112857644865 -0.0074096801940608638 0.0084278613078782733 -0.0083898973201398681 -0.0040746018729470148
leaf_weight=8109 15211 192 152 243 690 208 239 765 228 224 140 241 159 265
leaf_count=8109 15211 192 152 243 690 208 239 765 228 224 140 241 159 265
internal_value=-5.36038e-05 -0.000317005 0.0030752 0.00571754 -0.000427806 -0.00030897 0.00124004 -0.000887342 0.00348019 0.00195858 -0.00176039 0.00476788 -0.00265263 0.000534186
internal_weight=27066 18692 587 395 18105 17415 2204 1132 1072 844 364 480 924 8374
internal_count=27066 18692 587 395 18105 17415 2204 1132 1072 844 364 480 924 8374
is_linear=0
shrinkage=0.03


Tree=158
num_leaves=15
num_cat=0
split_feature=3 4 21 5 7 0 7 20 6 5 1 21 1 7
split_gain=6.13469 5.06741 6.22554 5.34401 5.40865 7.49575 4.28742 18.0039 7.74522 10.1179 7.79906 14.7934 7.73895 7.71847
threshold=0.089825127273798003 0.0081943478435277956 471.56147766113287 0.67351314425468456 0.033497868105769164 3.8392926454544072 0.025782733224332336 14.690649986267092 0.34113429486751562 0.46839353442192083 0.075028147548437132 206.65666961669925 0.067535310983657851 0.0092633198946714419
decision_type=2 2 2 2 2 2 2 2 2 2 2 2 2 2
left_child=6 2 3 4 -2 -6 7 -1 10 -10 -9 -12 -8 -11
right_child=1 -3 -4 -5 5 -7 12 8 9 13 11 -13 -14 -15
leaf_value=0.0064795540399474579 -0.004427560655751818 -0.0075035074386666989 0.0040781794366641687 -0.0067203834520303636 -0.0021600579871379013 0.0069421235191402956 -6.9436583277645864e-06 -0.00035235777474942854 2.4710815956474407e-05 -0.00089501470430857605 0.011496500131246206 -0.00055235439007008942 -0.002858322664381188 0.007410664086960928
leaf_weight=450 236 137 151 195 201 130 17048 5988 671 130 143 240 897 427
leaf_count=450 236 137 151 195 201 130 17048 5988 671 130 143 240 897 427
internal_value=1.68262e-05 -0.00222579 -0.00139729 -0.00250183 -0.00100494 0.00146492 0.000107825 0.000682885 0.000335581 0.00251199 -8.55591e-05 0.00403648 -0.000150229 0.00548146
internal_weight=27044 1050 913 762 567 331 25994 8049 7599 1228 6371 383 17945 557
internal_count=27044 1050 913 762 567 331 25994 8049 7599 1228 6371 383 17945 557
is_linear=0
shrinkage=0.03


Tree=159
num_leaves=15
num_cat=0
split_feature=21 6 8 8 20 6 6 8 8 8 7 21 1 7
split_gain=6.7923 11.2331 14.9057 9.65733 7.93178 6.59394 10.8941 8.96814 6.78607 6.49914 6.60921 6.12852 6.04775 7.29796
threshold=114.22532272338869 0.43156571686267858 0.4146565049886704 0.33465260267257696 117.2961769104004 0.14641568064689639 0.29365825653076177 0.3574091643095017 0.22726226598024371 0.38393439352512365 0.066948678344488158 36.92665100097657 0.054054111242294318 0.022702814079821113
decision_type=2 2 2 2 2 2 2 2 2 2 2 2 2 2
left_child=1 4 3 -3 -1 11 8 -8 -7 10 -9 -6 -2 -14
right_child=12 2 -4 -5 5 6 7 9 -10 -11 -12 -13 13 -15
leaf_value=-0.0044893351139801878 0.00035051498888921526 0.0033964758373579932 0.0087733997900179047 -0.0063959065750586212 -0.010186364624893205 0.0055493005454844355 -0.0045837810337022158 0.0076053038387236972 0.00024129920916499828 -0.0018248984264035461 -0.0015608053878796372 -0.0020112962752862973 0.0011186699142919248 -0.0025802091743760327
leaf_weight=663 19256 201 231 157 121 240 837 151 1886 796 127 249 722 1414
leaf_count=663 19256 201 231 157 121 240 837 151 1886 796 127 249 722 1414
internal_value=-6.21287e-05 -0.000985907 0.00291929 -0.000926895 -0.00144202 -0.000979003 -0.000624693 -0.0022656 0.000852124 -0.000446101 0.00346431 -0.00478494 0.000182419 -0.00133024
internal_weight=27051 5659 589 358 5070 4407 4037 1911 2126 1074 278 370 21392 2136
internal_count=27051 5659 589 358 5070 4407 4037 1911 2126 1074 278 370 21392 2136
is_linear=0
shrinkage=0.03


Tree=160
num_leaves=15
num_cat=0
split_feature=7 8 21 21 9 8 3 17 17 5 5 0 18 8
split_gain=4.11864 5.15384 5.49468 4.61796 4.20862 9.54514 9.55507 7.88423 5.65468 3.83303 10.4553 9.19695 7.88846 13.3619
threshold=0.31942637264728552 0.35669112205505377 204.516960144043 421.96502685546881 1.0000000180025095e-35 0.39714545011520391 0.0042379922233521947 0.54000002145767223 0.65999999642372142 0.58187112212181102 0.57203319668769848 3.606695413589478 5.8899786472320566 0.38116003572940832
decision_type=2 2 2 2 2 2 2 2 2 2 2 2 2 2
left_child=4 -2 -3 -4 9 6 -6 -7 -8 10 11 -1 -11 -14
right_child=1 2 3 -5 5 7 8 -9 -10 12 -12 -13 13 -15
leaf_value=0.00050632797529976401 -0.0073632184675945017 -0.004718327647278784 0.0059813977271103514 -0.0019733806948330421 -0.0062086833164908383 -0.0015739919589010671 0.0042891338528767671 0.0074024751733164657 -0.0036457654601864276 -9.3403682790572596e-06 -0.0039211299840182763 -0.001092816389392318 0.00096985335338454169 0.0064213988537389676
leaf_weight=9565 143 187 125 129 480 199 164 151 150 6967 646 4886 2655 473
leaf_count=9565 143 187 125 129 480 199 164 151 150 6967 646 4886 2655 473
internal_value=-3.59599e-05 -0.00251702 -0.000880651 0.00198127 1.95249e-05 -0.00175609 -0.00356876 0.00234843 0.000500846 0.00010049 -0.000202097 -3.45466e-05 0.000552883 0.00180314
internal_weight=26920 584 441 254 26336 1144 794 350 314 25192 15097 14451 10095 3128
internal_count=26920 584 441 254 26336 1144 794 350 314 25192 15097 14451 10095 3128
is_linear=0
shrinkage=0.03


Tree=161
num_leaves=15
num_cat=0
split_feature=18 5 3 7 6 18 18 6 3 18 6 17 8 3
split_gain=4.93923 6.82341 6.11008 8.69084 10.2337 8.52161 6.13148 5.67744 4.98667 4.86791 13.9329 16.6238 12.4783 10.6722
threshold=6.3691570758819589 0.74343645572662365 0.0015917093842290344 0.026365309022367004 0.16675738245248797 6.4161303043365487 6.4273672103881845 0.32154963910579687 0.04347332380712033 5.7961018085479745 0.37424020469188696 0.67000001668930065 0.46476238965988165 0.012772255577147009
decision_type=2 2 2 2 2 2 2 2 2 2 2 2 2 2
left_child=9 2 3 4 -2 -4 -5 8 -7 10 13 -12 -11 -1
right_child=1 -3 5 6 -6 7 -8 -9 -10 12 11 -13 -14 -15
leaf_value=0.00059467008958130835 -0.0051822517406552616 -0.0080188998598605381 0.0061333163177549116 -0.0094466667859635957 0.0054561550112987829 -0.0002293128089071546 -0.0020345103477118803 0.003135734875125429 -0.0082963544826530518 0.00034367562940050306 -0.0019462650217957622 -0.012801676320729495 0.0051829326778275548 -0.0011590229008026942
leaf_weight=9930 141 135 200 203 179 153 201 161 121 8881 1509 134 502 4550
leaf_count=9930 141 135 200 203 179 153 201 161 121 8881 1509 134 502 4550
internal_value=-3.62444e-05 -0.00170984 -0.00105601 -0.00293099 0.000760996 0.00108795 -0.00582889 -0.00127509 -0.0038766 6.21014e-05 -0.000254054 -0.00286777 0.000605203 4.34034e-05
internal_weight=27000 1494 1359 724 320 635 404 435 274 25506 16123 1643 9383 14480
internal_count=27000 1494 1359 724 320 635 404 435 274 25506 16123 1643 9383 14480
is_linear=0
shrinkage=0.03


Tree=162
num_leaves=15
num_cat=0
split_feature=5 0 0 5 21 18 18 18 21 8 21 3 1 18
split_gain=5.49118 8.62249 7.55623 7.3655 7.35665 7.07054 13.9302 10.7341 16.3769 14.603 13.4793 19.6017 12.4324 12.4562
threshold=0.58042725920677196 0.099503494799137129 0.81012678146362316 0.57203319668769848 81.809627532958999 6.4056370258331308 6.4794530868530282 5.8971426486969003 34.795349121093757 0.40515249967575079 32.457849502563484 0.018697039224207405 0.037955403327941901 6.1210622787475595
decision_type=2 2 2 2 2 2 2 2 2 2 2 2 2 2
left_child=1 -1 4 -4 -3 7 -7 8 -2 10 11 -9 -12 -14
right_child=5 2 3 -5 -6 6 -8 9 -10 -11 12 -13 13 -15
leaf_value=0.0022158960391027278 -0.01049764527316044 -0.0092599532147869465 -0.00034593581228066229 -0.0037150036027525229 -0.0020648809165633732 -0.0084450902374685818 0.0030512048007151761 0.014823903461737977 0.00012485796448919917 0.0087535954767459321 -0.00044536510860338359 -0.00037655711132327034 -0.00038708843806509885 0.0093101925935798312
leaf_weight=998 128 151 13764 605 739 219 161 150 7305 263 1905 150 216 260
leaf_count=998 128 151 13764 605 739 219 161 150 7305 263 1905 150 216 260
internal_value=-0.000131018 -0.000478885 -0.000655802 -0.000489032 -0.00333053 0.000394688 -0.00359792 0.000542558 -6.50007e-05 0.00207403 0.0014037 0.00734209 0.000641663 0.00495146
internal_weight=27014 16257 15259 14369 890 10757 380 10377 7433 2944 2681 300 2381 476
internal_count=27014 16257 15259 14369 890 10757 380 10377 7433 2944 2681 300 2381 476
is_linear=0
shrinkage=0.03


Tree=163
num_leaves=15
num_cat=0
split_feature=3 4 21 0 5 18 0 0 16 5 18 5 5 7
split_gain=5.43238 9.80438 7.7525 7.06609 7.50501 4.26022 5.06489 8.87564 6.78228 12.6291 7.98797 7.77554 7.41853 5.75034
threshold=0.090912263840436949 0.0099744596518576163 471.56147766113287 4.0010154247283944 0.66427344083786022 6.3691570758819589 4.1769094467163095 3.8812707662582402 0.023069390095770363 0.64733746647834789 6.4273672103881845 0.52823558449745189 0.56931573152542125 0.082436289638280882
decision_type=2 2 2 2 2 2 2 2 2 2 2 2 2 2
left_child=5 2 3 4 -2 -1 7 8 9 10 -7 -12 13 -10
right_child=1 -3 -4 -5 -6 6 -8 -9 12 -11 11 -13 -14 -15
leaf_value=0.00022921507337799249 -0.0016091883247129743 -0.0098202068480448077 0.0054191590292001516 0.0027460610860467454 -0.0094513862638268623 -0.0061249252806513388 -0.0060853660368030112 0.0067812137380020608 -0.0050296627802067784 0.0088672360395013507 0.0070086948817524196 -0.0026728829256799972 -0.0086243884548323352 0.0037546723732352258
leaf_weight=24496 359 125 138 184 155 209 181 121 140 122 125 171 201 120
leaf_count=24496 359 125 138 184 155 209 181 121 140 122 125 171 201 120
internal_value=5.50209e-05 -0.00215388 -0.00095603 -0.00224603 -0.00404232 0.000137425 -0.00147522 -0.000762809 -0.00162899 0.000405234 -0.00170594 0.00146413 -0.00437037 -0.000981008
internal_weight=26847 961 836 698 514 25886 1390 1209 1088 627 505 296 461 260
internal_count=26847 961 836 698 514 25886 1390 1209 1088 627 505 296 461 260
is_linear=0
shrinkage=0.03


Tree=164
num_leaves=15
num_cat=0
split_feature=0 18 0 0 5 21 8 8 5 9 8 5 1 16
split_gain=4.11682 7.52369 7.05555 5.23827 10.8306 6.07802 9.42511 5.96681 6.42726 5.7216 14.1379 7.17693 5.61463 6.78488
threshold=4.5351233482360849 4.6278135776519784 4.9940886497497567 3.606695413589478 0.5954205095767976 277.74882507324224 0.2902305275201798 0.23423257470130923 0.49044576287269598 1.0000000180025095e-35 0.36651439964771276 0.65672299265861522 0.034483343362808234 0.090913936495780959
decision_type=2 2 2 2 2 2 2 2 2 2 2 2 2 2
left_child=3 2 -2 9 7 6 -6 8 -5 -1 11 -11 13 -7
right_child=1 -3 -4 4 5 12 -8 -9 -10 10 -12 -13 -14 -15
leaf_value=0.00020887874197338268 0.0015307579444024477 0.0023482967107671913 -0.0081246175078029566 0.0065966419775325517 -0.0012474265955700881 -0.00082434285807439348 0.0039620746398351513 -0.0020099230872970358 -0.0021363398080829206 -0.0031866344940244102 0.0016810484562954559 -0.011064920393509731 -0.0043746238715625949 0.0055893337188871297
leaf_weight=17358 138 1289 127 151 487 865 858 4386 144 337 441 150 297 174
leaf_count=17358 138 1289 127 151 487 865 858 4386 144 337 441 150 297 174
internal_value=-9.52084e-05 0.00140163 -0.0031613 -0.000186157 -0.000861558 0.000658121 0.00207818 -0.00173171 0.00236921 8.5923e-05 -0.00220273 -0.005701 -0.000773918 0.000271372
internal_weight=27202 1554 265 25648 7362 2681 1345 4681 295 18286 928 487 1336 1039
internal_count=27202 1554 265 25648 7362 2681 1345 4681 295 18286 928 487 1336 1039
is_linear=0
shrinkage=0.03


Tree=165
num_leaves=15
num_cat=0
split_feature=11 16 18 4 3 8 21 18 8 3 8 16 20 18
split_gain=5.1287 3.08489 4.83294 2.6942 11.5413 8.47676 2.70526 13.6521 18.067 17.6462 17.4094 12.1132 10.3385 10.4245
threshold=1.0000000180025095e-35 0.29928679764270788 5.5153498649597177 0.11405628919601442 0.0018849197076633575 0.23590837419033053 223.9706726074219 5.8899786472320566 0.35067644715309149 0.00950095569714904 0.428987666964531 0.014518904965370895 110.70455169677736 5.4896833896636972
decision_type=2 2 2 2 2 2 2 2 2 2 2 2 2 2
left_child=1 3 -3 6 5 -5 7 8 -1 11 -11 -9 -10 -14
right_child=-2 2 -4 4 -6 -7 -8 9 12 10 -12 -13 13 -15
leaf_value=0.00028825749856784417 -0.0051358120082043148 -0.00066668741469610624 0.0065220672978523238 -0.0069235916456984962 0.0094885831290083215 0.0023759790557391527 0.00021958165868020432 0.00028743366101799931 -0.0093414727125186899 0.0012480400274896921 0.0082942028659478192 -0.0028944638737096197 0.00076911783062886174 -0.0050042889866120724
leaf_weight=1478 168 168 162 122 136 284 15427 3016 296 2485 357 1669 415 862
leaf_count=1478 168 168 162 122 136 284 15427 3016 296 2485 357 1669 415 862
internal_value=1.30251e-05 4.61582e-05 0.00290701 1.00548e-05 0.0020937 -0.000468706 -3.37669e-05 -0.000403181 -0.00209424 0.000283208 0.00214616 -0.000847973 -0.00432666 -0.00313236
internal_weight=27045 26877 330 26547 542 406 26005 10578 3051 7527 2842 4685 1573 1277
internal_count=27045 26877 330 26547 542 406 26005 10578 3051 7527 2842 4685 1573 1277
is_linear=0
shrinkage=0.03


Tree=166
num_leaves=15
num_cat=0
split_feature=1 0 1 12 1 3 20 0 18 17 16 1 8 4
split_gain=5.08017 7.72153 9.39463 6.83883 7.47972 6.79631 6.25682 13.0335 6.65051 16.4815 11.6282 12.1888 7.65612 8.95034
threshold=0.024635854177176956 1.6446080803871157 0.12505296617746356 1.0000000180025095e-35 0.019480757415294651 0.023033386096358303 39.212150573730476 4.4219677448272714 5.8899786472320566 0.81999999284744274 0.012728943955153229 0.027775870636105541 0.31782813370227819 0.024746496230363849
decision_type=2 2 2 2 2 2 2 2 2 2 2 2 2 2
left_child=3 -2 6 4 -1 -6 7 -3 9 -8 11 -10 -13 -14
right_child=1 2 -4 -5 5 -7 8 -9 10 -11 -12 12 13 -15
leaf_value=0.0002364332023743493 0.0039699265862231554 0.0030825616636347788 -0.0083905380796494566 -0.0049477647560892037 0.0048694860508248965 -0.00057888624937674378 -0.0013560418469957718 -0.0071924086394828069 -0.0053441133548399987 -0.012255740172857809 -0.0023624352999079951 -0.0002993758956141119 0.0028348834709040196 0.0102930503271978
leaf_weight=17762 317 803 138 215 600 311 4003 124 189 124 981 516 799 174
leaf_count=17762 317 803 138 215 600 311 4003 124 189 124 981 516 799 174
internal_value=4.0659e-05 -0.000584246 -0.000770539 0.000310978 0.000372835 0.0030165 -0.000628856 0.00167692 -0.000944838 -0.00169797 0.000225078 0.00174033 0.00265444 0.00421442
internal_weight=27056 8168 7851 18888 18673 911 7713 927 6786 4127 2659 1678 1489 973
internal_count=27056 8168 7851 18888 18673 911 7713 927 6786 4127 2659 1678 1489 973
is_linear=0
shrinkage=0.03


Tree=167
num_leaves=15
num_cat=0
split_feature=20 7 3 20 4 5 21 21 21 17 3 7 8 5
split_gain=4.64574 7.61334 7.82556 14.579 7.50962 8.91682 7.35308 7.45828 6.44826 32.4801 12.0296 7.28907 10.7341 10.1553
threshold=70.915950775146499 0.21027652174234393 0.036422709003090865 40.95845031738282 0.00049804378068074595 0.62321722507476818 245.36387634277347 482.86642456054693 247.47693634033206 0.50000000000000011 1.0000000180025095e-35 0.045246755704283721 0.2892217636108399 0.42484952509403234
decision_type=2 2 2 2 2 2 2 2 2 2 2 2 2 2
left_child=1 2 8 4 5 -4 -3 -8 10 11 -1 12 -10 -13
right_child=-2 6 3 -5 -6 -7 7 -9 9 -11 -12 13 -14 -15
leaf_value=-0.0026966196359690586 -0.00023026384419500012 -0.0087865628470480441 0.00090704732761716952 0.0038279478186585094 -0.0094673579125837595 -0.0072399221033611818 0.0029584585801213704 -0.003647977017635333 0.00050465961952023651 0.015219612228570552 0.0057445036063930302 0.0056503853516450108 0.0053075584237861524 -0.00069242762052776493
leaf_weight=649 20766 120 333 330 157 184 266 351 815 159 193 261 859 1552
leaf_count=649 20766 120 333 330 157 184 266 351 815 159 193 261 859 1552
internal_value=-1.46999e-05 0.000703547 0.00108808 -0.0013014 -0.0038225 -0.00203403 -0.00214994 -0.000798935 0.00162348 0.00216939 -0.000739289 0.00155339 0.0029777 0.000233714
internal_weight=26995 6229 5492 1004 674 517 737 617 4488 3646 842 3487 1674 1813
internal_count=26995 6229 5492 1004 674 517 737 617 4488 3646 842 3487 1674 1813
is_linear=0
shrinkage=0.03


Tree=168
num_leaves=15
num_cat=0
split_feature=16 5 3 18 18 3 8 5 1 3 1 0 1 6
split_gain=4.68609 3.92576 3.38104 7.80207 7.92777 6.88808 9.94156 6.63175 8.65416 5.9179 5.82649 8.90674 7.01084 7.38048
threshold=0.29928679764270788 0.60160642862319957 0.04255660995841027 3.8340399265289311 3.2063069343566899 0.036942468956112869 0.41605456173419958 0.75079885125160228 0.057157015427947051 0.075020220130682005 0.10532209649682046 3.0769239664077763 0.088912859559059157 0.26753346621990209
decision_type=2 2 2 2 2 2 2 2 2 2 2 2 2 2
left_child=2 -2 5 4 -4 10 -7 8 -5 -9 12 -12 -1 -14
right_child=1 -3 3 7 -6 6 -8 9 -10 -11 11 -13 13 -15
leaf_value=8.8161961227552441e-05 0.006091112446743898 -0.00045293160680708267 -0.00066943533496522062 0.00054880799832751279 -0.01008275199884128 0.0048547285695231578 -0.0044068676122832433 -0.0075417017902425594 -0.0041687891315064533 -5.4075313576807573e-05 0.0006558491557686455 -0.0097735531531895192 0.0097598135231478176 -0.00038072778806090356
leaf_weight=21131 207 134 168 3191 151 556 124 203 388 175 161 130 134 120
leaf_count=21131 207 134 168 3191 151 556 124 203 388 175 161 130 134 120
internal_value=8.13165e-05 0.00355017 3.62428e-05 -0.000736153 -0.0052121 0.000184109 0.00314601 -0.000369195 3.22702e-05 -0.00412117 9.04873e-05 -0.00408973 0.000148313 0.00505414
internal_weight=26973 341 26632 4276 319 22356 680 3957 3579 378 21676 291 21385 254
internal_count=26973 341 26632 4276 319 22356 680 3957 3579 378 21676 291 21385 254
is_linear=0
shrinkage=0.03


Tree=169
num_leaves=15
num_cat=0
split_feature=16 16 18 18 20 0 0 18 18 0 20 18 4 16
split_gain=4.1927 6.60615 6.05943 3.08134 3.3791 3.16317 9.27051 7.1534 8.53132 6.88701 11.1238 8.1626 14.6921 9.9878
threshold=0.30609922111034399 0.2756482213735581 5.5497493743896493 2.1100602149963383 2.8754498958587651 1.0586304068565371 0.099503494799137129 6.1151351928710946 5.3565340042114267 2.533472061157227 5.8237497806549081 5.8971426486969003 0.045453824102878577 0.10526593402028085
decision_type=2 2 2 2 2 2 2 2 2 2 2 2 2 2
left_child=1 3 -2 4 -1 6 7 8 -5 10 -7 -12 13 -13
right_child=2 -3 -4 5 -6 9 -8 -9 -10 -11 11 12 -14 -15
leaf_value=-0.00055716134569778726 -0.00051671180788404741 -0.0067282781916767802 0.0080394371054135268 -0.0012222953361580085 0.0056298731184261071 -0.0066729246292603558 -0.0028811213573876906 -0.0031003100153085958 0.0054278417092276628 -0.00020671382097583787 0.00054340186752903754 0.0059758957145771598 -0.0057778877617998253 -0.0022804258318297609
leaf_weight=142 158 129 135 299 173 151 1243 269 404 20306 2517 888 130 152
leaf_count=142 158 129 135 299 173 151 1243 269 404 20306 2517 888 130 152
internal_value=-4.45533e-05 -8.38831e-05 0.00349429 -5.04947e-05 0.00287567 -8.60022e-05 -0.00116969 0.00102244 0.00261075 1.36383e-05 0.00117822 0.00150837 0.00357313 0.00476407
internal_weight=27096 26803 293 26674 315 26359 2215 972 703 24144 3838 3687 1170 1040
internal_count=27096 26803 293 26674 315 26359 2215 972 703 24144 3838 3687 1170 1040
is_linear=0
shrinkage=0.03


Tree=170
num_leaves=15
num_cat=0
split_feature=0 0 8 17 21 1 8 0 0 8 18 18 16 17
split_gain=7.40185 8.97307 7.35659 7.42273 11.954 12.5557 11.9402 9.46425 7.85241 7.77571 12.9777 9.25888 19.7095 10.2162
threshold=1.1846225857734682 1.6446080803871157 0.22726226598024371 0.31000000238418585 360.39758300781256 0.048784300684928901 0.45456308126449591 4.839562416076661 4.777416706085206 0.24853866547346118 6.2629261016845712 5.8899786472320566 0.039447205141186721 0.87000000476837169
decision_type=2 2 2 2 2 2 2 2 2 2 2 2 2 2
left_child=-1 -2 -3 4 5 -4 8 9 -6 10 -5 13 -13 -11
right_child=1 2 3 7 6 -7 -8 -9 -10 11 -12 12 -14 -15
leaf_value=-0.0014898890221317954 0.0037435562278174245 0.0018618509452424318 0.0050317766960845996 -0.0015267572663008021 0.00093758588717544845 -0.004899606116285378 -0.0042258622100372909 0.0035367314081457958 -0.0051538777533587012 -0.00086512752357989758 -0.01143282741043918 0.0018018051289024858 -0.0014972426375728558 -0.0066828204429948655
leaf_weight=2381 643 2096 906 619 5043 127 477 535 193 6888 143 3982 2752 278
leaf_count=2381 643 2096 906 619 5043 127 477 535 193 6888 143 3982 2752 278
internal_value=0.000105731 0.000259926 0.000165986 3.60933e-06 0.000831403 0.00379306 0.00029304 -0.000364004 0.000708351 -0.000507494 -0.00344818 -0.000345103 0.000453465 -0.00109532
internal_weight=27063 24682 24039 21943 6746 1033 5713 15197 5236 14662 762 13900 6734 7166
internal_count=27063 24682 24039 21943 6746 1033 5713 15197 5236 14662 762 13900 6734 7166
is_linear=0
shrinkage=0.03


Tree=171
num_leaves=15
num_cat=0
split_feature=1 7 17 20 7 7 0 0 6 17 6 13 2 16
split_gain=5.86467 14.68 8.33249 8.00667 7.23225 5.38696 5.99217 5.58819 5.34773 11.7541 10.5899 9.66794 11.9442 8.25659
threshold=0.058814218267798431 0.029761935584247116 0.62000000476837169 79.811397552490249 0.017156364396214489 0.080234304070472731 3.1167681217193608 3.3172373771667485 0.21772284060716632 0.86000001430511486 0.2271310240030289 1.0000000180025095e-35 0.058260355144739158 0.076913341879844679
decision_type=2 2 2 2 2 2 2 2 2 2 2 2 2 2
left_child=8 2 -2 -3 -4 6 -5 -7 9 11 -10 -1 -13 -11
right_child=1 3 4 5 -6 7 -8 -9 10 13 -12 12 -14 -15
leaf_value=-0.00013980158686786818 -0.0011632660905181199 0.00052538427771115827 0.00049665118262773138 -0.010548650813718674 0.0084396752580553572 0.002671672474055118 -0.0044987378173911045 -0.0052629630645716803 0.00338964264993138 -0.0028378850797920554 5.5473087922296236e-05 -0.0095105513183800956 0.0011420775377856832 -0.011355822110726447
leaf_weight=8263 649 294 218 228 192 137 443 179 906 562 14563 218 163 122
leaf_count=8263 649 294 218 228 192 137 443 179 906 562 14563 218 163 122
internal_value=-0.000225946 -0.00165996 0.000951685 -0.0038143 0.00427318 -0.0051031 -0.00661726 -0.00183491 -9.03168e-05 -0.000657466 0.000251783 -0.000356673 -0.00499737 -0.00442855
internal_weight=27137 2340 1059 1281 410 987 671 316 24797 9328 15469 8644 381 684
internal_count=27137 2340 1059 1281 410 987 671 316 24797 9328 15469 8644 381 684
is_linear=0
shrinkage=0.03


Tree=172
num_leaves=15
num_cat=0
split_feature=7 18 21 6 5 5 6 1 5 5 21 7 17 7
split_gain=4.06681 4.50891 7.31497 6.40097 3.60213 7.64364 9.54369 6.83029 11.024 8.97483 8.39785 12.1311 10.4166 9.28347
threshold=0.31942637264728552 5.1313288211822519 485.55709838867193 0.42183846235275274 0.58187112212181102 0.57203319668769848 0.31443177163600927 0.0016341729206033053 0.5291101634502412 0.5114172399044038 232.46734619140628 0.06312828510999681 0.61000001430511486 0.11395946517586709
decision_type=2 2 2 2 2 2 2 2 2 2 2 2 2 2
left_child=4 2 -2 -3 5 7 -7 8 -1 10 11 12 -9 -12
right_child=1 3 -4 -5 -6 6 -8 9 -10 -11 13 -13 -14 -15
leaf_value=0.00119785130887801 0.0056212696849296875 -0.00035305418239175518 -0.0041481592976820789 -0.0088232129817718951 0.00051514230473679494 -0.0050958048985516539 0.003249077063606819 -0.0093116834492781974 -0.0010548085272976404 0.00085903489036177113 -0.0013166576438826774 -0.0060773109149058133 -0.00022761828229818406 0.0034088159468669615
leaf_weight=6077 125 153 142 165 10586 548 155 122 2877 1963 1878 733 1080 462
leaf_count=6077 125 153 142 165 10586 548 155 122 2877 1963 1878 733 1080 462
internal_value=3.16575e-05 -0.00243177 0.0004448 -0.0048165 8.65266e-05 -0.000199002 -0.00324594 -5.69849e-05 0.000473867 -0.000818737 -0.00158924 -0.00304877 -0.00118438 -0.000378401
internal_weight=27066 585 267 318 26481 15895 703 15192 8954 6238 4275 1935 1202 2340
internal_count=27066 585 267 318 26481 15895 703 15192 8954 6238 4275 1935 1202 2340
is_linear=0
shrinkage=0.03


Tree=173
num_leaves=15
num_cat=0
split_feature=17 5 5 20 16 21 6 18 6 17 0 21 16 17
split_gain=5.92738 5.62114 4.29081 11.8476 6.61274 5.3761 9.01734 7.21322 6.68012 5.40128 5.09242 7.49117 12.5229 13.5872
threshold=0.99000000953674328 0.55138590931892406 0.75463911890983593 24.995385169982914 0.18754555284976962 206.65666961669925 0.18155796825885775 6.1995439529418954 0.086195938289165511 0.74000000953674328 3.6502689123153691 206.65666961669925 0.068541556596755995 0.61000001430511486
decision_type=2 2 2 2 2 2 2 2 2 2 2 2 2 2
left_child=2 -2 10 -4 5 6 -5 9 -7 -8 11 12 13 -1
right_child=1 -3 3 4 -6 8 7 -9 -10 -11 -12 -13 -14 -15
leaf_value=-0.0063063558558202051 0.00030614947530490755 -0.0082138098593681087 -0.0065536975222639741 0.0088907319490781761 -0.0043507593674585229 -0.0048342227893287699 0.00080143697471735445 -0.002600342871867352 0.0020101143840723871 0.0091218427024016696 -0.00076373423081826366 0.00064479844167944381 -0.0027070051820983119 0.00065472531880851994
leaf_weight=264 126 150 155 256 135 144 143 188 927 135 7609 10851 1874 4076
leaf_count=264 126 150 155 256 135 144 143 188 927 135 7609 10851 1874 4076
internal_value=-5.3606e-05 -0.00438802 -8.08475e-06 0.00129776 0.00194429 0.00242904 0.0044213 0.00189767 0.00107168 0.0049317 -0.000118566 0.000169244 -0.000661029 0.000224517
internal_weight=27033 276 26757 2083 1928 1793 722 466 1071 278 24674 17065 6214 4340
internal_count=27033 276 26757 2083 1928 1793 722 466 1071 278 24674 17065 6214 4340
is_linear=0
shrinkage=0.03


Tree=174
num_leaves=15
num_cat=0
split_feature=21 18 21 0 0 0 18 21 16 5 6 6 0 18
split_gain=3.45501 4.46053 4.15335 3.00822 7.70066 6.98676 4.87506 9.89626 9.81428 10.0751 8.60246 7.75626 7.30872 7.1124
threshold=641.25863647460949 4.1852111816406259 679.47171020507824 0.93086954951286327 0.099503494799137129 2.5816127061843877 5.8772208690643319 163.72956848144534 0.090913936495780959 0.68616682291030895 0.1830420717597008 0.2999385297298432 2.3906528949737553 4.3659653663635263
decision_type=2 2 2 2 2 2 2 2 2 2 2 2 2 2
left_child=3 2 -2 4 -1 6 7 -5 9 11 -8 -9 -12 -10
right_child=1 -3 -4 5 -6 -7 10 8 13 -11 12 -13 -14 -15
leaf_value=0.00072537246345009932 0.0016938792103867882 -0.0026243156234600712 0.008190392567150628 -0.0037665405504961765 -0.0028575080609274054 -0.00024890692111431673 0.0082833279255777586 0.0025902280608077711 -0.00059210394517837824 -0.00410200732849683 0.0030096829499952253 -0.0022277881387739217 -0.002084576281679558 0.0063124148162256076
leaf_weight=1013 272 121 129 437 1147 20115 195 1021 189 414 887 421 350 452
leaf_count=1013 272 121 129 437 1147 20115 195 1021 189 414 887 421 350 452
internal_value=-5.99678e-05 0.00234545 0.00385891 -0.000107531 -0.00117941 -1.27354e-05 0.00107439 0.000372538 0.001103 -5.48352e-06 0.00250611 0.00118074 0.00156571 0.00428778
internal_weight=27163 522 401 26641 2160 24481 4366 2934 2497 1856 1432 1442 1237 641
internal_count=27163 522 401 26641 2160 24481 4366 2934 2497 1856 1432 1442 1237 641
is_linear=0
shrinkage=0.03


Tree=175
num_leaves=15
num_cat=0
split_feature=1 3 18 21 8 3 5 3 6 6 6 4 21 18
split_gain=6.37854 6.46342 5.20505 9.43664 9.66165 13.7664 6.5938 9.80006 6.39244 12.493 5.61127 5.18955 8.27062 6.58721
threshold=0.058814218267798431 0.075020220130682005 6.2497580051422128 193.73594665527347 0.36799022555351263 0.024391931481659416 0.37029536068439489 0.089825127273798003 0.061232291162014015 0.19718862324953082 0.21868701279163363 0.053662687540054328 155.1975021362305 5.9103374481201181
decision_type=2 2 2 2 2 2 2 2 2 2 2 2 2 2
left_child=2 -2 11 4 6 -6 -4 8 -8 -10 -11 -1 -13 -14
right_child=1 -3 3 -5 5 -7 7 -9 9 10 -12 12 13 -15
leaf_value=0.00016094087166676412 -0.0010559971230554427 -0.0072944722704080317 0.0024951237807612418 0.0070767203958705073 -0.0014625656014632517 0.0068587662018960273 -0.0069480763786012607 -0.010889984825626016 0.0053885230204399354 -0.008427113880026052 -0.0020155086884700623 0.0053130758790858913 0.0014235197941339891 -0.0041767339416217634
leaf_weight=19437 2139 156 222 120 492 275 232 125 194 132 1269 446 1622 209
leaf_count=19437 2139 156 222 120 492 275 232 125 194 132 1269 446 1622 209
internal_value=1.62948e-05 -0.00149499 0.000156564 -0.00100059 -0.00134161 0.00154606 -0.00236161 -0.00291893 -0.00234533 -0.00165622 -0.00264742 0.000319879 0.00167329 0.000774644
internal_weight=27070 2295 24775 3061 2941 767 2174 1952 1827 1595 1401 21714 2277 1831
internal_count=27070 2295 24775 3061 2941 767 2174 1952 1827 1595 1401 21714 2277 1831
is_linear=0
shrinkage=0.03


Tree=176
num_leaves=15
num_cat=0
split_feature=7 7 21 21 20 1 8 18 18 7 18 21 18 21
split_gain=4.16065 5.12124 8.55013 9.08869 8.87768 7.59597 8.46077 9.82925 9.66006 10.7886 9.0685 13.593 8.50685 10.6705
threshold=0.31942637264728552 0.050696983933448798 3.3120750188827519 8.9183998107910174 62.034673690795906 0.064808338880538954 0.37571829557418829 6.4394888877868661 4.0106117725372323 0.20166330784559253 6.3384702205657968 41.397123336791999 6.2497580051422128 206.65666961669925
decision_type=2 2 2 2 2 2 2 2 2 2 2 2 2 2
left_child=1 2 -1 -4 -5 6 7 8 -3 10 11 -10 13 -8
right_child=-2 5 3 4 -6 -7 12 -9 9 -11 -12 -13 -14 -15
leaf_value=-0.0077286396053679986 -0.0025092033289985331 -0.0016142382965335855 0.0076445988547056915 0.0012890968111079306 -0.00065407132372504622 -0.0030293080639130069 -0.003113000993862088 -0.0048717648850602879 -0.0051914819831367235 0.0064009485496085532 0.006896446576833048 0.0016695065878195386 0.0038360871075490219 0.00030658826802685429
leaf_weight=134 585 763 125 2547 12386 513 1227 217 270 451 270 4784 383 2461
leaf_count=134 585 763 125 2547 12386 513 1227 217 270 451 270 4784 383 2461
internal_value=-1.74768e-05 3.79274e-05 -0.000322123 -0.00025367 -0.00032232 0.000520253 0.000689773 0.00134049 0.00155024 0.00196937 0.00158832 0.0012982 -0.000390277 -0.000833786
internal_weight=27116 26531 15192 15058 14933 11339 10826 6755 6538 5775 5324 5054 4071 3688
internal_count=27116 26531 15192 15058 14933 11339 10826 6755 6538 5775 5324 5054 4071 3688
is_linear=0
shrinkage=0.03


Tree=177
num_leaves=15
num_cat=0
split_feature=0 18 21 8 7 5 1 0 0 0 5 7 21 7
split_gain=5.44747 6.7754 15.2948 15.1098 8.90152 9.77963 11.5617 6.7001 5.97518 7.53603 9.55677 6.30591 10.3728 9.85371
threshold=2.5816127061843877 6.3030354976654062 129.29232025146487 0.2902305275201798 0.10247698426246644 0.52413138747215282 0.032259350642561919 3.1692296266555791 1.1846225857734682 1.6446080803871157 0.39172653853893286 0.13633101433515551 32.457849502563484 0.09372830763459207
decision_type=2 2 2 2 2 2 2 2 2 2 2 2 2 2
left_child=8 -2 3 -3 5 -5 -7 -6 -1 10 -10 12 -11 -14
right_child=1 2 -4 4 7 6 -8 -9 9 11 -12 -13 13 -15
leaf_value=-0.00044737773887847354 -6.6104012542951842e-05 -0.0071247524840929851 0.0062108682750934554 -0.0061909989174088742 -0.00244852622772766 -0.0028988061854978661 0.0074486549341769128 0.0060966305117318891 -0.0029196205031738138 0.0089403263611311564 0.0061902043793327349 -0.001632759728902748 0.00042314514068108163 0.006099624251063398
leaf_weight=2387 18548 513 181 376 126 303 137 223 126 155 519 711 2401 306
leaf_count=2387 18548 513 181 376 126 303 137 223 126 155 519 711 2401 306
internal_value=3.0014e-06 -0.000239391 -0.00196353 -0.00286111 -0.000961213 -0.00267222 0.000370509 0.00302055 0.000751518 0.00142971 0.00440184 0.000887777 0.0015157 0.00107488
internal_weight=27012 20407 1859 1678 1165 816 440 349 6605 4218 645 3573 2862 2707
internal_count=27012 20407 1859 1678 1165 816 440 349 6605 4218 645 3573 2862 2707
is_linear=0
shrinkage=0.03


Tree=178
num_leaves=15
num_cat=0
split_feature=21 17 7 7 20 3 5 3 20 17 16 21 0 21
split_gain=5.81166 4.15301 3.49511 7.31159 13.6933 6.11645 4.45616 12.1437 4.31961 7.37979 3.57083 12.878 8.68284 8.66856
threshold=3.3120750188827519 0.0099999997764825838 0.31942637264728552 0.22884199023246768 78.312202453613295 0.0026701610768213872 0.44181887805461889 0.0049668226856738338 36.293399810791023 0.43999999761581426 0.028802150860428814 191.62087249755862 3.8105491399765019 582.49865722656261
decision_type=2 2 2 2 2 2 2 2 2 2 2 2 2 2
left_child=-1 -2 3 10 5 -5 -6 -8 -4 -10 -3 12 -12 -13
right_child=1 2 8 4 6 -7 7 -9 9 -11 11 13 -14 -15
leaf_value=-0.0049637508992431047 0.0036451700956612407 0.00013577567189413233 -0.0065355433120646263 -0.0050805284762858623 0.0014123653416644852 0.0026199319706201652 0.0027785708423850694 0.013058185366292795 0.0047254211465892889 -0.0039523947073598622 -0.0028555976741762071 0.00052441184033732101 0.0008401511315269789 -0.0038486860234264899
leaf_weight=214 265 15432 160 231 207 149 271 166 137 228 2702 5766 723 434
leaf_count=214 265 15432 160 231 207 149 271 166 137 228 2702 5766 723 434
internal_value=-9.64601e-05 -5.67808e-05 -9.43308e-05 -4.53107e-05 0.00243316 -0.00206633 0.0050836 0.00678696 -0.00250616 -0.0006754 -0.000147063 -0.000600381 -0.00207536 0.00021544
internal_weight=27085 26871 26606 26081 1024 380 644 437 525 365 25057 9625 3425 6200
internal_count=27085 26871 26606 26081 1024 380 644 437 525 365 25057 9625 3425 6200
is_linear=0
shrinkage=0.03


Tree=179
num_leaves=15
num_cat=0
split_feature=1 5 5 0 5 6 18 1 6 0 5 7 7 18
split_gain=4.4263 9.19242 9.27656 8.81074 9.93605 9.88216 8.79362 12.3131 11.0369 9.98335 8.57435 8.0315 7.85 7.53256
threshold=0.00097628889488987635 0.43982368707656866 0.42918616533279424 4.839562416076661 0.5291101634502412 0.48555366694927221 6.1331739425659189 0.039985127747058875 0.20724278688430789 3.9359101057052617 0.57753697037696849 0.16069459915161136 0.020251020789146427 4.9938595294952401
decision_type=2 2 2 2 2 2 2 2 2 2 2 2 2 2
left_child=3 2 11 4 -1 13 -3 8 -8 10 -9 -2 -10 -6
right_child=1 6 -4 -5 5 -7 7 9 12 -11 -12 -13 -14 -15
leaf_value=0.0012070907369933616 -0.0022011560526079112 -0.00046162823869020443 -0.0076011484373565297 0.0056847229876565621 0.00084609034093799764 0.0078624514993996565 -0.0081509840581566097 0.0024970112584139169 -0.0049698662638209407 -0.00062057474942563411 0.010032550224903885 0.0030635935436094217 0.0020356784359355268 -0.0010388186686853011
leaf_weight=6163 1777 7219 241 271 2732 125 132 242 167 226 318 301 881 6299
leaf_count=6163 1777 7219 241 271 2732 125 132 242 167 226 318 301 881 6299
internal_value=4.27994e-05 -0.00040348 -0.00208902 0.000372137 0.000276331 -0.000350491 2.29847e-05 0.0017991 -0.00014168 0.00469522 0.00682704 -0.00143303 0.000901039 -0.000468455
internal_weight=27094 11504 2319 15590 15319 9156 9185 1966 1180 786 560 2078 1048 9031
internal_count=27094 11504 2319 15590 15319 9156 9185 1966 1180 786 560 2078 1048 9031
is_linear=0
shrinkage=0.03


Tree=180
num_leaves=15
num_cat=0
split_feature=5 3 6 3 8 18 18 6 18 18 0 18 6 5
split_gain=5.3803 6.59356 11.909 13.496 11.0161 9.00495 11.3063 7.79538 14.2025 16.2537 12.2242 9.97897 13.8732 14.543
threshold=0.58318832516670238 0.042163800448179252 0.22265208512544635 0.059463636949658401 0.38875970244407659 5.4986398220062265 3.8340399265289311 0.31345821917057043 6.1151351928710946 5.9762141704559335 3.1592472791671757 6.1331739425659189 0.21128669381141665 0.59686151146888744
decision_type=2 2 2 2 2 2 2 2 2 2 2 2 2 2
left_child=-1 7 5 -4 -5 6 -3 11 9 -9 -10 12 -2 -14
right_child=1 2 3 4 -6 -7 -8 8 10 -11 -12 -13 13 -15
leaf_value=-0.0003659020410632171 0.0011896737916600778 -0.0084487694930446677 -0.0032417209247019049 0.0018324694975299085 0.011769135088421577 -0.0071418582215789081 0.0015655029239429977 0.003306362484709017 -0.0083698733610452596 0.014395389736068678 0.002702405009610654 0.0030613557009686095 0.0050068610046134169 -0.0023964080757281933
leaf_weight=16497 3781 132 374 465 124 372 387 672 146 141 217 1147 261 2355
leaf_count=16497 3781 132 374 465 124 372 387 672 146 141 217 1147 261 2355
internal_value=-2.73389e-05 0.000500793 -0.0011218 0.00118891 0.00400586 -0.00361193 -0.00103779 0.000846224 0.0031128 0.00530579 -0.00180412 0.00049107 2.81798e-05 -0.00164964
internal_weight=27071 10574 1854 963 589 891 519 8720 1176 813 363 7544 6397 2616
internal_count=27071 10574 1854 963 589 891 519 8720 1176 813 363 7544 6397 2616
is_linear=0
shrinkage=0.03


Tree=181
num_leaves=15
num_cat=0
split_feature=17 7 20 21 5 5 1 21 5 5 1 0 18 0
split_gain=5.23543 5.23434 6.3748 6.96117 4.7891 7.25535 6.53002 9.0842 8.7259 8.3176 9.32922 8.57317 8.41203 8.07948
threshold=0.0099999997764825838 0.33359715342521673 36.890451431274421 195.96199798583987 0.58187112212181102 0.55926185846328746 0.0012526003993116321 21.781149864196781 0.5291101634502412 0.5114172399044038 0.078362639993429198 1.6446080803871157 5.8163473606109628 3.4076119661331181
decision_type=2 2 2 2 2 2 2 2 2 2 2 2 2 2
left_child=-1 4 -3 -4 5 6 8 -8 -2 11 12 -9 13 -11
right_child=1 2 3 -5 -6 -7 7 9 -10 10 -12 -13 -14 -15
leaf_value=0.0041620365957864766 0.0010666097232366291 -0.0083377723628025799 -0.0053713435293840511 0.0037146373855685639 0.00052950864409566736 -0.0022274982979056898 0.0050965779130200898 0.0049457034026907584 -0.0010916087761448374 0.0054820485306117913 0.008150664075264628 -0.0020383842099188539 -0.0026348585598519412 -0.00061577916813333169
leaf_weight=267 5978 143 142 152 10505 1572 218 160 2343 347 137 4021 586 438
leaf_count=267 5978 143 142 152 10505 1572 218 160 2343 347 137 4021 586 438
internal_value=2.09381e-05 -2.11782e-05 -0.00325878 -0.000690266 3.32165e-05 -0.000296818 -8.27966e-05 -0.000845209 0.000458615 -0.00107717 0.000830855 -0.00176553 7.24488e-05 0.00209733
internal_weight=27009 26742 437 294 26305 15800 14228 5907 8321 5689 1508 4181 1371 785
internal_count=27009 26742 437 294 26305 15800 14228 5907 8321 5689 1508 4181 1371 785
is_linear=0
shrinkage=0.03


Tree=182
num_leaves=15
num_cat=0
split_feature=6 18 4 9 8 0 21 0 4 7 1 7 21 7
split_gain=5.26712 15.7705 5.82353 4.46934 12.3893 14.1107 13.8292 5.19416 7.5082 5.05122 4.79126 7.0519 4.72081 12.7831
threshold=0.5340489149093629 5.3255286216735849 0.014701152686029674 1.0000000180025095e-35 0.39267572760581976 3.5648421049118046 443.37510681152349 2.9937009811401372 0.11547392606735231 0.026064380072057251 0.087196391075849547 0.029761935584247116 202.58787536621097 0.15343271195888522
decision_type=2 2 2 2 2 2 2 2 2 2 2 2 2 2
left_child=3 -2 -3 7 5 6 9 10 -9 -5 12 -12 13 -1
right_child=1 2 -4 4 -6 -7 -8 8 -10 -11 11 -13 -14 -15
leaf_value=0.00033595066614316825 -0.0066630634322593155 0.006634912599646655 -0.0007264195210658586 -0.0063580214266156032 0.0031730728429865082 0.0037631433647052916 0.00089420263929575487 -0.00037750300539379051 0.0050712873161673647 -0.013774002488724978 0.0082153054957444377 -0.0010346365584568543 0.00096805324077130694 -0.0049344002426787437
leaf_weight=2767 127 409 125 198 281 148 153 15542 226 161 170 127 5969 482
leaf_count=2767 127 409 125 198 281 148 153 15542 226 161 170 127 5969 482
internal_value=2.73396e-05 0.002662 0.004921 -3.95643e-05 -0.00206408 -0.00430093 -0.0066458 3.61787e-05 -0.000297824 -0.00982737 0.000589544 0.0043083 0.000467457 -0.000452304
internal_weight=26885 661 534 26224 941 660 512 25283 15768 359 9515 297 9218 3249
internal_count=26885 661 534 26224 941 660 512 25283 15768 359 9515 297 9218 3249
is_linear=0
shrinkage=0.03


Tree=183
num_leaves=15
num_cat=0
split_feature=7 18 1 8 18 5 17 17 0 0 17 18 18 18
split_gain=5.00371 8.50815 7.20097 8.26442 8.00038 6.67899 6.13127 6.89018 9.05575 5.33943 5.07818 7.53881 17.9703 5.2028
threshold=0.053365448489785201 2.8921549320220952 0.064808338880538954 0.43757463991642004 6.2436668872833261 0.59994783997535717 0.67000001668930065 0.2100000008940697 3.4634996652603154 5.0956835746765146 0.95999997854232799 6.4394888877868661 6.27632761001587 4.0490739345550546
decision_type=2 2 2 2 2 2 2 2 2 2 2 2 2 2
left_child=1 -1 3 9 5 6 7 -5 -9 10 13 12 -12 -2
right_child=2 -3 -4 4 -6 -7 -8 8 -10 -11 11 -13 -14 -15
leaf_value=0.0039873141802774809 -0.00088068732193608706 -0.00052862165927068498 -0.0030582707623128319 -0.0055788738144538609 0.0055577846086434478 0.0023499122033513752 -0.0064835383352948592 0.0026547366250075188 -0.0046902727642730672 0.0065931152775931187 -0.0077475719615875726 -0.0084251253050393778 0.0078372030900791274 0.0012635406593306184
leaf_weight=380 1173 15243 510 278 132 257 319 418 230 142 122 125 135 7571
leaf_count=380 1173 15243 510 278 132 257 319 418 230 142 122 125 135 7571
internal_value=-6.8774e-05 -0.000417539 0.000408659 0.000572171 -0.0013921 -0.00201929 -0.002927 -0.00167356 3.17603e-05 0.000919047 0.000827197 -0.00253747 0.000432316 0.000975555
internal_weight=27035 15623 11412 10902 1634 1502 1245 926 648 9268 9126 382 257 8744
internal_count=27035 15623 11412 10902 1634 1502 1245 926 648 9268 9126 382 257 8744
is_linear=0
shrinkage=0.03


Tree=184
num_leaves=15
num_cat=0
split_feature=11 8 8 0 18 4 16 21 21 4 5 20 18 20
split_gain=4.37375 4.79642 8.83447 7.78904 7.21031 12.0666 7.07485 6.3662 5.96274 5.71797 5.40787 6.49635 7.12105 5.93776
threshold=1.0000000180025095e-35 0.26274111866950994 0.25237967073917394 1.0586304068565371 6.0345494747161874 0.040517529472708709 0.096976656466722502 488.76298522949224 256.17308044433599 0.0028920134063810114 0.6509084701538087 24.995385169982914 4.0106117725372323 23.748399734497074
decision_type=2 2 2 2 2 2 2 2 2 2 2 2 2 2
left_child=1 2 4 8 10 6 -6 9 -3 -4 11 -1 -13 -12
right_child=-2 3 7 -5 5 -7 -8 -9 -10 -11 13 12 -14 -15
leaf_value=0.0054292642645534179 -0.0048344362293054081 0.00027637928134090331 0.0066770811507309924 -0.00013097110813321662 -0.001286904125681249 -0.0096740108084623928 0.0051227529894028387 -0.0023026489573530853 -0.0081269587981514634 0.00055137498053954906 -0.0067523317943327128 -0.0051796769997029491 0.0016315961624614914 0.00010466167304715273
leaf_weight=376 163 124 465 19964 1353 138 170 130 190 195 120 143 2104 1251
leaf_count=376 163 124 465 19964 1353 138 170 130 190 195 120 143 2104 1251
internal_value=-9.0408e-06 2.12911e-05 0.000733881 -0.000205318 0.000317295 -0.00134125 -0.000557025 0.00369515 -0.00485613 0.00488497 0.00100785 0.00180479 0.00118759 -0.000517868
internal_weight=26886 26723 6445 20278 5655 1661 1523 790 314 660 3994 2623 2247 1371
internal_count=26886 26723 6445 20278 5655 1661 1523 790 314 660 3994 2623 2247 1371
is_linear=0
shrinkage=0.03


Tree=185
num_leaves=15
num_cat=0
split_feature=18 0 17 6 2 8 21 21 21 18 18 7 8 21
split_gain=4.74926 10.1383 11.0094 9.38842 8.71808 8.08348 9.65005 7.1325 9.22815 7.09058 7.0175 6.79256 6.12289 7.47242
threshold=5.653017759323121 3.7804321050643925 0.43999999761581426 0.39221957325935369 0.11863509193062784 0.49637776613235479 116.33167266845705 286.40841674804693 243.35935211181643 5.5153498649597177 5.2380928993225107 0.33359715342521673 0.46769501268863684 314.49552917480474
decision_type=2 2 2 2 2 2 2 2 2 2 2 2 2 2
left_child=1 2 7 10 -3 11 -7 8 -1 12 -4 -2 13 -9
right_child=5 4 3 -5 -6 6 -8 9 -10 -11 -12 -13 -14 -15
leaf_value=-0.00020618483045836911 0.00041471737965260709 -0.0021512505218738011 -0.006232300981111224 -0.0075777914517602771 0.0035432907530703783 0.010964775482303351 0.00071775498406576185 -0.0038623968167628138 0.0064843857897669025 0.0037000736771181822 -0.00031835715421944084 -0.0065051743678402069 -0.003567653058458538 0.00049181074543586546
leaf_weight=347 12463 3239 206 235 257 138 198 369 393 512 1257 124 390 6883
leaf_count=347 12463 3239 206 235 257 138 198 369 393 512 1257 124 390 6883
internal_value=5.23545e-05 -0.000328588 0.000133956 -0.00207601 -0.00172817 0.000467605 0.00502542 0.000556802 0.00336672 0.000299886 -0.00116947 0.000343991 6.98095e-05 0.000267749
internal_weight=27011 14088 10592 1698 3496 12923 336 8894 740 8154 1463 12587 7642 7252
internal_count=27011 14088 10592 1698 3496 12923 336 8894 740 8154 1463 12587 7642 7252
is_linear=0
shrinkage=0.03


Tree=186
num_leaves=15
num_cat=0
split_feature=0 0 0 7 4 18 18 21 1 5 18 21 7 20
split_gain=4.01001 9.51999 8.30439 7.93817 7.45537 6.87923 6.2088 6.7989 6.97028 6.08793 5.35329 13.2067 4.9166 13.9762
threshold=1.0586304068565371 0.099503494799137129 1.451657831668854 0.015188204590231182 0.089866023510694518 5.4530422687530526 6.1025121212005624 195.96199798583987 0.02115292847156525 0.90379884839057933 6.1151351928710946 264.75207519531256 0.027159144170582298 16.836674690246586
decision_type=2 2 2 2 2 2 2 2 2 2 2 2 2 2
left_child=1 10 3 -2 9 -5 7 -6 -9 12 11 -1 13 -4
right_child=2 -3 4 5 6 -7 -8 8 -10 -11 -12 -13 -14 -15
leaf_value=0.0089133732953095082 -0.001141767181456089 -0.0028622092295812859 0.0060977057735150907 0.0022353759995062967 0.0092507541342215106 0.012115102052156415 -0.0032014348429340615 0.0039965314935078398 -0.0038548826198451791 -0.0049347297279206332 -0.0024812758291545343 -0.00011559605716203136 -0.00019400035530778249 0.00040921421398749236
leaf_weight=198 145 1252 412 121 160 135 128 473 125 216 272 517 17079 5748
leaf_count=198 145 1252 412 121 160 135 128 473 125 216 272 517 17079 5748
internal_value=8.42043e-05 -0.00113014 0.000194301 0.00444952 0.0001233 0.00757767 0.00281682 0.00384742 0.00233699 2.09751e-05 0.00107032 0.00242927 6.80886e-05 0.000794315
internal_weight=26981 2239 24742 401 24341 256 886 758 598 23455 987 715 23239 6160
internal_count=26981 2239 24742 401 24341 256 886 758 598 23455 987 715 23239 6160
is_linear=0
shrinkage=0.03


Tree=187
num_leaves=15
num_cat=0
split_feature=3 7 18 17 3 0 7 1 0 7 5 5 5 3
split_gain=3.23027 3.26683 4.21253 5.59485 11.284 5.52477 5.25477 5.92316 7.52938 12.0086 4.67983 9.76688 4.22597 3.96447
threshold=0.15605062246322635 0.31942637264728552 3.2063069343566899 0.080000001937150969 0.039225621148943908 4.0633943080902108 0.026064380072057251 0.024390777572989467 2.7585974931716923 0.12285907939076425 0.6752329170703889 0.5893181860446931 0.5499958097934724 0.014072624500840904
decision_type=2 2 2 2 2 2 2 2 2 2 2 2 2 2
left_child=1 2 5 4 10 6 12 8 -8 -10 11 -4 -1 -5
right_child=-2 -3 3 13 -6 -7 7 -9 9 -11 -12 -13 -14 -15
leaf_value=0.0022867676999885587 -0.0047039887032930402 -0.0023058116715533013 -0.0023623529541292971 -0.0002726719878674262 -0.010643162091946578 -0.0034863151693161551 0.0046519127535552644 0.0068941322950711254 -0.0080727424639705069 0.0034158871730323882 -0.0061465761987903314 0.005376412151559617 0.009728219358221395 0.00054575037142285852
leaf_weight=139 131 570 488 16537 123 146 173 124 180 143 131 204 139 7852
leaf_count=139 131 570 488 16537 123 146 173 124 180 143 131 204 139 7852
internal_value=-9.20875e-05 -6.88005e-05 -2.00351e-05 -9.71511e-05 -0.0023546 0.0018429 0.00272385 0.00116716 -0.000319093 -0.00301191 -0.00105906 -5.87803e-05 0.00611363 -9.12435e-06
internal_weight=27080 26949 26379 25335 946 1044 898 620 496 323 823 692 278 24389
internal_count=27080 26949 26379 25335 946 1044 898 620 496 323 823 692 278 24389
is_linear=0
shrinkage=0.03


Tree=188
num_leaves=15
num_cat=0
split_feature=16 1 1 5 17 5 7 7 8 3 21 0 17 5
split_gain=5.62064 4.17738 4.40431 6.58349 4.65857 11.3209 3.88626 4.94836 13.6824 8.53987 9.24144 9.17978 6.59248 6.40022
threshold=0.31308285892009741 0.10532209649682046 0.087196391075849547 0.51435920596122753 0.99000000953674328 0.57203319668769848 0.31942637264728552 0.16069459915161136 0.36651439964771276 0.025647374801337722 195.96199798583987 2.8204210996627812 0.3900000005960465 0.65672299265861522
decision_type=2 2 2 2 2 2 2 2 2 2 2 2 2 2
left_child=1 2 4 -4 6 -6 7 -1 13 10 11 -10 -12 -9
right_child=-2 -3 3 -5 5 -7 -8 8 9 -11 12 -13 -14 -15
leaf_value=-0.00016201540766315009 0.0042170639999420632 -0.0031956174771048868 -0.0016809700252851108 0.0063956492258631413 0.0020643124563238498 -0.010585815207548439 -0.0025746551299036559 0.004949054028324444 -0.010760382981248328 0.0029572367816574894 -0.0018915621928976417 -0.0016909506861526506 0.0040532819336591905 -0.00073248948402531247
leaf_weight=22472 268 384 149 221 127 120 541 865 169 443 502 243 246 223
leaf_count=22472 268 384 149 221 127 120 541 865 169 443 502 243 246 223
internal_value=-6.57279e-05 -0.00010949 -6.38673e-05 0.00316413 -0.000110492 -0.00416959 -7.06827e-05 -1.63469e-05 0.00119815 -0.000564968 -0.001917 -0.00549559 7.74923e-05 0.00378652
internal_weight=26973 26705 26321 370 25951 247 25704 25163 2691 1603 1160 412 748 1088
internal_count=26973 26705 26321 370 25951 247 25704 25163 2691 1603 1160 412 748 1088
is_linear=0
shrinkage=0.03


Tree=189
num_leaves=15
num_cat=0
split_feature=1 18 21 0 18 1 0 5 8 21 18 8 17 20
split_gain=3.81126 11.0326 14.293 12.578 12.3187 10.5622 9.13387 11.6743 17.6355 6.48484 6.18988 7.27217 7.09477 7.10653
threshold=0.025005598552525047 6.1392128467559823 94.854972839355483 3.8105491399765019 6.2059640884399423 0.034767132252454765 4.1209416389465341 0.57615917921066295 0.30381996929645544 86.340412139892592 6.0090038776397714 0.2962587326765061 0.70999997854232799 15.501840114593508
decision_type=2 2 2 2 2 2 2 2 2 2 2 2 2 2
left_child=-1 2 3 -2 -3 9 7 -7 -9 -6 12 -12 13 -4
right_child=1 4 10 -5 5 6 -8 8 -10 -11 11 -13 -14 -15
leaf_value=0.00014719542878827415 -0.010042770043835553 0.0062095573604491784 0.003035306509185637 8.3638954719600199e-05 -0.00082432490929753178 9.8062046708653977e-05 -0.0038201071863111697 0.0010222175083817191 0.015816114561798583 -0.0087072678402854275 -0.0097610833554894524 -0.0017529224921444444 0.0055074413950747239 -0.0010118997384267715
leaf_weight=19067 288 387 420 177 239 368 185 152 135 151 135 388 167 4823
leaf_count=19067 288 387 420 177 239 368 185 152 135 151 135 388 167 4823
internal_value=-8.35617e-05 -0.000632263 -0.00119177 -0.00622832 0.00157841 0.00010205 0.00199468 0.00365352 0.00813269 -0.00394802 -0.000792121 -0.0038929 -0.000489043 -0.000685108
internal_weight=27082 8015 6398 465 1617 1230 840 655 287 390 5933 523 5410 5243
internal_count=27082 8015 6398 465 1617 1230 840 655 287 390 5933 523 5410 5243
is_linear=0
shrinkage=0.03


Tree=190
num_leaves=15
num_cat=0
split_feature=9 8 0 0 21 5 5 7 7 7 0 0 21 0
split_gain=3.39498 12.708 6.62411 8.62975 6.04124 3.2178 2.88782 7.68968 5.29865 5.26475 4.34252 3.675 13.4674 7.74505
threshold=1.0000000180025095e-35 0.36651439964771276 3.5800411701202397 2.4107743501663212 176.57550048828128 0.54518011212348949 0.79896089434623729 0.03776564076542855 0.021504381671547893 0.052857585251331336 3.393236637115479 1.1846225857734682 34.795349121093757 2.5816127061843877
decision_type=2 2 2 2 2 2 2 2 2 2 2 2 2 2
left_child=6 2 3 -2 -3 -6 11 8 -8 -9 -11 12 -1 -13
right_child=1 4 -4 -5 5 -7 7 9 -10 10 -12 13 -14 -15
leaf_value=-0.010484766254455529 -0.0030856928351151048 0.0065589087327772915 0.0016937093176238704 -0.011368663409188138 -0.0021649710425918692 0.0036519076191775853 0.0016318843850849478 0.0087308594631926653 -0.0041017090306660628 -2.8063048540868542e-05 0.0064520106183260043 0.001403520327278642 -0.00058445972750264565 -0.00013453565267387485
leaf_weight=127 330 160 123 172 262 121 327 151 253 270 137 3483 1971 18980
leaf_count=127 330 160 123 172 262 121 327 151 253 270 137 3483 1971 18980
internal_value=-1.14762e-05 -0.00158981 -0.00449074 -0.00600781 0.0017597 -0.000303884 6.05534e-05 0.00153458 -0.00088283 0.00403283 0.00220502 -8.04209e-06 -0.00120727 0.000104207
internal_weight=26867 1168 625 502 543 383 25699 1138 580 558 407 24561 2098 22463
internal_count=26867 1168 625 502 543 383 25699 1138 580 558 407 24561 2098 22463
is_linear=0
shrinkage=0.03


Tree=191
num_leaves=15
num_cat=0
split_feature=16 16 17 16 21 7 16 17 17 21 17 8 7 21
split_gain=3.80948 5.78512 4.87764 4.56526 8.25883 4.40133 4.27578 9.01181 7.30867 4.22863 15.4333 9.69169 10.933 5.57611
threshold=0.30609922111034399 0.26371102035045629 0.46000000834465032 0.20008224248886111 297.31575012207037 0.058986142277717597 0.16670507192611697 0.68999999761581432 0.22999999672174457 573.66345214843761 0.14999999850988391 0.31705275177955633 0.025510996580123905 474.03674316406256
decision_type=2 2 2 2 2 2 2 2 2 2 2 2 2 2
left_child=1 3 -2 6 5 -5 9 8 -8 13 11 -11 -13 -1
right_child=2 -3 -4 4 -6 -7 7 -9 -10 10 -12 12 -14 -15
leaf_value=5.2588801618950627e-05 -0.00059491151774886488 -0.0050883930192931609 0.0069542983532795361 -0.0046345679427272279 0.0062138641331933291 0.0020349917840363769 -0.0057517108616322787 -0.0077038346869898414 0.0023289989127819851 0.0051306727115538108 -0.0061517350187605358 0.0067341760299088234 -0.0018715890190467565 -0.0013624695317617885
leaf_weight=20671 148 199 154 140 287 226 140 199 325 685 204 169 557 2847
leaf_count=20671 148 199 154 140 287 226 140 199 325 685 204 169 557 2847
internal_value=-1.75057e-05 -5.57738e-05 0.00330525 -1.69557e-05 0.00245064 -0.000544284 -7.98807e-05 -0.00244695 -0.000139209 -1.68698e-05 0.00146566 0.0025848 0.00016404 -0.000118966
internal_weight=26951 26649 302 26450 653 366 25797 664 465 25133 1615 1411 726 23518
internal_count=26951 26649 302 26450 653 366 25797 664 465 25133 1615 1411 726 23518
is_linear=0
shrinkage=0.03


Tree=192
num_leaves=15
num_cat=0
split_feature=11 5 6 5 6 5 5 9 7 7 3 3 17 7
split_gain=3.88587 4.47999 12.4395 7.53946 9.33378 6.84742 6.53554 8.43846 8.65805 12.3682 9.1044 7.77772 7.44576 8.74066
threshold=1.0000000180025095e-35 0.58187112212181102 0.3978018462657929 0.57203319668769848 0.32154963910579687 0.66256666183471691 0.61292952299118053 1.0000000180025095e-35 0.028069049119949344 0.046602467074990279 0.051930004730820663 0.00083872635150328289 0.87000000476837169 0.026365309022367004
decision_type=2 2 2 2 2 2 2 2 2 2 2 2 2 2
left_child=1 3 6 -1 -5 -4 -3 8 11 10 -10 12 13 -8
right_child=-2 2 5 4 -6 -7 7 -9 9 -11 -12 -13 -14 -15
leaf_value=-0.00019119346685742412 -0.0046618403389227167 0.0018617756528483574 0.0028150646769088401 -0.0052610690925268596 0.0028983454542593603 0.011626828145235777 0.0014604023452960736 -0.0050698886633203447 -0.0016895504690403926 0.00039839557350054801 -0.0076083313746766433 -0.0005620964944177165 0.0095384213530706405 0.0096430895724333825
leaf_weight=15689 158 1896 227 536 161 121 1257 290 1509 3900 273 939 134 125
leaf_count=15689 158 1896 227 536 161 121 1257 290 1509 3900 273 939 134 125
internal_value=-4.36958e-05 -1.58717e-05 0.000462363 -0.000327357 -0.00336911 0.00600021 0.000272861 -8.55227e-05 9.51228e-05 -0.000548156 -0.00261505 0.00158205 0.00290761 0.00223261
internal_weight=27215 27057 10671 16386 697 348 10323 8427 8137 5682 1782 2455 1516 1382
internal_count=27215 27057 10671 16386 697 348 10323 8427 8137 5682 1782 2455 1516 1382
is_linear=0
shrinkage=0.03


Tree=193
num_leaves=15
num_cat=0
split_feature=0 0 0 5 5 1 8 5 6 18 18 20 1 5
split_gain=4.43044 7.19952 12.0069 6.63942 6.07964 6.02264 6.54159 4.9552 5.00591 4.88081 15.0937 4.53742 4.64328 4.43947
threshold=0.072595290839672103 1.1846225857734682 1.6446080803871157 0.23871187120676043 0.94179758429527294 0.10532209649682046 0.18499988317489627 0.39172653853893286 0.16350349783897403 5.3767094612121591 5.9235315322875985 52.788799285888679 0.0043843130115419635 0.5291101634502412
decision_type=2 2 2 2 2 2 2 2 2 2 2 2 2 2
left_child=9 3 7 -2 5 6 11 -3 -9 -1 -11 -4 -13 -5
right_child=1 2 4 13 -6 -7 -8 8 -10 10 -12 12 -14 -15
leaf_value=-0.0012811510150690804 -0.0083249818862401945 -0.0011966168124228716 -0.0018055954940306644 0.0022592034286833896 -0.0063811116470997012 -0.0040103803798322074 4.8891752332308224e-06 0.0010223964718609768 0.0075702748168938669 0.011139920750102991 -7.9338372604249543e-05 0.0025351429495312199 0.0092000715367178965 -0.0020487074922698645
leaf_weight=214 129 120 121 252 129 323 23055 154 338 169 284 301 136 1341
leaf_count=214 129 120 121 252 129 323 23055 154 338 169 284 301 136 1341
internal_value=2.73234e-05 -3.3903e-05 9.71282e-05 -0.00190648 -8.81888e-06 2.68493e-05 8.29115e-05 0.00422948 0.00555164 0.00243281 0.00418213 0.0032779 0.00468996 -0.00136229
internal_weight=27066 26399 24677 1722 24065 23936 23613 612 492 667 453 558 437 1593
internal_count=27066 26399 24677 1722 24065 23936 23613 612 492 667 453 558 437 1593
is_linear=0
shrinkage=0.03


Tree=194
num_leaves=15
num_cat=0
split_feature=17 12 6 0 0 5 18 0 21 16 6 4 6 5
split_gain=4.2679 19.3097 10.8111 11.6951 7.7445 7.06244 6.95436 9.95112 11.0048 10.2195 12.0627 9.96766 8.9945 15.693
threshold=0.31000000238418585 1.0000000180025095e-35 0.33831037580966955 4.9940886497497567 4.839562416076661 0.41573485732078558 5.6822326183319101 3.2116367816925053 99.233448028564467 0.070605807006359114 0.32397456467151647 0.034140365198254592 0.39221957325935369 0.44181887805461889
decision_type=2 2 2 2 2 2 2 2 2 2 2 2 2 2
left_child=1 2 3 -1 6 -6 7 -2 -9 10 -10 -12 -8 -14
right_child=4 -3 -4 -5 5 -7 12 8 9 -11 11 -13 13 -15
leaf_value=0.0012295488805413605 -6.6885908632532605e-06 -0.0096332620799229173 -0.0024030581731678434 -0.0068740966338976623 -0.0029128764884247043 0.004813969871250396 -0.00037626306778092497 -0.01105698874610108 -0.0044621559255838827 0.00082718289171275245 0.0027649397578568677 -0.0066257292510602953 -0.00091777929321668007 0.0047728276062902752
leaf_weight=7234 2817 162 912 159 135 453 10518 124 1620 790 439 127 863 874
leaf_count=7234 2817 162 912 159 135 453 10518 124 1620 790 439 127 863 874
internal_value=-9.13751e-05 0.000467539 0.000670246 0.00105074 -0.000343689 0.00303035 -0.000453668 -0.0012978 -0.00246915 -0.00209338 -0.00314832 0.000618278 -4.57368e-05 0.00195102
internal_weight=27227 8467 8305 7393 18760 588 18172 5917 3100 2976 2186 566 12255 1737
internal_count=27227 8467 8305 7393 18760 588 18172 5917 3100 2976 2186 566 12255 1737
is_linear=0
shrinkage=0.03


Tree=195
num_leaves=15
num_cat=0
split_feature=0 17 5 18 18 0 0 18 18 21 18 8 18 21
split_gain=2.88874 10.1578 14.0484 5.86283 7.73243 5.82494 4.33402 4.52635 8.20805 8.10383 9.22108 6.56387 5.29787 7.34242
threshold=4.5351233482360849 0.40000000596046453 0.41573485732078558 5.9636435508728036 6.1151351928710946 5.4383566379547128 4.1636977195739755 5.335886001586915 5.6303110122680673 360.39758300781256 3.9662463665008549 0.32795792818069464 6.0090038776397714 122.81356811523439
decision_type=2 2 2 2 2 2 2 2 2 2 2 2 2 2
left_child=6 5 -3 -4 -5 -2 -1 9 -9 -8 -11 -12 -10 -14
right_child=1 2 3 4 -6 -7 7 8 12 10 11 -13 13 -15
leaf_value=-4.0472497463870649e-05 -0.00037775376715714671 -0.0035079282901440971 0.0078139113068927905 -0.0036929913769745324 0.0051882718374448205 -0.0076541197310957144 0.0055406399523422831 -0.007270038770459228 0.0012320423153779686 -0.0086449424406141034 0.006232786470354767 -0.0026174827603845977 -0.00073583453073692705 -0.0080518829543638898
leaf_weight=23585 452 224 349 123 283 122 194 261 417 120 123 179 363 183
leaf_count=23585 452 224 349 123 283 122 194 261 417 120 123 179 363 183
internal_value=-7.321e-05 0.00118076 0.00303285 0.00498374 0.00248545 -0.00197704 -0.000150021 -0.0015503 -0.00260248 0.000544524 -0.00179025 0.0010299 -0.00130642 -0.00323873
internal_weight=26978 1553 979 755 406 574 25425 1840 1224 616 422 302 963 546
internal_count=26978 1553 979 755 406 574 25425 1840 1224 616 422 302 963 546
is_linear=0
shrinkage=0.03


Tree=196
num_leaves=15
num_cat=0
split_feature=1 5 5 6 5 4 3 4 6 6 4 21 21 18
split_gain=6.12902 6.13077 5.88565 5.35132 9.31372 6.72558 6.67789 6.6555 6.00528 6.34852 5.82521 5.42983 9.26179 13.0043
threshold=0.025644168257713321 0.43779082596302038 0.42918616533279424 0.39518135786056524 0.46503622829914099 0.086978364735841765 0.025647374801337722 0.041050357744097717 0.45710200071334844 0.42642457783222204 0.16621556133031848 189.67703247070315 307.99346923828131 4.8013381958007821
decision_type=2 2 2 2 2 2 2 2 2 2 2 2 2 2
left_child=3 2 -2 5 7 11 10 -5 9 -6 -7 -1 13 -13
right_child=1 -3 -4 4 8 6 -8 -9 -10 -11 -12 12 -14 -15
leaf_value=-0.00072752129513033788 -0.0017353882566841481 -0.00021105380023642457 -0.008296698976928989 0.0011227316694619211 0.0046329730946470665 0.0030680045328260568 0.0086935791297462466 -0.0048215874133165923 0.0070022817401286493 -0.0026342484409542519 -0.0035962806358093434 0.0063308809388968115 -0.00015754869490449959 0.00098465426971530929
leaf_weight=5369 1466 6188 130 998 278 517 140 199 380 171 148 470 7470 2991
leaf_count=5369 1466 6188 130 998 278 517 140 199 380 171 148 470 7470 2991
internal_value=7.01213e-05 -0.000639346 -0.00229407 0.00035888 0.00181481 0.000185953 0.00285412 0.000118549 0.00424866 0.00186675 0.00156906 5.33466e-05 0.000437044 0.00171875
internal_weight=26915 7784 1596 19131 2026 17105 805 1197 829 449 665 16300 10931 3461
internal_count=26915 7784 1596 19131 2026 17105 805 1197 829 449 665 16300 10931 3461
is_linear=0
shrinkage=0.03


Tree=197
num_leaves=15
num_cat=0
split_feature=17 6 7 0 4 0 5 1 8 0 6 8 0 1
split_gain=3.18134 12.9158 9.08837 10.8099 7.24056 9.58741 6.19815 6.4512 4.5208 3.83108 9.26136 7.00001 5.30731 6.12297
threshold=0.8999999761581422 0.31917637586593633 0.25841680169105535 4.0539760589599618 0.019166637212038044 3.3854099512100224 0.50697416067123424 0.018368597142398361 0.35589021444320684 2.4460488557815556 0.06970407068729402 0.30096393823623663 3.3423509597778325 0.020851022563874725
decision_type=2 2 2 2 2 2 2 2 2 2 2 2 2 2
left_child=-1 4 3 6 9 -6 7 8 -3 10 -2 -11 -13 -14
right_child=1 2 -4 -5 5 -7 -8 -9 -10 11 -12 12 13 -15
leaf_value=0.00020753566354726578 -0.0058780369558514445 0.0015704038393678219 -0.0054105421412181734 -0.0031829519575221113 -0.0042023029520695332 0.0067535718423896466 0.0081373709035496879 -0.0027913683346447679 0.0091865766871099663 -0.0071835951448171115 0.0038702445889817008 -0.0055292114205992369 0.0040682426495170527 -0.0036717223458653013
leaf_weight=24418 158 164 134 204 126 155 269 144 121 436 185 246 177 181
leaf_count=24418 158 164 134 204 126 155 269 144 121 436 185 246 177 181
internal_value=9.94341e-05 -0.00087678 0.00174768 0.00283506 -0.0025111 0.00185339 0.00460403 0.00232026 0.00490658 -0.00340136 -0.000640154 -0.00430461 -0.00218449 0.000158347
internal_weight=27118 2700 1036 902 1664 281 698 429 285 1383 343 1040 604 358
internal_count=27118 2700 1036 902 1664 281 698 429 285 1383 343 1040 604 358
is_linear=0
shrinkage=0.03


Tree=198
num_leaves=15
num_cat=0
split_feature=6 17 4 9 8 0 0 3 21 8 21 17 0 4
split_gain=3.57369 8.05278 6.04543 3.51701 12.3996 16.2018 11.8173 8.65178 6.8843 4.09684 8.1394 9.2143 11.2183 9.07547
threshold=0.5340489149093629 0.35999999940395361 0.014701152686029674 1.0000000180025095e-35 0.38960386812686926 3.5648421049118046 2.7347775697708134 0.0084864012897014635 443.37510681152349 0.41718086600303655 427.21627807617193 0.43999999761581426 3.4471753835678105 0.024998820386826996
decision_type=2 2 2 2 2 2 2 2 2 2 2 2 2 2
left_child=3 -2 -3 9 5 6 8 -6 -5 -1 11 12 13 -11
right_child=1 2 -4 4 7 -7 -8 -9 -10 10 -12 -13 -14 -15
leaf_value=5.2922975040426206e-05 -0.0045245238616446245 0.0053377692118834925 -0.0021666739228379541 -0.0067763530202135736 0.0078631026171703134 0.0042283154143688247 -0.013978415174143655 -0.0019389496254311367 0.0016544095201071981 0.0028305909965897205 -0.0037951473261415036 -0.001448376843390903 -0.0014575444110371965 0.012200293776914476
leaf_weight=21633 131 420 122 246 156 154 142 160 131 383 755 2010 418 120
leaf_count=21633 131 420 122 246 156 154 142 160 131 383 755 2010 418 120
internal_value=-0.000118031 0.00203252 0.00364421 -0.000173421 -0.0019239 -0.00421591 -0.00673796 0.00294714 -0.00386352 -0.000104679 -0.00102845 -0.000310529 0.00216713 0.00516399
internal_weight=26981 673 542 26308 989 673 519 316 377 25319 3686 2931 921 503
internal_count=26981 673 542 26308 989 673 519 316 377 25319 3686 2931 921 503
is_linear=0
shrinkage=0.03


Tree=199
num_leaves=15
num_cat=0
split_feature=18 16 17 18 7 21 18 1 0 0 21 21 1 3
split_gain=3.47479 20.9997 14.3236 11.9516 11.182 11.3412 12.4446 10.6532 10.3099 9.8142 9.80228 7.77972 7.67993 14.1321
threshold=5.8699750900268564 0.0065698358230292806 0.8999999761581422 5.9301617145538339 0.0087448912672698515 168.24185180664065 6.1818702220916757 0.019228954799473289 1.9904733300209048 2.2553540468215947 206.65666961669925 226.15012359619143 0.027027926407754425 0.014835400506854059
decision_type=2 2 2 2 2 2 2 2 2 2 2 2 2 2
left_child=2 3 12 11 5 6 -5 -6 -3 -9 -7 -2 -1 -14
right_child=1 8 -4 4 7 10 -8 9 -10 -11 -12 -13 13 -15
leaf_value=0.00030081788590884313 0.0021647323560796731 0.0072173993542877044 -0.007542734888639855 0.0066404747819653592 0.00062264470638592815 -0.011075802660547196 -0.0017692871768205194 0.011072218241355078 -0.0014052383199227747 0.0030422797368509129 -0.0014471842440663097 0.0093910773083607235 0.00022313393518829381 -0.0031472320182393439
leaf_weight=12536 263 124 230 223 2252 160 514 146 3911 1607 229 277 2798 1861
leaf_count=12536 263 124 230 223 2252 160 514 146 3911 1607 229 277 2798 1861
internal_value=6.70797e-05 0.000521836 -0.000186304 0.00169828 0.00124825 -0.00138849 0.000802922 0.00199037 -0.00113165 0.00374065 -0.00549784 0.00592373 -8.57403e-05 -0.00112506
internal_weight=27131 9706 17425 5671 5131 1126 737 4005 4035 1753 389 540 17195 4659
internal_count=27131 9706 17425 5671 5131 1126 737 4005 4035 1753 389 540 17195 4659
is_linear=0
shrinkage=0.03


Tree=200
num_leaves=15
num_cat=0
split_feature=18 12 0 0 12 6 1 3 8 18 0 5 5 13
split_gain=4.92909 15.5679 11.5301 8.85388 8.12677 6.77917 7.60882 7.44769 7.58967 7.44126 5.73539 5.92331 5.41555 4.7456
threshold=4.9798219203948983 1.0000000180025095e-35 4.9063875675201425 4.9940886497497567 1.0000000180025095e-35 0.37424020469188696 0.011612216942012312 0.074084270745515837 0.49637776613235479 4.607501983642579 1.8345034122467043 0.39539963006973272 0.37029536068439489 1.0000000180025095e-35
decision_type=2 2 2 2 2 2 2 2 2 2 2 2 2 2
left_child=1 3 4 5 -2 7 -7 8 10 -9 -1 12 -12 -13
right_child=2 -3 -4 -5 -6 6 -8 9 -10 -11 11 13 -14 -15
leaf_value=-0.00097279411364924065 -0.00035669472292463092 -0.0090900218995078139 0.0041422592193976517 -0.0061501333111776942 0.0053783578171549985 0.00029234260524682278 -0.0080433452836980376 -0.0058463854659429838 0.0081740074112781544 0.0031814090120606121 0.0027985913920505292 0.0017235463384421305 0.010171652429478449 -0.0021788446499151179
leaf_weight=779 19150 137 538 150 220 294 143 239 149 120 285 4477 130 295
leaf_count=779 19150 137 538 150 220 294 143 239 149 120 285 4477 130 295
internal_value=7.38874e-05 0.000746393 -0.000169392 0.00094354 -0.000290186 0.00110184 -0.00249549 0.0013464 0.00159349 -0.00282649 0.00142244 0.00178275 0.00520182 0.00148028
internal_weight=27106 7198 19908 7061 19370 6911 437 6474 6115 359 5966 5187 415 4772
internal_count=27106 7198 19908 7061 19370 6911 437 6474 6115 359 5966 5187 415 4772
is_linear=0
shrinkage=0.03


Tree=201
num_leaves=15
num_cat=0
split_feature=16 8 8 7 1 6 4 8 17 21 7 8 20 6
split_gain=3.66476 3.69138 7.50458 6.52757 6.86046 6.35989 6.34302 7.6985 6.13109 10.4434 7.32134 6.69684 5.90447 9.18078
threshold=0.31308285892009741 0.34028902649879461 0.34368270635604864 0.049664070829749114 0.06666963174939157 0.43725116550922399 0.088241845369339003 0.38498523831367498 0.29999999701976782 454.34812927246099 0.027159144170582298 0.3271633386611939 54.971349716186531 0.29567094147205358
decision_type=2 2 2 2 2 2 2 2 2 2 2 2 2 2
left_child=1 3 -3 5 12 8 -4 -8 11 10 -10 -1 -5 -14
right_child=-2 2 6 4 -6 -7 7 -9 9 -11 -12 -13 13 -15
leaf_value=0.00028623353905699251 0.0033622686127637281 -0.0045141688005341414 -0.00050820469078141195 -0.00054230499760254882 -0.0034586140697865629 0.0037831540287679346 0.0082793969583574191 -0.00052960971001592377 9.6790148048719678e-07 -0.0091953698520859089 -0.0021354381141893385 0.0054374431838840245 0.0028273502638176641 -0.00050916052055220273
leaf_weight=2492 267 405 11380 1174 283 329 161 192 4051 130 2238 245 2659 1027
leaf_count=2492 267 405 11380 1174 283 329 161 192 4051 130 2238 245 2659 1027
internal_value=-0.000102469 -0.000137653 -0.000524308 0.000183255 0.00104335 -0.000283412 -0.000384722 0.00354762 -0.00043152 -0.000938237 -0.000760385 0.000756414 0.00130878 0.0018983
internal_weight=27033 26766 12138 14628 5143 9485 11733 353 9156 6419 6289 2737 4860 3686
internal_count=27033 26766 12138 14628 5143 9485 11733 353 9156 6419 6289 2737 4860 3686
is_linear=0
shrinkage=0.03


Tree=202
num_leaves=15
num_cat=0
split_feature=4 21 17 0 21 17 0 18 21 20 8 5 16 5
split_gain=4.75577 12.5826 11.1618 8.84302 7.61141 8.5786 8.57112 8.12802 7.03514 6.56147 9.67577 8.93979 6.25891 6.11178
threshold=0.00049804378068074595 477.09057617187506 0.10999999940395357 3.1854169368743901 578.26361083984386 0.089999999850988402 1.367871940135956 4.5415291786193857 435.44612121582037 98.802902221679702 0.28221558034420019 0.65672299265861522 0.11848435550928117 0.43329714238643652
decision_type=2 2 2 2 2 2 2 2 2 2 2 2 2 2
left_child=4 2 3 -2 5 6 -1 12 -8 10 -3 13 -6 -12
right_child=1 9 -4 -5 7 -7 8 -9 -10 -11 11 -13 -14 -15
leaf_value=-0.010645178044547459 0.012819485173538505 0.003921821577982469 0.00078164754333948279 0.0019108923960869249 0.004013301669724364 -0.0003833114136209887 0.0025289261318253292 -0.0039073610199126278 -0.0038729970725611424 -0.0056792489770430554 0.0018083918268978596 0.0040890618404052382 -0.0029294377247918481 -0.0056685853504154921
leaf_weight=121 121 270 6237 147 837 17053 206 174 580 343 120 140 132 494
leaf_count=121 121 270 6237 147 837 17053 206 174 580 343 120 140 132 494
internal_value=-0.000128104 0.00049222 0.00104221 0.00698063 -0.000383791 -0.000535036 -0.00336995 0.00198471 -0.00218976 -0.0021192 -0.000904918 -0.00264777 0.00305736 -0.00420448
internal_weight=26975 7872 6505 268 19103 17960 907 1143 786 1367 1024 754 969 614
internal_count=26975 7872 6505 268 19103 17960 907 1143 786 1367 1024 754 969 614
is_linear=0
shrinkage=0.03


Tree=203
num_leaves=15
num_cat=0
split_feature=8 0 0 6 0 5 1 6 17 13 6 17 12 0
split_gain=3.73733 6.03543 7.79627 6.52833 4.10498 5.37416 6.29547 5.21124 3.76963 9.07988 11.29 6.95209 5.90952 5.46188
threshold=0.26144546270370489 0.93086954951286327 1.367871940135956 0.021830224432051185 3.6766115427017216 0.66256666183471691 0.0053424690850079068 0.2271310240030289 0.070000000298023238 1.0000000180025095e-35 1.0000000180025095e-35 0.10999999940395357 1.0000000180025095e-35 2.841015219688416
decision_type=2 2 2 2 2 2 2 2 2 2 2 2 2 2
left_child=1 -1 -3 -4 -5 6 -6 -8 9 10 13 -10 -13 -2
right_child=8 2 3 4 5 -7 7 -9 11 -11 -12 12 -14 -15
leaf_value=-0.00063503531269987884 0.0055097945860094 0.0071908082999685907 0.006797046238147043 0.00023580551408045698 0.0060154094096907511 -0.00024948708877181174 0.005016247102359447 -0.0022788801460733843 0.0027301649889561572 -0.0072633142749414913 -0.0038556819237899756 -0.00013038121217203084 0.0043654385795084275 -8.6089537713505309e-05
leaf_weight=1926 250 193 169 2906 464 483 144 211 832 208 510 18172 262 408
leaf_count=1926 250 193 169 2906 464 483 144 211 832 208 510 18172 262 408
internal_value=0.000145112 0.000772389 0.00136559 0.00110082 0.000864251 0.00226064 0.00373351 0.000708841 -5.24308e-05 -0.00156649 -0.000525348 5.60833e-05 -6.53163e-05 0.00206552
internal_weight=27138 6496 4570 4377 4208 1302 819 355 20642 1376 1168 19266 18434 658
internal_count=27138 6496 4570 4377 4208 1302 819 355 20642 1376 1168 19266 18434 658
is_linear=0
shrinkage=0.03


Tree=204
num_leaves=15
num_cat=0
split_feature=21 17 6 18 21 3 0 21 0 6 20 5 21 18
split_gain=3.24381 2.47568 3.34163 2.64568 13.8564 16.1279 13.0132 8.55338 12.1628 8.53169 21.1343 14.0961 6.14371 5.36788
threshold=679.47171020507824 0.99000000953674328 0.25821842253208166 4.0490739345550546 462.67431640625006 1.0000000180025095e-35 3.9570708274841313 534.03945922851574 3.4782713651657109 0.093552276492118849 6.8710999488830575 0.60160642862319957 587.50012207031261 4.2815134525299081
decision_type=2 2 2 2 2 2 2 2 2 2 2 2 2 2
left_child=1 3 -3 4 9 7 12 -6 -9 10 -1 -11 -7 -5
right_child=-2 2 -4 13 5 6 -8 8 -10 11 -12 -13 -14 -15
leaf_value=-0.0045311426696619085 0.0036673698096894953 -0.006461219659969211 0.00018440675232317541 0.0026697814635999518 -0.004080286518921462 -0.0062813062405319151 -0.013426012563163427 -0.00085250762329523396 0.0071102577977155031 0.003547043649721061 0.0097721729769939362 -0.0081876539639719973 0.00026032157446024938 4.290896017170033e-05
leaf_weight=132 213 120 149 717 344 313 156 576 241 242 291 142 217 23100
leaf_count=132 213 120 149 717 344 313 156 576 241 242 291 142 217 23100
internal_value=2.27058e-05 -7.00633e-06 -0.00284399 2.23549e-05 -0.000875188 -0.0023064 -0.00593524 -0.000145972 0.00152532 0.0023945 0.00530794 -0.000841813 -0.00362554 0.000122534
internal_weight=26953 26740 269 26471 2654 1847 686 1161 817 807 423 384 530 23817
internal_count=26953 26740 269 26471 2654 1847 686 1161 817 807 423 384 530 23817
is_linear=0
shrinkage=0.03


Tree=205
num_leaves=15
num_cat=0
split_feature=0 8 18 0 18 17 8 17 8 0 18 21 5 18
split_gain=4.55133 9.43012 9.05837 7.51691 7.84775 11.2541 10.0461 10.861 8.44846 6.65413 6.01765 13.246 9.16511 5.62591
threshold=2.3010358810424809 0.18499988317489627 6.0721023082733163 1.1846225857734682 5.9235315322875985 0.74000000953674328 0.19907387346029284 0.63999998569488536 0.29440855979919439 0.092653002589941039 6.4056370258331308 73.53549957275392 0.61737734079360973 6.269367218017579
decision_type=2 2 2 2 2 2 2 2 2 2 2 2 2 2
left_child=3 2 -2 9 6 -6 -5 -8 -7 -1 -3 12 -12 -10
right_child=1 10 -4 4 5 8 7 -9 13 -11 11 -13 -14 -15
leaf_value=0.0017226363123951816 0.0062816788685540817 -6.5099652091259023e-05 -0.0026507267646214113 -0.0055702177784283753 -0.00043358854046625183 0.011054458701317865 0.002555547076892606 -0.0049776224983193408 0.0074222678501056887 -0.0015265179167500691 -0.0021490776289964184 0.0047600708594072172 -0.0096208586634700319 -0.0010718350916463153
leaf_weight=910 379 20660 136 186 272 247 1490 190 141 1488 491 172 209 133
leaf_count=910 379 20660 136 186 272 247 1490 190 141 1488 491 172 209 133
internal_value=0.000114181 -7.20636e-05 0.00392002 0.000925419 0.00202228 0.00451298 0.000954567 0.00169134 0.00707502 -0.000292501 -0.000168434 -0.00260236 -0.00443235 0.0033539
internal_weight=27104 22047 515 5057 2659 793 1866 1680 521 2398 21532 872 700 274
internal_count=27104 22047 515 5057 2659 793 1866 1680 521 2398 21532 872 700 274
is_linear=0
shrinkage=0.03


Tree=206
num_leaves=15
num_cat=0
split_feature=21 18 7 8 0 6 6 18 0 7 21 7 21 7
split_gain=3.74838 14.7596 15.0708 12.7327 6.91594 6.25706 4.95579 4.94166 4.1976 7.21453 10.7329 13.9373 10.9276 13.9087
threshold=573.66345214843761 4.5415291786193857 0.05615686625242234 0.31445129215717321 3.3766492605209355 0.20064106583595279 0.2311559394001961 4.0828621387481698 4.3179731369018564 0.052287094295024879 206.65666961669925 0.067807700484991087 260.40844726562506 0.22884199023246768
decision_type=2 2 2 2 2 2 2 2 2 2 2 2 2 2
left_child=8 2 4 -4 7 -5 -3 -2 9 -1 11 -11 13 -12
right_child=1 6 3 5 -6 -7 -8 -9 -10 10 12 -13 -14 -15
leaf_value=-0.00066679032305217464 0.0053104430322789328 -0.0011553565262645287 0.0051101106044038067 -0.0064825259295508393 0.0011779105339807514 0.0015801913973700721 -0.0092747450323076921 0.011740891829632767 0.0011137881298961848 0.0026188161106610814 0.0026600822106815692 -0.0016761473451759898 0.00061665960597621656 0.012990764150602949
leaf_weight=13114 369 147 205 275 240 123 123 159 2390 857 934 3219 4714 130
leaf_count=13114 369 147 205 275 240 123 123 159 2390 857 934 3219 4714 130
internal_value=8.61749e-06 0.00139593 0.00266023 -0.000887697 0.00543364 -0.00400209 -0.00495557 0.00733886 -8.14175e-05 -0.000206003 0.000407253 -0.000771007 0.00123839 0.00397715
internal_weight=26999 1641 1371 603 768 398 270 528 25358 22968 9854 4076 5778 1064
internal_count=26999 1641 1371 603 768 398 270 528 25358 22968 9854 4076 5778 1064
is_linear=0
shrinkage=0.03


Tree=207
num_leaves=15
num_cat=0
split_feature=5 0 0 20 1 7 4 18 1 18 0 21 16 21
split_gain=3.95905 5.98739 8.38439 6.80323 6.77591 7.46243 4.29434 8.56823 7.44288 5.91046 9.04317 5.95443 3.34681 14.0806
threshold=0.75867497920990001 3.6687867641448979 1.5866391062736513 45.688800811767585 0.028570374473929409 0.040314720943570144 1.0000000180025095e-35 5.1793959140777597 0.0043843130115419635 5.8899786472320566 2.9544833898544316 264.75207519531256 0.028802150860428814 191.62087249755862
decision_type=2 2 2 2 2 2 2 2 2 2 2 2 2 2
left_child=12 2 -2 -4 5 -3 7 -5 -8 11 -11 -9 -1 -14
right_child=1 4 3 6 -6 -7 8 9 -10 10 -12 -13 13 -15
leaf_value=0.00018042865658697677 0.0059898397190576921 0.002159849460894132 -0.0061690848633501093 0.0047150303614583219 -0.00110614590597614 0.011378500829791876 -0.00042033381764921022 -0.0093815439542368883 0.0090048114555515354 0.0048488078991067596 -0.0049514401753834791 -0.0014478189695730245 -0.0020611204803868263 0.00032346560183008267
leaf_weight=15200 203 165 161 194 144 152 189 154 120 185 148 188 3473 6201
leaf_count=15200 203 165 161 194 144 152 189 154 120 185 148 188 3473 6201
internal_value=6.24308e-06 0.00128763 0.000385763 -0.00048297 0.00426778 0.0066882 0.000316954 -0.000765561 0.00332502 -0.00236381 0.000484329 -0.00510402 -9.71796e-05 -0.000533232
internal_weight=26877 2003 1542 1339 461 317 1178 869 309 675 333 342 24874 9674
internal_count=26877 2003 1542 1339 461 317 1178 869 309 675 333 342 24874 9674
is_linear=0
shrinkage=0.03


Tree=208
num_leaves=15
num_cat=0
split_feature=0 6 4 21 21 4 7 18 18 21 4 1 6 6
split_gain=3.93301 5.1287 4.38095 11.8882 9.2385 8.17893 8.17091 7.98941 8.55281 8.88654 7.8638 11.7104 7.58313 6.95654
threshold=2.9937009811401372 0.50630405545234691 0.00049804378068074595 286.40841674804693 157.34017181396487 0.010406080167740585 0.043479228392243392 5.8564896583557138 6.0538563728332528 66.969722747802749 0.056207504123449333 0.030207763426005844 0.2837949693202973 0.2837949693202973
decision_type=2 2 2 2 2 2 2 2 2 2 2 2 2 2
left_child=-1 2 4 10 7 6 -5 -2 9 -9 -4 12 -12 -11
right_child=1 -3 3 5 -6 -7 -8 8 -10 13 11 -13 -14 -15
leaf_value=0.00052323988406555535 -0.0051310829985693604 0.0030663919262253017 0.00081791456695794033 -0.0020940043781460687 -7.1829629132255304e-05 -0.0016310243267095533 0.0078474132780884873 0.0083704904060810797 -0.0020899170549610437 0.0037540709938029527 0.0093430702493734735 -0.0032961436880791519 0.0023460054630465013 -0.0045880801426207299
leaf_weight=10475 590 412 2119 127 7427 2387 169 145 2185 178 323 138 250 172
leaf_count=10475 590 412 2119 127 7427 2387 169 145 2185 178 323 138 250 172
internal_value=6.80857e-05 -0.000218818 -0.000303237 0.000383525 -0.000657192 -0.00104627 0.00361808 -0.00198456 -0.00128359 0.00226096 0.0017385 0.00445728 0.00633695 -0.000352381
internal_weight=27097 16622 16210 5513 10697 2683 296 3270 2680 495 2830 711 573 350
internal_count=27097 16622 16210 5513 10697 2683 296 3270 2680 495 2830 711 573 350
is_linear=0
shrinkage=0.03


Tree=209
num_leaves=15
num_cat=0
split_feature=21 4 21 17 18 0 20 18 0 6 5 20 0 18
split_gain=4.37941 6.27886 4.75461 18.0387 17.7051 12.7159 15.0126 10.5272 10.01 12.9487 10.8323 10.3872 8.95451 11.2801
threshold=632.81069946289074 0.0032377624884247784 474.03674316406256 0.29999999701976782 4.0490739345550546 3.3766492605209355 105.92002487182619 4.0106117725372323 2.2553540468215947 0.13879541307687762 0.54653519392013561 15.501840114593508 4.9063875675201425 5.4722397327423105
decision_type=2 2 2 2 2 2 2 2 2 2 2 2 2 2
left_child=2 -2 7 4 -4 6 -6 8 -1 11 -11 -10 -9 -14
right_child=1 -3 3 -5 5 -7 -8 12 9 10 -12 -13 13 -15
leaf_value=-0.0041796437303789633 0.004341471104976828 -0.0021739188237065933 -0.0031629858148070574 -0.010565354698030893 0.0048979682625175259 -0.0016298101495826481 -0.0011431669695172837 -3.6178632367446464e-05 0.0030940826197782918 0.0057901094491256671 -0.0057731186417517384 0.01238240815890141 -0.0030644772818993293 0.0062645265977476355
leaf_weight=127 466 182 1442 162 993 1020 586 20834 210 136 146 229 157 422
leaf_count=127 466 182 1442 162 993 1020 586 20834 210 136 146 229 157 422
internal_value=8.18418e-05 0.0025089 2.195e-05 -0.000902863 -0.000502925 0.000976192 0.00265944 0.000196723 0.00346502 0.0048311 -0.000192807 0.00802412 6.65133e-05 0.00373032
internal_weight=27112 648 26464 4203 4041 2599 1579 22261 848 721 282 439 21413 579
internal_count=27112 648 26464 4203 4041 2599 1579 22261 848 721 282 439 21413 579
is_linear=0
shrinkage=0.03


Tree=210
num_leaves=15
num_cat=0
split_feature=7 4 18 4 3 18 18 3 1 7 3 6 18 17
split_gain=2.85897 8.08781 5.93894 5.46662 8.68054 6.81578 9.66837 10.7213 13.5351 7.96753 8.05706 7.75133 7.61866 7.19859
threshold=0.025782733224332336 0.093063972890377059 6.4794530868530282 0.016990234144032005 0.020224712789058689 6.3691570758819589 5.8634920120239267 0.011175374034792187 0.045881660655140884 0.0082523128949105757 0.030321884900331501 0.36614634096622473 5.9960372447967538 0.68999999761581432
decision_type=2 2 2 2 2 2 2 2 2 2 2 2 2 2
left_child=1 2 3 5 -5 6 13 8 11 -9 -11 12 -8 -1
right_child=-2 -3 -4 4 -6 -7 7 9 -10 10 -12 -13 -14 -15
leaf_value=-0.00029421154693500467 -0.0002492881643514964 -0.0047327367299677507 0.0061491356675716985 0.0041482646274909546 -0.0013481396226661154 -0.0041206476011498606 0.0027497743876089124 -0.0013230580280584687 0.0075498471221587078 0.013562542906594137 0.0046447597884246676 0.0055201610489214051 -0.0023331816427103139 -0.0072159103858284654
leaf_weight=3987 18794 261 164 787 381 317 351 126 222 124 346 178 1041 135
leaf_count=3987 18794 261 164 787 381 317 351 126 222 124 346 178 1041 135
internal_value=-4.34852e-05 0.000415756 0.00058325 0.000465306 0.00235724 0.000140136 0.000350615 0.00186752 0.000702513 0.00533537 0.00711553 -0.000286602 -0.00104623 -0.000529372
internal_weight=27214 8420 8159 7995 1168 6827 6510 2388 1792 596 470 1570 1392 4122
internal_count=27214 8420 8159 7995 1168 6827 6510 2388 1792 596 470 1570 1392 4122
is_linear=0
shrinkage=0.03


Tree=211
num_leaves=15
num_cat=0
split_feature=5 6 17 17 7 17 5 3 18 5 16 18 18 21
split_gain=3.37511 9.565 5.54132 7.82901 9.1294 6.55638 11.9663 10.7884 7.14359 6.61178 5.99542 4.72164 7.68683 5.66672
threshold=0.69008010625839245 0.34257782995700842 0.089999999850988402 0.16000000387430194 0.030696545727550987 0.73000001907348644 0.73652607202529918 0.040000759065151222 5.4159700870513925 0.77678832411766063 0.14673258364200595 5.7541444301605233 6.0472893714904794 307.99346923828131
decision_type=2 2 2 2 2 2 2 2 2 2 2 2 2 2
left_child=-1 2 -2 4 -4 8 -7 9 10 -8 -5 13 -13 -10
right_child=1 -3 3 5 -6 6 7 -9 11 -11 -12 12 -14 -15
leaf_value=-0.00013643851123505539 -0.003905464202745304 0.0073395876423120541 -0.0011128787923642151 0.00029304717614653275 0.0092270214230555925 0.0066907586676911825 -0.0027294513729590351 -0.0070759011613891303 -0.0065834468867900821 0.0044112048886013671 0.0062232007138367934 0.0014414339198772017 -0.006269227253831923 -0.00080155715798658394
leaf_weight=22620 240 186 124 1157 193 365 172 147 330 341 172 514 145 283
leaf_count=22620 240 186 124 1157 193 365 172 147 330 341 172 514 145 283
internal_value=1.10448e-05 0.000773906 0.000473544 0.000744691 0.00522792 0.00034609 0.00237205 -4.86812e-05 -0.000455317 0.00201383 0.00108098 -0.0020584 -0.000289578 -0.00394224
internal_weight=26989 4369 4183 3943 317 3626 1025 660 2601 513 1329 1272 659 613
internal_count=26989 4369 4183 3943 317 3626 1025 660 2601 513 1329 1272 659 613
is_linear=0
shrinkage=0.03


Tree=212
num_leaves=15
num_cat=0
split_feature=9 0 21 6 5 5 21 8 5 6 0 3 21 5
split_gain=2.72941 7.71015 12.3323 4.50588 3.85968 3.87426 10.3981 3.3462 9.92552 11.2041 7.51864 7.44742 23.7198 12.6427
threshold=1.0000000180025095e-35 3.3006703853607182 75.46802139282228 0.60633164644241344 0.43779082596302038 0.67710891366004955 297.31575012207037 0.41718086600303655 0.43779082596302038 0.48555366694927221 2.984124064445496 0.017254414968192581 406.07765197753912 0.67951688170433056
decision_type=2 2 2 2 2 2 2 2 2 2 2 2 2 2
left_child=7 2 -2 4 -4 6 -6 -1 10 11 -9 13 -13 -10
right_child=1 -3 3 -5 5 -7 -8 8 9 -11 -12 12 -14 -15
leaf_value=0.00026294078352780787 -0.011371895922997663 0.0027185498094549039 -0.0063240589014754668 0.0039081606451794506 0.0076221091881216989 -0.0053372544408938297 -0.003214638476916653 0.00051010299455634431 -0.0021956015234738438 0.0082413061463511451 -0.0044187441525250443 0.0049535358791339985 -0.0057265505074877571 0.0072793514406134328
leaf_weight=22015 124 303 157 120 121 124 212 407 1446 148 871 672 254 134
leaf_count=22015 124 303 157 120 121 124 212 407 1446 148 871 672 254 134
internal_value=5.51493e-05 -0.00136478 -0.00281419 -0.00130132 -0.0023428 -0.000921421 0.000777542 0.000118935 -0.000686654 0.000360022 -0.0028532 -0.000120916 0.00200899 -0.0013716
internal_weight=27108 1161 858 734 614 457 333 25947 3932 2654 1278 2506 926 1580
internal_count=27108 1161 858 734 614 457 333 25947 3932 2654 1278 2506 926 1580
is_linear=0
shrinkage=0.03


Tree=213
num_leaves=15
num_cat=0
split_feature=1 6 18 21 18 17 20 18 21 6 21 6 1 8
split_gain=4.90523 5.80793 5.3778 2.92353 2.87949 8.22656 12.44 16.2789 13.7374 10.6918 10.5494 10.0694 9.52931 9.16012
threshold=0.087196391075849547 0.28560109436511999 5.8899786472320566 679.47171020507824 5.653017759323121 0.43000000715255743 116.65724945068361 5.4796295166015634 234.73542785644534 0.22154065966606143 297.31575012207037 0.36047467589378362 0.023828306235373024 0.45456308126449591
decision_type=2 2 2 2 2 2 2 2 2 2 2 2 2 2
left_child=3 2 -2 4 5 10 8 -8 -7 -9 12 -11 -1 -12
right_child=1 -3 -4 -5 -6 6 7 9 -10 11 13 -13 -14 -15
leaf_value=0.004460133699994046 0.0023576712033929696 -0.00090654749716729079 0.0093384920313055141 0.0036705338516427825 0.00033684026636693565 -0.010803996742837101 0.0021570664490847798 -0.0074676980101694278 0.001212632736318152 0.00069751387705937736 1.7993925813871844e-05 -0.0063521074798367624 -0.0021871543791348812 -0.0034051054508854291
leaf_weight=814 332 283 140 193 12632 252 885 361 127 625 9174 252 251 757
leaf_count=814 332 283 140 193 12632 252 885 361 127 625 9174 252 251 757
internal_value=0.000107498 0.00248359 0.00450444 3.88873e-05 1.13663e-05 -0.000293238 -0.00184404 -0.000942879 -0.00681396 -0.00315868 6.03049e-05 -0.00135267 0.0028906 -0.000244517
internal_weight=27078 755 472 26323 26130 13498 2502 2123 379 1238 10996 877 1065 9931
internal_count=27078 755 472 26323 26130 13498 2502 2123 379 1238 10996 877 1065 9931
is_linear=0
shrinkage=0.03


Tree=214
num_leaves=15
num_cat=0
split_feature=7 0 20 7 20 1 18 0 6 6 0 5 3 8
split_gain=2.99577 6.52934 9.23252 5.71557 7.25518 8.26748 10.7786 7.77191 7.19516 6.2576 5.77713 5.38992 4.97557 4.89339
threshold=0.0078230625949800032 0.099503494799137129 62.034673690795906 0.022702814079821113 17.254125595092777 0.025332381017506126 5.3160977363586435 3.0024769306182866 0.42642457783222204 0.25146071612834936 2.9252337217330937 0.39792859554290777 0.047526475042104728 0.31350943446159368
decision_type=2 2 2 2 2 2 2 2 2 2 2 2 2 2
left_child=1 -1 -3 4 13 8 10 9 11 -8 -7 -6 -4 -2
right_child=3 2 12 -5 5 6 7 -9 -10 -11 -12 -13 -14 -15
leaf_value=0.001135423433858962 0.0019216367253597746 0.0023619916706170163 -0.0032541693212418447 -0.00012949207771294547 -0.0048598429382892879 -0.0058311943987500855 0.003306334526737181 0.0025075696366927509 0.0051954716338766544 0.0120417797350694 0.001130105527246012 -0.00026201334389554021 0.0019876815310725178 0.010232978221178054
leaf_weight=974 136 387 1605 19726 255 155 137 693 191 169 322 1960 178 120
leaf_count=974 136 387 1605 19726 255 155 137 693 191 169 322 1960 178 120
internal_value=-3.15188e-05 -0.000901234 -0.00181589 8.3228e-05 0.0010962 0.000769618 0.00253316 0.00429786 -0.000315265 0.00824685 -0.00116898 -0.000801088 -0.00272677 0.00593898
internal_weight=27008 3144 2170 23864 4138 3882 1476 999 2406 306 477 2215 1783 256
internal_count=27008 3144 2170 23864 4138 3882 1476 999 2406 306 477 2215 1783 256
is_linear=0
shrinkage=0.03


Tree=215
num_leaves=15
num_cat=0
split_feature=11 21 6 6 21 20 2 17 6 0 17 21 6 21
split_gain=7.57152 3.92966 3.59383 11.2805 10.6454 9.98551 13.6054 11.5111 8.31281 7.16532 6.75352 5.73018 6.15115 7.11243
threshold=1.0000000180025095e-35 679.47171020507824 0.21689374744892123 0.2271310240030289 148.54077911376956 1.0000000180025095e-35 0.10447804629802705 0.089999999850988402 0.21516120433807376 3.9217450618743901 0.31000000238418585 17.032124519348148 0.1830420717597008 159.37324523925784
decision_type=2 2 2 2 2 2 2 2 2 2 2 2 2 2
left_child=1 2 5 4 -4 6 7 -1 11 10 -6 -7 13 -13
right_child=-2 -3 3 -5 9 8 -8 -9 -10 -11 -12 12 -14 -15
leaf_value=-0.015734665492061702 -0.0064344683558447283 0.0042185751995482586 0.0086574093789022304 0.00014124962521410743 0.0072476070998641453 -0.0056114045813255202 0.0020153609125484378 -0.0026202076656371355 -0.00642629245950028 -0.003584572550450527 0.00084051682673983602 0.0030683584034935925 -0.001183053868801587 0.00015061437064685962
leaf_weight=121 155 203 251 15759 225 159 150 120 183 180 420 864 2602 5585
leaf_count=121 155 203 251 15759 225 159 150 120 183 180 420 864 2602 5585
internal_value=7.22674e-05 0.000111061 7.89502e-05 0.000344654 0.00330927 -0.000378181 -0.00504473 -0.00939063 -0.000181347 0.00163979 0.00311411 -5.3842e-05 4.68326e-05 0.000543591
internal_weight=26977 26822 26619 16835 1076 9784 391 241 9393 825 645 9210 9051 6449
internal_count=26977 26822 26619 16835 1076 9784 391 241 9393 825 645 9210 9051 6449
is_linear=0
shrinkage=0.03


Tree=216
num_leaves=15
num_cat=0
split_feature=0 7 17 8 7 7 0 5 5 0 7 21 21 5
split_gain=3.44299 5.99201 8.14832 7.54729 6.4138 7.96339 6.09691 6.85598 6.57349 6.56331 8.58287 6.39219 8.32802 5.58778
threshold=0.072595290839672103 0.0031355377286672596 0.059999998658895499 0.18499988317489627 0.045246755704283721 0.014814280439168217 1.0586304068565371 0.58482223749160778 0.90379884839057933 2.5816127061843877 0.14901973307132724 118.62879943847658 477.09057617187506 0.81221151351928722
decision_type=2 2 2 2 2 2 2 2 2 2 2 2 2 2
left_child=-1 2 -2 4 5 -3 7 -5 9 10 13 -12 -13 -8
right_child=1 3 -4 6 -6 -7 8 -9 -10 -11 11 12 -14 -15
leaf_value=0.0020564143833182911 0.0056452529087662696 0.0064243231871267733 -0.0023058627559032936 -0.00034092357635613434 0.0081375269317014026 -0.0011453095233158379 0.0015620623625985277 -0.0084592295940851148 -0.0065569192300780049 -0.0001661633118351645 -0.0068358962123531708 0.0022744038816684526 -0.0062833662329801728 0.0077645517468799153
leaf_weight=697 120 186 1654 221 167 359 3070 158 131 19499 170 355 138 132
leaf_count=697 120 186 1654 221 167 359 3070 158 131 19499 170 355 138 132
internal_value=-1.71379e-05 -7.23455e-05 -0.00175366 4.93019e-05 0.00308202 0.00147301 -4.177e-05 -0.00379141 1.95097e-05 5.77782e-05 0.00118632 -0.00191021 -0.000160112 0.00182946
internal_weight=27057 26360 1774 24586 712 545 23874 379 23495 23364 3865 663 493 3202
internal_count=27057 26360 1774 24586 712 545 23874 379 23495 23364 3865 663 493 3202
is_linear=0
shrinkage=0.03


Tree=217
num_leaves=15
num_cat=0
split_feature=5 3 0 6 5 5 0 7 7 7 0 7 20 5
split_gain=2.9344 10.1024 9.49454 7.09362 11.6399 7.18184 6.10917 4.65246 8.92842 5.02155 4.64277 3.4362 11.2974 9.33517
threshold=0.75463911890983593 0.044965010136365897 3.5986520051956181 0.15117937326431277 0.88294953107833873 0.80570062994956981 3.0024769306182866 0.043479228392243392 0.026365309022367004 0.069467838853597655 1.8815259337425234 0.026064380072057251 14.690649986267092 0.4559237807989121
decision_type=2 2 2 2 2 2 2 2 2 2 2 2 2 2
left_child=11 3 -3 5 7 -2 10 8 -5 -9 -7 12 13 -1
right_child=1 2 -4 4 -6 6 -8 9 -10 -11 -12 -13 -14 -15
leaf_value=-0.0015386995794841834 -0.0048641346741674675 -0.006728084263410419 0.0027876033486487965 0.0030655679757943125 -0.0050632298053131389 0.0032772376260808891 0.0067900173295745436 -0.0007964590057963505 0.011455262764691236 0.0051257026737592032 -0.004719410129970022 -0.00024349156312561675 0.0002252559528653096 0.0077033680720446042
leaf_weight=137 211 245 148 263 121 121 142 219 204 304 131 17177 7274 331
leaf_count=137 211 245 148 263 121 121 142 219 204 304 131 17177 7274 331
internal_value=8.40472e-05 0.00115716 -0.00315457 0.00215094 0.00356917 -0.000461358 0.00192788 0.00464438 0.00681297 0.00266181 -0.000890692 -6.98915e-06 0.000517552 0.00501022
internal_weight=27028 2109 393 1716 1111 605 394 990 467 523 252 24919 7742 468
internal_count=27028 2109 393 1716 1111 605 394 990 467 523 252 24919 7742 468
is_linear=0
shrinkage=0.03


Tree=218
num_leaves=15
num_cat=0
split_feature=18 21 5 7 21 21 12 1 7 7 6 18 7 21
split_gain=2.5718 7.93865 8.94259 8.34253 4.64391 5.71684 3.62327 6.43273 3.43599 2.61316 10.2692 6.65515 7.7502 6.43263
threshold=3.2063069343566899 365.30070495605474 0.4082628339529038 0.26673242449760443 641.25863647460949 491.50178527832037 1.0000000180025095e-35 0.027027926407754425 0.043479228392243392 0.083679791539907469 0.29673972725868231 3.9662463665008549 0.25055037438869482 183.03992462158206
decision_type=2 2 2 2 2 2 2 2 2 2 2 2 2 2
left_child=1 -1 -3 4 5 -4 9 -8 -7 -2 11 -11 13 -13
right_child=6 2 3 -5 -6 8 7 -9 -10 10 -12 12 -14 -15
leaf_value=0.007185711983039177 -0.00037088973156762896 0.0074551919501067865 0.0042459103048264561 -0.0078540129148437134 0.0044361531973914486 0.00011295621099481446 -0.00064589908661102837 0.0079164438926533839 -0.0052041727389762066 -0.0019383576168694159 -0.00091772801640897057 -0.00051398893445037813 0.0074328882728467143 0.0023895964437174845
leaf_weight=170 18436 130 138 125 185 209 183 133 224 477 3311 1008 204 2139
leaf_count=170 18436 130 138 125 185 209 183 133 224 477 3311 1008 204 2139
internal_value=-7.99399e-05 0.00128616 0.000263662 -0.000833601 0.000371158 -0.000972947 -0.00014249 0.00302505 -0.00266571 -0.000182211 0.000304958 0.00136233 0.00183436 0.00146022
internal_weight=27072 1181 1011 881 756 571 25891 316 433 25575 7139 3828 3351 3147
internal_count=27072 1181 1011 881 756 571 25891 316 433 25575 7139 3828 3351 3147
is_linear=0
shrinkage=0.03


Tree=219
num_leaves=15
num_cat=0
split_feature=3 4 5 7 0 0 7 0 20 16 17 7 8 17
split_gain=4.18939 7.20755 5.97424 4.85398 8.10005 6.51034 3.70989 7.39405 10.7952 5.6014 10.9447 13.0181 9.39183 7.70852
threshold=0.089825127273798003 0.0099744596518576163 0.68801259994506847 0.033497868105769164 3.9129220247268681 3.4550193548202519 0.0078230625949800032 0.099503494799137129 26.300610542297367 0.0028117960318923001 0.67000001668930065 0.1173343174159527 0.19280172139406207 0.46000000834465032
decision_type=2 2 2 2 2 2 2 2 2 2 2 2 2 2
left_child=6 2 3 5 -5 -2 7 -1 -9 10 -8 12 -12 -11
right_child=1 -3 -4 4 -6 -7 9 8 -10 13 11 -13 -14 -15
leaf_value=0.0011994622210503543 0.0023655384351414714 -0.0080686661676018928 -0.0052518635062977327 -0.00022760013812252424 0.0087964143512544984 -0.0067258200654459581 1.2784112605628389e-06 0.0050065986607628664 -0.0026101754544762064 0.00056026850978769789 0.0096322230121446209 -0.0023543808938431936 0.0022936749501476206 -0.0010140901738259123
leaf_weight=991 127 141 210 297 123 150 7865 179 1900 5141 161 537 3115 6133
leaf_count=991 127 141 210 297 123 150 7865 179 1900 5141 161 537 3115 6133
internal_value=-2.5443e-05 -0.00188055 -0.000879601 0.000465748 0.00248754 -0.00258954 4.96159e-05 -0.000928945 -0.00194394 0.000180679 0.000641034 0.00195892 0.00266846 -0.000296245
internal_weight=27070 1048 907 697 420 277 26022 3070 2079 22952 11678 3813 3276 11274
internal_count=27070 1048 907 697 420 277 26022 3070 2079 22952 11678 3813 3276 11274
is_linear=0
shrinkage=0.03


Tree=220
num_leaves=15
num_cat=0
split_feature=8 3 18 7 20 6 21 3 9 7 21 3 6 1
split_gain=2.93289 9.11753 16.2329 8.76718 12.2511 8.15954 7.91856 10.5805 7.09606 6.3701 8.69561 6.25138 6.09296 8.39576
threshold=0.41217978298664099 0.060606129467487342 5.9034545421600351 0.17264457792043689 46.534198760986335 0.24641492217779162 432.59123229980474 0.015225337352603676 1.0000000180025095e-35 0.20579022169113162 564.88870239257824 0.027034118771553043 0.49478559195995336 0.046257138252258308
decision_type=2 2 2 2 2 2 2 2 2 2 2 2 2 2
left_child=3 5 -3 8 9 11 7 -6 -1 -5 -11 -2 13 -10
right_child=1 2 -4 4 6 -7 -8 -9 12 10 -12 -13 -14 -15
leaf_value=-5.5182188708648616e-05 0.0033169711323710084 -0.00089465337853706674 0.011644313712063257 0.0036132577179349029 0.00040329287274143048 -0.001841409802495938 0.0089492765075318229 0.0068976756722555054 -0.0058384494541700175 -0.0067748961411806027 0.0024184228427271796 -0.0031440743939302736 0.0027420443778140217 0.0016217691145088199
leaf_weight=19884 528 267 137 145 678 3481 209 334 534 264 138 176 143 179
leaf_count=19884 528 267 137 145 678 3481 209 334 534 264 138 176 143 179
internal_value=-0.00013859 -0.000829373 0.00344779 2.40162e-06 0.00202723 -0.00124589 0.00369405 0.00257007 -0.000170654 -0.00169316 -0.00362804 0.00169093 -0.00283705 -0.0039673
internal_weight=27097 4589 404 22508 1768 4185 1221 1012 20740 547 402 704 856 713
internal_count=27097 4589 404 22508 1768 4185 1221 1012 20740 547 402 704 856 713
is_linear=0
shrinkage=0.03


Tree=221
num_leaves=15
num_cat=0
split_feature=1 1 0 20 18 16 1 4 8 21 17 13 21 21
split_gain=4.06224 5.48325 8.1561 6.97347 4.93403 5.98415 6.17043 4.7273 3.80581 3.77992 4.54854 9.96068 12.2145 5.00811
threshold=0.058814218267798431 0.076955307275056853 1.6446080803871157 54.123100280761726 6.1331739425659189 0.00087501222151331614 0.096792317926883711 0.033333726227283485 0.3387188613414765 679.47171020507824 0.080000001937150969 1.0000000180025095e-35 346.34062194824224 569.15255737304699
decision_type=2 2 2 2 2 2 2 2 2 2 2 2 2 2
left_child=9 7 -3 -4 5 6 8 -2 -5 10 11 12 -1 -14
right_child=1 2 3 4 -6 -7 -8 -9 -10 -11 -12 -13 13 -15
leaf_value=0.0082839596485297737 -0.0032483061022475761 0.0071584734898906457 0.0051448744015457721 0.0060872760173678398 0.0024814884074251444 -0.0067469774555342964 -0.0045963505652866186 0.0026068160249392539 -0.0012738288653154786 0.0041994606080892807 0.00026536394061570903 -0.0067219556557336965 -0.0028507528813475009 0.00062397685637737726
leaf_weight=129 1043 134 157 120 199 228 205 137 125 204 22620 255 767 720
leaf_count=129 1043 134 157 120 199 228 205 137 125 204 22620 255 767 720
internal_value=6.85517e-05 -0.00112253 0.000334828 -0.000579667 -0.00162783 -0.00284329 -0.000813015 -0.00256039 0.00238125 0.000182004 0.00014769 -0.00127188 -0.000393799 -0.00117185
internal_weight=27043 2348 1168 1034 877 678 450 1180 245 24695 24491 1871 1616 1487
internal_count=27043 2348 1168 1034 877 678 450 1180 245 24695 24491 1871 1616 1487
is_linear=0
shrinkage=0.03


Tree=222
num_leaves=15
num_cat=0
split_feature=7 3 3 0 8 8 7 17 4 0 7 4 7 0
split_gain=3.66193 6.36233 8.13302 7.58465 6.59648 7.08261 7.92619 7.00998 5.66989 6.06325 5.18779 5.44241 5.43372 5.15662
threshold=0.12285907939076425 0.025397877208888534 0.027774693444371227 3.991338968276978 0.2512501478195191 0.43757463991642004 0.12832662463188174 0.67000001668930065 0.07697706297039987 3.7220047712326054 0.18643162399530414 0.023025456815958027 0.24505563825368884 3.1069425344467168
decision_type=2 2 2 2 2 2 2 2 2 2 2 2 2 2
left_child=-1 3 -3 4 -2 6 -6 13 9 -8 11 -4 -12 -7
right_child=1 2 10 -5 5 7 8 -9 -10 -11 12 -13 -14 -15
leaf_value=-0.00013763980413729725 -0.0049912944541439033 0.0097761935629136869 0.0013889481299358436 -0.0032841693343330131 0.0088487472939822419 0.0028132006843998745 0.00027775303324008337 -0.0057955568785546347 0.0064957330188066776 0.0053716725885486188 0.0063636751515243981 -0.0049940519990786065 0.00089132631548815883 -0.0033150560574105991
leaf_weight=21966 172 120 488 509 130 311 1757 235 172 234 322 154 330 198
leaf_count=21966 172 120 488 509 130 311 1757 235 172 234 322 154 330 198
internal_value=3.09659e-05 0.000752064 0.00246106 9.96818e-05 0.00064069 0.000967336 0.0017918 -0.00156865 0.00134824 0.000888392 0.00174766 -0.000168938 0.00362179 0.000420263
internal_weight=27098 5132 1414 3718 3209 3037 2293 744 2163 1991 1294 642 652 509
internal_count=27098 5132 1414 3718 3209 3037 2293 744 2163 1991 1294 642 652 509
is_linear=0
shrinkage=0.03


Tree=223
num_leaves=15
num_cat=0
split_feature=4 0 6 5 8 0 20 21 6 5 0 1 16 4
split_gain=4.17887 9.48548 5.83875 11.038 9.10133 7.33385 6.66023 8.25583 10.6352 7.50702 5.81142 7.03476 5.54069 6.80524
threshold=0.00049804378068074595 1.1846225857734682 0.22154065966606143 0.70755678415298473 0.24400313943624499 4.4024550914764413 68.873622894287124 477.09057617187506 0.13879541307687762 0.52413138747215282 3.8812707662582402 0.027024216018617157 0.057925833389163024 0.075951725244522109
decision_type=2 2 2 2 2 2 2 2 2 2 2 2 2 2
left_child=-1 -2 4 12 -3 6 7 8 -6 -9 11 -8 -4 -14
right_child=1 2 3 -5 5 -7 10 9 -10 -11 -12 -13 13 -15
leaf_value=-0.00017417864479825495 -0.0075179603079422591 0.0034222743640522188 0.0017078247133102183 0.006472568324593417 0.0092629985746218637 -0.0081987550294070378 -0.0046657051470907996 -0.0060065801937081338 -0.0010548763334434141 0.0016219679143477156 0.0029887594359374985 0.0011810667904847789 -0.0012958412104098361 0.0038906663171128252
leaf_weight=19076 121 455 3198 349 196 123 715 184 161 297 157 247 1368 268
leaf_count=19076 121 455 3198 349 196 123 715 184 161 297 157 247 1368 268
internal_value=6.54642e-05 0.000648368 0.000781181 0.00135783 -0.000398169 -0.00124009 -0.000782954 0.00123528 0.00465954 -0.001328 -0.00229315 -0.00316616 0.000982253 -0.000436952
internal_weight=26915 7839 7718 5183 2535 2080 1957 838 357 481 1119 962 4834 1636
internal_count=26915 7839 7718 5183 2535 2080 1957 838 357 481 1119 962 4834 1636
is_linear=0
shrinkage=0.03


Tree=224
num_leaves=15
num_cat=0
split_feature=11 18 21 21 3 8 5 20 18 12 8 17 21 16
split_gain=4.90901 4.26262 9.29127 19.2677 9.83459 8.90455 7.55717 7.64526 8.28606 6.61512 6.15164 6.11041 8.77176 5.79728
threshold=1.0000000180025095e-35 4.1197588443756112 468.40444946289068 573.66345214843761 0.015225337352603676 0.38875970244407659 0.61602526903152477 8.3317952156066912 3.7470805644989018 1.0000000180025095e-35 0.23939975351095202 0.10999999940395357 598.42584228515636 1.0000000180025095e-35
decision_type=2 2 2 2 2 2 2 2 2 2 2 2 2 2
left_child=1 2 5 4 -4 6 7 -1 -9 11 -5 -3 -13 -6
right_child=-2 9 3 10 13 -7 -8 8 -10 -11 -12 12 -14 -15
leaf_value=-0.0044743877427536067 -0.0051252548749159488 0.0047441306136204809 -0.003086725939803523 0.0050153097585418022 -0.012667264902692793 0.005723962618228255 -0.0054071296004101106 0.0081782833721120163 -0.0018092198224782239 0.0046563601820159631 -0.00053057261305459135 0.00010528535160821362 -0.0057951602403493391 -0.004101192674244798
leaf_weight=125 163 247 688 222 194 294 194 182 122 285 866 23142 224 121
leaf_count=125 163 247 688 222 194 294 194 182 122 285 866 23142 224 121
internal_value=-1.30079e-05 1.89093e-05 -0.00104446 -0.00214709 -0.00513555 0.00146783 -0.000570257 0.00165414 0.00420572 0.000152944 0.000618798 9.76149e-05 4.74925e-05 -0.0094923
internal_weight=27069 26906 3008 2091 1003 917 623 429 304 23898 1088 23613 23366 315
internal_count=27069 26906 3008 2091 1003 917 623 429 304 23898 1088 23613 23366 315
is_linear=0
shrinkage=0.03


Tree=225
num_leaves=15
num_cat=0
split_feature=9 8 3 21 21 8 3 5 0 3 5 7 7 4
split_gain=3.94518 8.83112 7.24428 7.23127 7.10415 4.70704 12.5447 9.40014 10.9966 8.00041 6.68929 6.61754 8.26502 6.39293
threshold=1.0000000180025095e-35 0.39473679661750799 1.0000000180025095e-35 303.62409973144537 81.809627532958999 0.39954300224781042 0.059463636949658401 0.44400463998317724 3.6328953504562382 0.076053604483604445 0.48562870919704443 0.081384781748056426 0.03289401717483998 0.023268070071935657
decision_type=2 2 2 2 2 2 2 2 2 2 2 2 2 2
left_child=5 2 -2 -3 -4 10 7 8 -7 -8 -1 12 -10 -9
right_child=1 3 4 -5 -6 6 9 13 11 -11 -12 -13 -14 -15
leaf_value=0.0012299703707534602 -0.0058272667731466901 0.0061642353312645259 -0.0056048143927752972 -0.0021173449763330944 0.0034776851552648139 -0.0012061934159263794 0.0080542341574599829 -0.00098044768819523145 -0.008350376474241224 0.00026182125769848898 1.7173093657036229e-06 -0.010389155646994837 0.0015197643941562426 0.0020502153431996139
leaf_weight=5427 466 189 120 182 199 989 222 2559 151 249 15040 227 147 824
leaf_count=5427 466 189 120 182 199 989 222 2559 151 249 15040 227 147 824
internal_value=4.33708e-05 -0.00166742 -0.00346303 0.00212744 2.73024e-05 0.000120229 -0.000670076 -0.001121 -0.00308156 0.0039807 0.00032762 -0.0065697 -0.00353681 -0.00024033
internal_weight=26991 1156 785 371 319 25835 5368 4897 1514 471 20467 525 298 3383
internal_count=26991 1156 785 371 319 25835 5368 4897 1514 471 20467 525 298 3383
is_linear=0
shrinkage=0.03


Tree=226
num_leaves=15
num_cat=0
split_feature=16 5 16 21 5 6 21 0 16 16 0 6 5 16
split_gain=4.07985 4.66746 2.8182 10.958 5.4133 12.9202 6.28444 5.52424 5.31122 5.12106 3.31959 4.60819 4.50143 5.2514
threshold=0.30609922111034399 0.55392527580261242 0.13333727419376376 165.68334960937503 0.61137145757675182 0.2418889328837395 334.74348449707037 3.4782713651657109 0.15783413499593738 0.16670507192611697 3.7220047712326054 0.22265208512544635 0.62159588932991039 0.1661728918552399
decision_type=2 2 2 2 2 2 2 2 2 2 2 2 2 2
left_child=2 -2 -1 10 7 6 -6 8 -5 -9 11 -4 13 -13
right_child=1 -3 3 4 5 -7 -8 9 -10 -11 -12 12 -14 -15
leaf_value=0.00015470862784752951 0.0076792709022308432 0.00011633766070008279 -0.0096971707873955721 -0.0031787913081760722 -0.0037282469088351354 0.0081510592410662386 0.0028159708849104519 -0.00041302364205704001 0.0020077249798406186 -0.0084021820037207574 0.00070834365207701918 -0.0064430389670590733 -0.0074741061316693528 0.00058684004210517735
leaf_weight=24074 131 160 122 256 245 234 275 143 552 142 130 136 165 295
leaf_count=24074 131 160 122 256 245 234 275 143 552 142 130 136 165 295
internal_value=9.04038e-05 0.00359316 5.16622e-05 -0.000867417 0.000430293 0.00237749 -0.000273505 -0.000917678 0.000355029 -0.00446982 -0.00367987 -0.0044738 -0.0033328 -0.00167985
internal_weight=27060 291 26769 2695 1847 754 520 1093 808 285 848 718 596 431
internal_count=27060 291 26769 2695 1847 754 520 1093 808 285 848 718 596 431
is_linear=0
shrinkage=0.03


Tree=227
num_leaves=15
num_cat=0
split_feature=8 16 16 21 6 6 18 7 3 18 21 5 16 5
split_gain=3.2316 7.7131 10.7248 7.79004 7.48047 7.24383 13.3198 9.27266 7.93965 15.4825 13.9583 11.6096 14.8207 14.6622
threshold=0.27375826239585882 0.094696052372455611 0.11758678406476976 569.15255737304699 0.46414504945278173 0.21772284060716632 6.2436668872833261 1.0000000180025095e-35 0.00083872635150328289 5.8832786083221444 105.6660499572754 0.44400463998317724 0.023705949075520042 0.73652607202529918
decision_type=2 2 2 2 2 2 2 2 2 2 2 2 2 2
left_child=1 3 -3 4 -1 6 -2 -7 -9 10 -10 12 -11 -13
right_child=5 2 -4 -5 -6 7 -8 8 9 11 -12 13 -14 -15
leaf_value=-0.00031632159878844206 -0.00083412353766884985 0.0079619278923169605 0.0011757757287263835 0.0037135425500787276 0.0066071926105845096 -0.006098538364098763 -0.0093011789971079711 -0.00032455413430655569 -0.0080579138256322881 0.0034236610171867227 0.00022096359587508169 0.0046557298920252505 -0.005366753432655795 -0.0055437984906245756
leaf_weight=5694 5074 274 852 507 139 203 168 8153 190 377 3048 1855 310 132
leaf_count=5694 5074 274 852 507 139 203 168 8153 190 377 3048 1855 310 132
internal_value=4.21786e-05 0.000572757 0.00285501 0.000165493 -0.000145817 -0.000160956 -0.00111409 0.000189488 0.000282378 0.00111894 -0.000276501 0.00280607 -0.000553019 0.00396594
internal_weight=26976 7466 1126 6340 5833 19510 5242 14268 14065 5912 3238 2674 687 1987
internal_count=26976 7466 1126 6340 5833 19510 5242 14268 14065 5912 3238 2674 687 1987
is_linear=0
shrinkage=0.03


Tree=228
num_leaves=15
num_cat=0
split_feature=12 18 6 5 5 4 6 17 6 0 0 5 18 18
split_gain=2.0944 22.1483 2.53312 7.65059 7.33797 9.30719 7.06201 5.79616 7.50905 6.96017 6.48452 11.4277 13.9364 14.0757
threshold=1.0000000180025095e-35 4.8187770843505868 0.33831037580966955 0.69008010625839245 0.42484952509403234 0.047613436356186874 0.28655371069908148 0.24000000208616259 0.34257782995700842 3.5178520679473881 3.606695413589478 0.46839353442192083 6.0152394771575937 6.2564725875854501
decision_type=2 2 2 2 2 2 2 2 2 2 2 2 2 2
left_child=2 -2 4 7 5 -1 -7 9 -9 -4 -10 -12 -13 -14
right_child=1 -3 3 -5 -6 6 -8 8 10 -11 11 12 13 -15
leaf_value=0.0009855854248219326 -0.012099166176217886 0.0032930245818481464 -0.0060950482145629139 0.0050331495545752752 -6.2881486578392629e-06 0.009288771255205653 0.00032180868310942534 -0.0056605043537406759 0.0007393755262317664 0.00073059533257037403 -0.0039935218825791104 -0.0025311836818059669 0.010503036727658607 -0.0015326399572433962
leaf_weight=2529 126 231 358 211 18259 225 121 226 2900 212 862 446 201 150
leaf_count=2529 126 231 358 211 18259 225 121 226 2900 212 862 446 201 150
internal_value=3.50078e-05 -0.00223159 6.57262e-05 -0.000503388 0.000215696 0.00162307 0.00620218 -0.000726033 -0.000383627 -0.00357211 -0.000116125 -0.0016093 0.000978183 0.0054103
internal_weight=27057 357 26700 5566 21134 2875 346 5355 4785 570 4559 1659 797 351
internal_count=27057 357 26700 5566 21134 2875 346 5355 4785 570 4559 1659 797 351
is_linear=0
shrinkage=0.03


Tree=229
num_leaves=15
num_cat=0
split_feature=6 12 16 18 21 7 21 5 0 18 18 5 0 5
split_gain=4.27269 10.4642 6.26494 12.9352 11.7318 8.63108 7.66029 7.25987 7.20577 7.01771 9.34794 7.99315 8.18338 6.94303
threshold=0.29887701570987707 1.0000000180025095e-35 0.00087501222151331614 5.7680428028106698 217.40644836425784 0.14215169101953509 497.69277954101568 0.36651998758316046 3.6423991918563847 6.1874206066131601 6.4394888877868661 0.56543788313865673 1.8345034122467043 0.56931573152542125
decision_type=2 2 2 2 2 2 2 2 2 2 2 2 2 2
left_child=1 -1 3 5 13 7 8 -2 -6 11 -11 12 -5 -4
right_child=2 -3 4 9 6 -7 -8 -9 -10 10 -12 -13 -14 -15
leaf_value=0.00034989101125413512 -0.0058782875805126244 -0.0060082775889599887 -0.0018248399109873192 -0.0047792110580262863 0.0024836550173209979 0.0028676345622546313 -0.004452722709902446 -0.0013034548465935343 -0.0017503234651462917 -0.0014435521098942953 0.006873769209660748 0.0064707141888653294 0.0025943988055991936 -0.0055831521578656972
leaf_weight=18140 413 231 1720 152 1120 324 251 1251 529 880 136 410 995 595
leaf_count=18140 413 231 1720 152 1120 324 251 1251 529 880 136 410 995 595
internal_value=8.20846e-06 0.000268329 -0.000536151 0.000234397 -0.00136924 -0.00158094 0.000377712 -0.00245312 0.00112421 0.00163734 -0.000302 0.00289975 0.00160075 -0.00280075
internal_weight=27147 18371 8776 4561 4215 1988 1900 1664 1649 2573 1016 1557 1147 2315
internal_count=27147 18371 8776 4561 4215 1988 1900 1664 1649 2573 1016 1557 1147 2315
is_linear=0
shrinkage=0.03


Tree=230
num_leaves=15
num_cat=0
split_feature=16 18 16 18 18 21 21 3 0 5 5 0 0 21
split_gain=4.04009 6.18792 3.44552 9.2985 12.9238 12.1347 9.55115 10.6445 12.8533 9.28588 9.15396 8.73662 9.45723 8.59879
threshold=0.30609922111034399 5.6223483085632333 0.0018821899429894986 5.7752783298492441 6.1755096912384042 578.26361083984386 176.57550048828128 0.016199942678213123 2.7347775697708134 0.64549779891967785 0.64380353689193737 3.3333339691162114 3.9807316064834599 191.62087249755862
decision_type=2 2 2 2 2 2 2 2 2 2 2 2 2 2
left_child=2 -2 3 5 6 -1 7 8 -5 -9 -6 -8 -13 -4
right_child=1 -3 13 4 10 -7 11 9 -10 -11 -12 12 -14 -15
leaf_value=-0.00072324217692833019 -0.0002491086947812319 0.008339305195932914 -0.0014587880473660923 0.0065598348754044465 -0.0013706530896633296 0.002876950848784436 0.0025677369150770234 0.00944667920771111 -0.00013208300985787603 0.00032316012896926085 0.0031103548696735719 -0.0040564176321099508 0.0022737579344051283 0.00023138997139435087
leaf_weight=7707 174 128 4232 398 2030 941 1219 430 719 131 509 495 365 7509
leaf_count=7707 174 128 4232 398 2030 941 1219 430 719 131 509 495 365 7509
internal_value=4.56781e-05 0.00346755 6.30973e-06 0.000308424 0.001185 -0.000330065 0.00230123 0.00398172 0.00227093 0.00733791 -0.000467986 0.000938576 -0.00137216 -0.00037819
internal_weight=26987 302 26685 14944 6296 8648 3757 1678 1117 561 2539 2079 860 11741
internal_count=26987 302 26685 14944 6296 8648 3757 1678 1117 561 2539 2079 860 11741
is_linear=0
shrinkage=0.03


Tree=231
num_leaves=15
num_cat=0
split_feature=1 5 21 5 7 18 3 3 4 1 4 18 16 1
split_gain=4.13942 9.39906 9.79094 8.23823 7.47477 7.16242 13.3764 9.37644 8.14303 11.2295 10.1697 7.6312 8.06114 9.50015
threshold=1.0000000180025095e-35 0.34122018516063696 435.44612121582037 0.5291101634502412 0.13209547102451327 6.127253770828248 0.026645528152585033 0.065269097685813918 0.026250097900629047 0.03913389518857003 0.038847189396619804 5.9960372447967538 0.0028117960318923001 0.043858867138624198
decision_type=2 2 2 2 2 2 2 2 2 2 2 2 2 2
left_child=3 2 4 -1 -2 6 11 8 9 -7 -10 -3 13 -13
right_child=1 5 -4 -5 -6 7 -8 -9 10 -11 -12 12 -14 -15
leaf_value=0.0011512098944225287 -0.0069333401629129805 0.00054990531783186277 0.0038235685041615067 -0.00026711972944298699 0.0010449134084679508 -0.0022329069455928117 -0.0023843526152525696 0.007058446699877579 0.011593855804808083 0.0025398119761114906 0.0011086257542006846 0.0034219677139314072 -0.0074942226883023978 -0.0056931168564498492
leaf_weight=6183 488 5246 126 9111 133 1042 2672 220 121 765 249 239 220 173
leaf_count=6183 488 5246 126 9111 133 1042 2672 220 121 765 249 239 220 173
internal_value=-1.83763e-05 -0.000443171 -0.00368757 0.000306466 -0.00522993 -0.000220198 -0.000626531 0.00122746 0.000623381 -0.000210926 0.00464644 0.00017388 -0.00292718 -0.000427853
internal_weight=26988 11694 747 15294 621 10947 8550 2397 2177 1807 370 5878 632 412
internal_count=26988 11694 747 15294 621 10947 8550 2397 2177 1807 370 5878 632 412
is_linear=0
shrinkage=0.03


Tree=232
num_leaves=15
num_cat=0
split_feature=7 18 21 21 18 18 5 20 21 20 8 6 6 8
split_gain=3.80604 5.20698 4.47965 7.06369 14.1801 13.9471 12.0914 14.111 10.1419 8.25298 7.87426 8.77778 9.49446 6.98833
threshold=0.050696983933448798 6.4794530868530282 468.40444946289068 183.03992462158206 5.8899786472320566 5.8303780555725107 0.49213244020938879 47.006900787353523 92.834175109863295 119.98374938964845 0.26992103457450872 0.24272103607654574 0.35347704589366918 0.26274111866950994
decision_type=2 2 2 2 2 2 2 2 2 2 2 2 2 2
left_child=-1 2 3 4 5 9 -6 -8 10 -2 -9 -12 -13 -5
right_child=1 -3 -4 13 6 -7 7 8 -10 -11 11 12 -14 -15
leaf_value=-0.00043562901061611827 -0.0085433854966206427 -0.0049960954612996199 -0.00086129451093899941 0.0043894799320860602 -0.0017546670747417791 -0.011359920249895971 -0.0055598263195741427 -0.00084395390310275712 0.00062676979405573274 -0.00075453251420653296 0.013397511460914693 0.0025039168500981899 0.010971300634637214 0.00095688357098627579
leaf_weight=15205 136 161 2209 594 1003 152 177 147 717 940 140 408 166 4962
leaf_count=15205 136 161 2209 594 1003 152 177 147 717 940 140 408 166 4962
internal_value=-0.000121108 0.000280375 0.000354762 0.000636586 -0.000326899 -0.00300175 0.000867355 0.0023666 0.00327043 -0.00177396 0.00545562 0.00674944 0.00502627 0.00132748
internal_weight=27117 11912 11751 9542 3986 1228 2758 1755 1578 1076 861 714 574 5556
internal_count=27117 11912 11751 9542 3986 1228 2758 1755 1578 1076 861 714 574 5556
is_linear=0
shrinkage=0.03


Tree=233
num_leaves=15
num_cat=0
split_feature=3 17 1 18 18 18 17 3 8 6 3 18 5 8
split_gain=3.93395 8.57509 5.24317 6.94262 12.4622 5.38413 4.3968 3.98484 12.1166 5.80643 7.47556 3.94844 5.29294 3.76458
threshold=0.076053604483604445 0.089999999850988402 0.0079375691711902636 6.1025121212005624 5.6759147644042978 6.282386541366578 0.28999999165534979 0.060606129467487342 0.38214370608329779 0.20616745948791507 0.066671051084995284 5.9503397941589364 0.47764341533184057 0.39954300224781042
decision_type=2 2 2 2 2 2 2 2 2 2 2 2 2 2
left_child=7 -2 5 4 6 11 -4 13 9 -9 -11 12 -3 -1
right_child=1 2 3 -5 -6 -7 -8 8 -10 10 -12 -13 -14 -15
leaf_value=0.00017563594244525071 -0.0087121622549990816 -0.0046545614838885115 -0.0043105748941968764 0.0029553978077617267 -0.0099443462604093692 -0.00426000485821597 0.0027981860464791485 -0.0049529266408403754 0.0073275969658667837 0.0056519134290507417 -0.0021713252592151268 0.0053808059135469826 0.0023743725698617242 -0.00073261413908163751
leaf_weight=19427 130 129 141 144 210 150 164 169 265 203 229 203 339 5203
leaf_count=19427 130 129 141 144 210 150 164 169 265 203 229 203 339 5203
internal_value=-3.67615e-05 -0.00147263 -0.000809529 -0.00279237 -0.00441247 0.000789322 -0.000504679 5.41803e-05 0.00204839 -0.000320629 0.00152748 0.00194124 0.000408188 -1.63384e-05
internal_weight=27106 1610 1480 659 515 821 305 25496 866 601 432 671 468 24630
internal_count=27106 1610 1480 659 515 821 305 25496 866 601 432 671 468 24630
is_linear=0
shrinkage=0.03


Tree=234
num_leaves=15
num_cat=0
split_feature=17 1 18 18 18 18 6 3 5 21 1 21 1 5
split_gain=3.4051 2.98213 10.3084 8.99404 8.9998 9.66201 13.6458 9.17108 8.98487 17.691 5.89216 5.87247 5.63424 5.63296
threshold=0.0099999997764825838 0.035714445635676391 6.127253770828248 6.0219559669494638 5.8772208690643319 5.653017759323121 0.2534682303667069 0.025639954023063186 0.57615917921066295 43.342350006103523 0.033564468845725066 150.89814758300784 0.085123870521783843 0.49683061242103582
decision_type=2 2 2 2 2 2 2 2 2 2 2 2 2 2
left_child=-1 10 3 4 5 12 -7 -8 -4 -10 -2 -6 -3 -12
right_child=1 2 8 -5 11 6 7 -9 9 -11 13 -13 -14 -15
leaf_value=0.0034802268952120606 0.00013006127600475941 -0.0010846811513011269 -0.00028092815577034384 -0.0055193613900337366 0.0086176498897270904 -0.0093874324596610534 0.001940749683432401 -0.0068002888667313046 -0.0036315882582506481 0.0090340430763674092 -0.0013006609350993809 0.00098519086818968566 0.0027235865358768651 0.006027596022555471
leaf_weight=257 20996 2190 662 401 123 289 305 161 140 318 137 317 411 288
leaf_count=257 20996 2190 662 401 123 289 305 161 140 318 137 317 411 288
internal_value=7.67819e-05 4.34241e-05 -0.000592168 -0.00127452 -0.00081944 -0.0013493 -0.00432516 -0.00111935 0.00195914 0.00516504 0.000201289 0.00319166 -0.000478842 0.00367766
internal_weight=26995 26738 5317 4197 3796 3356 755 466 1120 458 21421 440 2601 425
internal_count=26995 26738 5317 4197 3796 3356 755 466 1120 458 21421 440 2601 425
is_linear=0
shrinkage=0.03


Tree=235
num_leaves=15
num_cat=0
split_feature=8 8 1 6 6 4 18 6 0 3 6 5 8 7
split_gain=3.09279 8.10014 14.3701 7.34608 10.6505 6.15287 11.6313 7.29373 6.21251 6.17428 6.15242 6.02431 4.96684 4.90059
threshold=0.26144546270370489 0.25505250692367559 0.022227102890610698 0.40403622388839727 0.28476549685001379 0.0071086888201534757 5.8634920120239267 0.18155796825885775 3.3333339691162114 0.047619290649890907 0.19846625626087191 0.6509084701538087 0.24853866547346118 0.005042311269789935
decision_type=2 2 2 2 2 2 2 2 2 2 2 2 2 2
left_child=1 3 10 4 5 9 7 8 -7 12 -3 -11 -1 -2
right_child=13 2 -4 -5 -6 6 -8 -9 -10 11 -12 -13 -14 -15
leaf_value=0.00023403515095422205 -0.0029539887795563447 0.012746126941508716 -0.0031639002787846103 0.0053818190344762 -0.0034905927068232287 -0.00086757368836287067 -0.0027193571136415735 0.0093726146914814776 0.0073576414579675144 0.00023605298881532413 0.0043380245618645169 -0.006156582458854907 0.0047950601927309764 -8.3617930863340683e-05
leaf_weight=3497 545 130 157 239 664 206 228 226 132 266 207 259 224 20075
leaf_count=3497 545 130 157 239 664 206 228 226 132 266 207 259 224 20075
internal_value=1.90224e-05 0.000592933 0.0042642 0.000284334 6.61448e-05 0.000537913 0.00295659 0.00525486 0.00240507 8.38138e-05 0.00772043 -0.00294598 0.00051467 -0.000160181
internal_weight=27055 6435 494 5941 5702 5038 792 564 338 4246 337 525 3721 20620
internal_count=27055 6435 494 5941 5702 5038 792 564 338 4246 337 525 3721 20620
is_linear=0
shrinkage=0.03


Tree=236
num_leaves=15
num_cat=0
split_feature=6 12 6 5 5 3 13 2 21 2 21 18 21 1
split_gain=3.48677 9.57799 10.312 7.32814 7.28526 8.14662 6.97639 9.02172 5.91321 6.21275 6.73921 12.8999 7.20408 5.75336
threshold=0.21689374744892123 1.0000000180025095e-35 0.1830420717597008 0.7822965979576112 0.75867497920990001 0.0022510259877890353 1.0000000180025095e-35 0.10447804629802705 21.781149864196781 0.22056695073843005 372.72924804687506 3.5102863311767583 573.66345214843761 0.01540167583152652
decision_type=2 2 2 2 2 2 2 2 2 2 2 2 2 2
left_child=1 2 6 -4 -2 13 8 -8 -1 10 11 -10 -12 -6
right_child=4 -3 3 -5 5 -7 7 -9 9 -11 12 -13 -14 -15
leaf_value=-0.0057704811153622962 6.2717984397275936e-05 -0.0087474500144820739 -0.0014291947777728456 -0.006681164027379379 0.0095245794159907159 -0.00062568465738619609 -0.0083145871733952513 0.001450009138774198 0.0088850686396364856 -0.0038871288923010036 -0.0010108287270766971 0.0012623759458493845 0.0021309072475468693 0.001308260491787223
leaf_weight=130 16521 121 2708 258 207 249 185 152 212 264 2384 2565 901 123
leaf_count=130 16521 121 2708 258 207 249 185 152 212 264 2384 2565 901 123
internal_value=-8.00883e-05 -0.00052862 -0.000422289 -0.00189652 0.000179142 0.00347216 0.000222319 -0.00395357 0.000443189 0.000575337 0.000772721 0.00185923 -0.000147194 0.00652737
internal_weight=26980 9880 9759 2966 17100 579 6793 337 6456 6326 6062 2777 3285 330
internal_count=26980 9880 9759 2966 17100 579 6793 337 6456 6326 6062 2777 3285 330
is_linear=0
shrinkage=0.03


Tree=237
num_leaves=15
num_cat=0
split_feature=6 5 8 21 9 8 0 21 7 6 21 0 16 17
split_gain=2.17153 10.8562 7.07125 5.52856 3.24029 8.0735 5.07314 9.51327 9.19885 5.2477 4.1358 3.19842 9.42073 11.817
threshold=0.5340489149093629 0.45242440700531011 0.33386138081550604 271.12951660156256 1.0000000180025095e-35 0.39473679661750799 3.5648421049118046 443.37510681152349 0.031282395124435432 0.29567094147205358 303.62409973144537 3.3088430166244511 0.026818405836820606 0.46999999880790716
decision_type=2 2 2 2 2 2 2 2 2 2 2 2 2 2
left_child=4 2 -2 -4 11 6 7 8 9 -6 -7 12 -1 -14
right_child=1 -3 3 -5 5 10 -8 -9 -10 -11 -12 -13 13 -15
leaf_value=0.00096529002509109668 0.0041972361701580639 0.0073990894849959975 -0.00010199757302827376 -0.0081516045185604253 -0.0083153375757929783 0.0062196933388751104 0.001159453982811259 0.0010492970179101185 -0.014277374564674683 0.00036979688465595248 -0.00091267733718991648 -0.00039002430092031009 0.00075341816765216293 -0.0020058227227497693
leaf_weight=7670 158 199 182 128 125 131 156 163 120 120 156 12187 2735 2846
leaf_count=7670 158 199 182 128 125 131 156 163 120 120 156 12187 2735 2846
internal_value=-6.15942e-05 0.00162251 -0.00088602 -0.00350234 -0.000104428 -0.00180077 -0.00356529 -0.00495902 -0.00762011 -0.00413908 0.00239362 -3.93354e-05 0.00028322 -0.000654177
internal_weight=27076 667 468 310 26409 971 684 528 365 245 287 25438 13251 5581
internal_count=27076 667 468 310 26409 971 684 528 365 245 287 25438 13251 5581
is_linear=0
shrinkage=0.03


Tree=238
num_leaves=15
num_cat=0
split_feature=18 7 0 7 20 18 7 1 1 18 17 3 3 17
split_gain=2.92764 5.06721 5.86541 2.64132 4.29846 6.11367 3.59031 6.72473 6.88155 6.29928 7.31199 6.48355 15.3987 7.57129
threshold=6.4650917053222665 0.028365635313093666 3.4319416284561162 0.31942637264728552 28.632249832153324 5.271644353866578 0.049664070829749114 0.064808338880538954 0.085123870521783843 6.2895240783691415 0.95999997854232799 0.0015917093842290344 0.041258582845330245 0.93000000715255748
decision_type=2 2 2 2 2 2 2 2 2 2 2 2 2 2
left_child=3 -2 -3 6 -5 -6 -1 9 -9 10 -8 13 -13 -11
right_child=1 2 -4 4 5 -7 7 8 -10 11 -12 12 -14 -15
leaf_value=-0.0003733853875227705 0.00552425771095793 0.002955055173193354 -0.0052447443527972879 -0.0060284665268243928 0.0050335458612062213 -0.0029319490546353684 0.00038717724102117036 -0.0058004269175562159 0.0011338384653551174 -0.0021168823214910946 -0.006179986472091367 0.0104720190135496 -0.0012656645595792537 0.006349392429213313
leaf_weight=14719 223 191 126 171 123 264 9843 309 216 311 150 240 169 131
leaf_count=14719 223 191 126 171 123 264 9843 309 216 311 150 240 169 131
internal_value=-6.35213e-05 0.00211314 -0.000335002 -0.000108021 -0.00214105 -0.000368368 -6.41343e-05 0.000336229 -0.00296369 0.000497283 0.000285559 0.00296729 0.00566526 0.000435308
internal_weight=27186 540 317 26646 558 387 26088 11369 525 10844 9993 851 409 442
internal_count=27186 540 317 26646 558 387 26088 11369 525 10844 9993 851 409 442
is_linear=0
shrinkage=0.03


Tree=239
num_leaves=15
num_cat=0
split_feature=16 16 5 16 21 16 21 5 5 21 0 17 21 21
split_gain=3.22239 4.89533 4.6645 2.34938 8.748 2.94509 7.52169 5.3814 4.58655 4.28886 4.14333 5.79496 3.85945 6.66696
threshold=0.29928679764270788 0.26371102035045629 0.60160642862319957 0.22228738665580752 288.28167724609381 0.13333727419376376 64.70737457275392 0.59994783997535717 0.5312163531780244 305.69099426269537 2.7487884759902959 0.6499999761581422 440.65908813476568 258.39614868164068
decision_type=2 2 2 2 2 2 2 2 2 2 2 2 2 2
left_child=1 3 -2 5 -5 -1 -7 8 12 10 -9 -12 13 -8
right_child=2 -3 -4 4 -6 6 7 9 -10 -11 11 -13 -14 -15
leaf_value=4.8616175454634132e-06 0.0056356772323780686 -0.0051490925335357981 -0.0015364961339775403 -0.0014930877190017621 0.0077676120661349301 -0.0061475134677643969 -0.0021553366306209776 -0.0047010805299270517 -0.0047620629473196377 0.0035199643934703665 -0.0029255550572997889 0.0055494912200707144 -0.0046545297118960084 0.0042453353316983279
leaf_weight=23991 204 166 131 222 150 236 343 151 341 398 139 142 159 248
leaf_count=23991 204 166 131 222 150 236 343 151 341 398 139 142 159 248
internal_value=-5.24967e-05 -8.9456e-05 0.00284969 -5.68209e-05 0.00229456 -9.07056e-05 -0.00115119 -0.000523017 -0.0019042 0.00129302 -0.000775454 0.00137935 -0.000581894 0.000543645
internal_weight=27021 26686 335 26520 372 26148 2157 1921 1091 830 432 281 750 591
internal_count=27021 26686 335 26520 372 26148 2157 1921 1091 830 432 281 750 591
is_linear=0
shrinkage=0.03


Tree=240
num_leaves=15
num_cat=0
split_feature=7 20 18 18 2 5 20 8 9 8 7 8 0 0
split_gain=3.85418 5.61635 8.01364 8.88962 8.48809 6.08879 5.3387 5.13498 5.74729 5.57116 4.52975 4.75236 10.6379 7.69498
threshold=0.0092633198946714419 2.8754498958587651 3.6356540918350224 5.9301617145538339 0.046653883531689651 0.60957312583923351 10.507724761962892 0.40278734266757971 1.0000000180025095e-35 0.31273271143436437 0.24039407074451449 0.18877658247947696 1.0586304068565371 2.2777954339981084
decision_type=2 2 2 2 2 2 2 2 2 2 2 2 2 2
left_child=6 2 4 5 -2 -4 -1 8 9 -8 11 -3 -13 -14
right_child=1 10 3 -5 -6 -7 7 -9 -10 -11 -12 12 13 -15
leaf_value=0.0042986655656956823 -0.010334565507626714 0.0025055179003510204 0.0059404631228216938 -0.0054926892712617035 -0.00041201860584477159 -0.0022770900508963074 -0.0011806555475960324 -0.00572875594436985 -0.0069350744684672219 0.0026398751218521719 0.0018586621078423148 -0.0053987928971203913 0.001882693876963481 -0.00012987243924351372
leaf_weight=158 177 682 207 171 136 128 2553 212 133 392 1319 322 1878 18586
leaf_count=158 177 682 207 171 136 128 2553 212 133 392 1319 322 1878 18586
internal_value=-6.9232e-05 6.76903e-05 -0.0023655 -1.99376e-05 -0.00609744 0.00281331 -0.00100538 -0.00126624 -0.00095009 -0.000668504 0.000155643 5.06003e-05 -3.05301e-05 5.52374e-05
internal_weight=27054 23606 819 506 313 335 3448 3290 3078 2945 22787 21468 20786 20464
internal_count=27054 23606 819 506 313 335 3448 3290 3078 2945 22787 21468 20786 20464
is_linear=0
shrinkage=0.03


Tree=241
num_leaves=15
num_cat=0
split_feature=7 20 0 5 0 5 8 18 8 20 21 17 18 0
split_gain=3.52079 6.89689 5.3491 10.7198 10.1367 10.2297 6.8593 7.82053 6.34792 6.69466 8.28641 5.67935 7.78204 5.33198
threshold=0.0092633198946714419 9.0563998222351092 2.3010358810424809 0.8213060498237611 1.0586304068565371 0.63459080457687389 0.30569384992122656 6.2564725875854501 0.31705275177955633 119.98374938964845 88.435298919677749 0.69999998807907116 5.6149256229400644 0.099503494799137129
decision_type=2 2 2 2 2 2 2 2 2 2 2 2 2 2
left_child=1 -1 3 4 5 -2 7 -6 -8 -10 -11 12 -12 -3
right_child=2 13 -4 -5 6 -7 8 -9 9 10 11 -13 -14 -15
leaf_value=0.0056278134686416469 0.00031472720155103037 0.0007691773052934921 3.3726657931716834e-05 0.0084312206106488177 -0.001560580086314899 -0.0098792677493444794 0.0094077497252123797 0.0065457491835951807 -0.00031666686181087939 -0.0020708006530463291 0.0069352674999645031 0.011229135270318658 -0.0010587248673414908 -0.0018737893402879604
leaf_weight=138 227 967 20896 179 744 140 122 120 508 152 304 128 168 2348
leaf_count=138 227 967 20896 179 744 140 122 120 508 152 304 128 168 2348
internal_value=6.8152e-05 -0.000826087 0.000198652 0.00143073 0.000935981 -0.00365451 0.00169253 -0.000403516 0.00299966 0.00234446 0.00413236 0.00570796 0.00410868 -0.00110283
internal_weight=27141 3453 23688 2792 2613 367 2246 864 1382 1260 752 600 472 3315
internal_count=27141 3453 23688 2792 2613 367 2246 864 1382 1260 752 600 472 3315
is_linear=0
shrinkage=0.03


Tree=242
num_leaves=15
num_cat=0
split_feature=4 21 6 6 5 0 1 5 17 16 7 5 0 8
split_gain=3.25468 6.68924 8.65453 9.93423 9.57488 12.0213 8.58816 6.31404 5.95149 5.38093 5.21659 6.65856 4.61234 4.50507
threshold=1.0000000180025095e-35 474.03674316406256 0.11733960732817651 0.22154065966606143 0.70755678415298473 3.3680806159973149 0.0062381785828620204 0.57469868659973156 0.3900000005960465 0.0057225895579904327 0.33359715342521673 0.46160456538200384 3.9570708274841313 0.26144546270370489
decision_type=2 2 2 2 2 2 2 2 2 2 2 2 2 2
left_child=10 2 9 6 -5 -6 12 -8 -9 -2 -1 -12 -4 -3
right_child=1 13 3 4 5 -7 7 8 -10 -11 11 -13 -14 -15
leaf_value=-6.9622439890756557e-05 0.0024467174717030678 0.0023727670764705174 -0.0038924404800146153 0.0010711350060158549 0.00065754467750796014 0.01247659420165197 -0.0034487487944877809 -0.00094127739001656084 0.0064677383152546451 0.010597570962814051 0.0014007848093658684 -0.0076417942742290374 0.0022801397139514527 -0.0020421830644510846
leaf_weight=18879 177 248 828 4407 157 149 157 159 243 124 120 178 122 1178
leaf_count=18879 177 248 828 4407 157 149 157 159 243 124 120 178 122 1178
internal_value=7.92661e-05 0.000589473 0.000996364 0.000753472 0.00143149 0.00652064 -0.00136188 0.00157967 0.00356174 0.00592284 -0.000132317 -0.00403746 -0.00309196 -0.00126876
internal_weight=27126 7949 6523 6222 4713 306 1509 559 402 301 19177 298 950 1426
internal_count=27126 7949 6523 6222 4713 306 1509 559 402 301 19177 298 950 1426
is_linear=0
shrinkage=0.03


Tree=243
num_leaves=15
num_cat=0
split_feature=17 16 21 16 16 21 0 18 21 5 0 3 3 21
split_gain=3.00302 2.76287 6.28474 5.84816 2.59755 3.46082 2.30999 2.14033 13.8076 5.15523 7.86319 8.16573 5.98864 6.56952
threshold=0.0099999997764825838 0.29928679764270788 325.64959716796881 0.26371102035045629 0.22228738665580752 288.28167724609381 3.2116367816925053 6.2564725875854501 180.92637634277347 0.3802070170640946 0.50457075238227855 0.089825127273798003 0.062492718920111663 80.004573822021499
decision_type=2 2 2 2 2 2 2 2 2 2 2 2 2 2
left_child=6 3 -3 4 7 -6 -1 -2 9 -9 -11 12 13 -12
right_child=1 2 -4 -5 5 -7 -8 8 -10 10 11 -13 -14 -15
leaf_value=0.0056093124493956561 1.3524915342317958e-05 0.0058570365390803016 -0.0026387552814063154 -0.0057861421860556364 0.0001274150205464322 0.0060583608939376622 6.0447713040048256e-05 0.002113340158312365 0.0082182980799919043 -0.0069015074025082866 2.8662621618017739e-05 -0.0079764899233356109 0.0045564229628544742 -0.0035285979168569034
leaf_weight=145 22954 203 122 156 228 140 123 354 140 235 1359 145 172 707
leaf_count=145 22954 203 122 156 228 140 123 354 140 235 1359 145 172 707
internal_value=-2.02257e-05 -5.19699e-05 0.00267619 -8.58121e-05 -5.10838e-05 0.00243472 0.00311038 -8.66385e-05 -0.000824277 -0.00126333 -0.00172307 -0.00119902 -0.000743103 -0.00119424
internal_weight=27183 26915 325 26590 26434 368 268 26066 3112 2972 2618 2383 2238 2066
internal_count=27183 26915 325 26590 26434 368 268 26066 3112 2972 2618 2383 2238 2066
is_linear=0
shrinkage=0.03


Tree=244
num_leaves=15
num_cat=0
split_feature=16 5 5 16 21 6 21 21 21 21 5 4 4 4
split_gain=2.7544 7.53864 10.8901 7.866 10.9351 9.34923 8.09649 6.54333 6.28304 6.41658 4.79959 4.71729 4.59249 5.64427
threshold=0.1036578342318535 0.60791325569152843 0.48406071960926061 0.13664014637470248 64.70737457275392 0.24104174226522448 357.98431396484381 482.86642456054693 281.89866638183599 403.43692016601568 0.77678832411766063 0.064390238374471678 0.030143773183226589 0.0078827575780451315
decision_type=2 2 2 2 2 2 2 2 2 2 2 2 2 2
left_child=-1 2 8 10 -5 6 -6 -8 -2 -10 -3 12 13 -4
right_child=1 3 11 4 5 -7 7 -9 9 -11 -12 -13 -14 -15
leaf_value=-8.9814063484752426e-05 3.5535962204299816e-05 0.0033235974464332681 -0.0013253305101835699 -0.0076109537867785878 -0.003406014300665958 0.0053852615380834776 0.007688942285934211 -0.0010733564519237173 0.0077674077773687887 0.0011199502976341404 0.0093762203330468186 -0.0074619445063141285 0.0029642356654276721 -0.0073359134376342235
leaf_weight=22361 776 583 1096 124 374 378 143 157 245 278 147 124 180 157
leaf_count=22361 776 583 1096 124 374 378 143 157 245 278 147 124 180 157
internal_value=4.97405e-05 0.000704456 -0.000270976 0.00216295 0.000638393 0.00164215 -0.000481296 0.00316092 0.00175349 0.00427803 0.00459791 -0.00196019 -0.00145982 -0.00210462
internal_weight=27123 4762 2856 1906 1176 1052 674 300 1299 523 730 1557 1433 1253
internal_count=27123 4762 2856 1906 1176 1052 674 300 1299 523 730 1557 1433 1253
is_linear=0
shrinkage=0.03


Tree=245
num_leaves=15
num_cat=0
split_feature=16 7 7 20 0 8 18 18 16 18 8 21 21 8
split_gain=2.94641 2.6197 3.52597 8.15529 4.83488 4.08211 4.37214 5.40241 3.75204 10.1303 11.1076 8.99741 11.599 10.8722
threshold=0.32847838103771215 0.31942637264728552 0.22884199023246768 13.78850030899048 2.517935156822205 0.46769501268863684 6.0408840179443368 5.6223483085632333 0.028802150860428814 5.7752783298492441 0.46476238965988165 245.36387634277347 503.73527526855474 0.38301433622837072
decision_type=2 2 2 2 2 2 2 2 2 2 2 2 2 2
left_child=1 2 8 -4 -5 6 7 -6 9 -1 -11 13 -13 -10
right_child=-2 -3 3 4 5 -7 -8 -9 11 10 -12 12 -14 -15
leaf_value=-0.00042262105520976209 0.0033180675741750747 -0.002029270223611347 -0.0042627723988004811 0.0082883056686659986 0.0035197965971935814 -0.002329083316668402 0.0072433772049738431 -0.0038304218793287874 -0.00061484124433052606 0.00083037871527495385 0.0063135416185061454 0.0011082408623980069 -0.0023442364785726199 -0.0039794821604786203
leaf_weight=8971 235 567 167 123 319 155 160 120 3294 6382 346 3962 1119 1168
leaf_count=8971 235 567 167 123 319 155 160 120 3294 6382 346 3962 1119 1168
internal_value=8.81506e-06 -2.07577e-05 2.29445e-05 0.00172719 0.00288551 0.00195536 0.00307412 0.00149012 -4.78706e-05 0.000237279 0.00111684 -0.000516844 0.000346337 -0.00149906
internal_weight=27088 26853 26286 1044 877 754 599 439 25242 15699 6728 9543 5081 4462
internal_count=27088 26853 26286 1044 877 754 599 439 25242 15699 6728 9543 5081 4462
is_linear=0
shrinkage=0.03


Tree=246
num_leaves=15
num_cat=0
split_feature=5 4 9 20 8 0 17 8 0 7 20 20 21 21
split_gain=3.41829 7.89772 4.36264 5.08897 9.36533 8.49112 5.53183 6.34124 4.53828 4.19476 10.0889 9.19047 10.822 8.57327
threshold=0.69008010625839245 0.10940380394458772 1.0000000180025095e-35 45.30260086059571 0.33706641197204595 3.6328953504562382 0.16000000387430194 0.19596648216247561 4.5036089420318612 0.050696983933448798 14.174540996551515 49.378974914550788 131.37415313720706 448.96221923828131
decision_type=2 2 2 2 2 2 2 2 2 2 2 2 2 2
left_child=9 2 3 4 5 -2 -5 -8 -9 11 -11 12 -1 -14
right_child=1 -3 -4 6 -6 -7 7 8 -10 10 -12 -13 13 -15
leaf_value=-0.0055688103478493504 -0.0069384568236712917 0.0073121585230087969 -0.0038903167644854294 0.0055859260757228938 0.0043211993501293209 0.0022547928365800559 0.004231678029415353 0.00053920128122250004 -0.0051191588624644631 -0.0025514675186351825 0.00056755815852739132 -0.00091123074985830518 0.0047912211977171864 0.00040688534304068544
leaf_weight=178 298 152 193 227 154 126 413 2659 129 1036 9024 10793 653 1032
leaf_count=178 298 152 193 227 154 126 413 2659 129 1036 9024 10793 653 1032
internal_value=-6.43665e-05 0.000705478 0.00045791 0.000671986 -0.00192093 -0.00421206 0.00111134 0.00078581 0.000268695 -0.000211945 0.000245246 -0.00057531 0.00136803 0.00211513
internal_weight=27067 4351 4199 4006 578 424 3428 3201 2788 22716 10060 12656 1863 1685
internal_count=27067 4351 4199 4006 578 424 3428 3201 2788 22716 10060 12656 1863 1685
is_linear=0
shrinkage=0.03


Tree=247
num_leaves=15
num_cat=0
split_feature=1 0 1 5 5 1 7 1 7 8 3 3 7 21
split_gain=3.23779 6.30526 7.42982 7.77466 4.09205 3.39144 8.22752 5.9194 5.79351 5.60491 5.30866 4.99777 3.20178 3.19779
threshold=0.085123870521783843 1.6446080803871157 0.10532209649682046 0.51435920596122753 0.50428631901741039 0.058814218267798431 0.029761935584247116 0.076955307275056853 0.014121948275715114 0.35067644715309149 0.0071185249835252771 0.029223321937024597 0.10410510003566743 202.58787536621097
decision_type=2 2 2 2 2 2 2 2 2 2 2 2 2 2
left_child=5 -2 3 -3 -4 13 7 8 -7 -10 12 -12 -8 -1
right_child=1 2 4 -5 -6 6 10 -9 9 -11 11 -13 -14 -15
leaf_value=-0.00029701595041551818 0.0080219427320676363 -0.0014367799154959273 0.0017830657785715058 0.0068999647058268646 -0.0050273578088748236 -0.0046585761233026548 0.00047881888311068099 0.0065929580698019423 0.0055942606525650005 -0.002417294141370803 -0.010729745595627243 -0.0033972965386820111 -0.0050114258146971803 0.00041147261699747234
leaf_weight=9076 125 167 124 243 206 171 344 141 176 135 121 273 127 15551
leaf_count=9076 125 167 124 243 206 171 344 141 176 135 121 273 127 15551
internal_value=0.000126212 0.00192662 0.000850078 0.00352787 -0.00247987 6.62202e-05 -0.00132217 0.00130064 -0.000299321 0.00213335 -0.00320781 -0.00575538 -0.00103866 0.00015036
internal_weight=26980 865 740 410 330 26115 1488 623 482 311 865 394 471 24627
internal_count=26980 865 740 410 330 26115 1488 623 482 311 865 394 471 24627
is_linear=0
shrinkage=0.03


Tree=248
num_leaves=15
num_cat=0
split_feature=8 18 18 21 8 8 1 7 7 7 20 6 6 5
split_gain=4.06774 13.9347 7.98589 14.1357 8.01682 5.90068 4.38828 6.11265 4.05056 3.95178 12.1342 4.75062 5.66483 5.50855
threshold=0.49062798917293554 5.9828157424926767 5.271644353866578 357.98431396484381 0.52316793799400341 0.46769501268863684 0.036340015009045608 0.087395925074815764 0.35314604640007025 0.24039407074451449 10.1564998626709 0.27112720906734472 0.31695428490638738 0.41805183887481695
decision_type=2 2 2 2 2 2 2 2 2 2 2 2 2 2
left_child=5 2 3 -2 -4 8 7 -7 9 -1 -11 -12 -13 -14
right_child=1 -3 4 -5 -6 6 -8 -9 -10 10 11 12 13 -15
leaf_value=-3.0854561191636591e-05 0.0096936214517301892 0.0090329131348824438 0.0013932251862197188 -0.0014788728574125461 -0.007236154453632738 0.0017978285094210089 -0.0079053766948457508 -0.0050384241239546596 -0.0039020226601381566 -0.0064546094742445343 0.0075738766235513228 -0.0030953893158338882 -0.0012202492702838986 0.0064257077421699957
leaf_weight=24507 164 192 188 254 192 231 125 231 232 123 191 137 124 254
leaf_count=24507 164 192 188 254 192 231 125 231 232 123 191 137 124 254
internal_value=4.79089e-06 0.00188749 0.000122745 0.00296736 -0.00300423 -6.68186e-05 -0.00302784 -0.00163765 1.74028e-06 3.82496e-05 0.00206905 0.003589 0.0020525 0.00393432
internal_weight=27145 990 798 418 380 26155 587 462 25568 25336 829 706 515 378
internal_count=27145 990 798 418 380 26155 587 462 25568 25336 829 706 515 378
is_linear=0
shrinkage=0.03


Tree=249
num_leaves=15
num_cat=0
split_feature=21 18 7 6 6 21 8 8 5 20 8 17 8 18
split_gain=2.89624 3.90829 4.32976 3.273 12.8688 6.24022 6.14999 5.79245 8.14562 7.82655 7.97634 6.88343 12.3125 6.6546
threshold=632.81069946289074 3.2063069343566899 0.07806993275880815 0.22265208512544635 0.2271310240030289 209.05830383300784 0.47354353964328771 0.27254804968833929 0.5291101634502412 6.8710999488830575 0.20474285632371905 0.61000001430511486 0.31350943446159368 5.4896833896636972
decision_type=2 2 2 2 2 2 2 2 2 2 2 2 2 2
left_child=3 -2 -3 6 5 -5 7 8 13 -10 -11 -9 -13 -1
right_child=1 2 -4 4 -6 -7 -8 11 9 10 -12 12 -14 -15
leaf_value=0.00027620714610933274 0.0046401816321986495 -0.002273205388999975 0.0045515020246803756 0.00961183242129416 0.00013460208559724766 0.0024833582998754432 0.0061283912083308677 -0.00067583927736463995 -0.0075112152706719648 -0.0014100665505297394 0.0014154697235630323 0.00024315425630738125 -0.0067466385833756769 0.0052368037062011739
leaf_weight=496 285 248 120 171 15991 311 123 4302 128 1935 1671 418 490 474
leaf_count=496 285 248 120 171 15991 311 123 4302 128 1935 1671 418 490 474
internal_value=6.95843e-05 0.00203567 -1.6577e-05 2.07806e-05 0.000280951 0.00508506 -0.000406146 -0.000490267 0.0002728 -0.00036432 -0.000100582 -0.00117882 -0.00354516 0.00271468
internal_weight=27163 653 368 26510 16473 482 10037 9914 4704 3734 3606 5210 908 970
internal_count=27163 653 368 26510 16473 482 10037 9914 4704 3734 3606 5210 908 970
is_linear=0
shrinkage=0.03


Tree=250
num_leaves=15
num_cat=0
split_feature=0 17 21 21 21 0 17 20 1 1 4 6 1 17
split_gain=3.12443 4.10827 4.86861 4.45594 6.24103 4.106 4.17833 4.00414 2.93498 4.2142 8.71065 7.5542 6.69503 4.74497
threshold=0.099503494799137129 0.8400000035762788 264.75207519531256 332.43229675292974 427.21627807617193 0.13443617522716525 0.51999998092651378 119.98374938964845 0.12195742875337602 0.076955307275056853 0.025635776109993461 0.27583417296409612 0.087196391075849547 0.56999999284744274
decision_type=2 2 2 2 2 2 2 2 2 2 2 2 2 2
left_child=1 2 -1 -4 -5 6 -2 -6 9 -7 11 13 -13 -11
right_child=5 -3 3 4 7 8 -8 -9 -10 10 -12 12 -14 -15
leaf_value=0.0052244191324741507 -0.00051042974693700667 -0.0033590467658359555 -0.004247534448096087 0.0068970496008330358 0.0025372903538650716 -0.00010609457030547155 -0.0075545868336939059 -0.0045540374930715189 -0.0034077258992534225 0.0033761863293183441 -0.0048223546932132299 0.0047503817562634743 -0.0040366002942964028 0.0099218823406845326
leaf_weight=323 178 127 126 150 158 24603 128 123 229 288 138 130 180 155
leaf_count=323 178 127 126 150 158 24603 128 123 229 288 138 130 180 155
internal_value=-4.10932e-05 0.00159436 0.00232417 0.000610814 0.00206354 -0.000104659 -0.00353109 -0.000592093 -6.32201e-05 -3.25157e-05 0.00198846 0.00326023 -0.000334824 0.00575162
internal_weight=27036 1007 880 557 431 26029 306 281 25723 25494 891 753 310 443
internal_count=27036 1007 880 557 431 26029 306 281 25723 25494 891 753 310 443
is_linear=0
shrinkage=0.03


Tree=251
num_leaves=15
num_cat=0
split_feature=0 21 18 5 18 0 11 9 21 21 21 18 18 21
split_gain=2.43311 9.22834 8.60647 9.04658 5.23461 4.62024 4.57696 3.53451 5.98106 7.21352 6.68286 5.20937 11.7155 4.87325
threshold=4.5351233482360849 392.94615173339849 5.9636435508728036 0.4559237807989121 6.2497580051422128 5.0956835746765146 1.0000000180025095e-35 1.0000000180025095e-35 75.46802139282228 191.62087249755862 465.69387817382818 5.443779945373536 5.7258408069610605 15.311575412750246
decision_type=2 2 2 2 2 2 2 2 2 2 2 2 2 2
left_child=6 2 -2 -4 -5 -3 7 13 -9 -10 11 -11 -13 -1
right_child=1 5 3 4 -6 -7 -8 8 9 10 -12 12 -14 -15
leaf_value=0.0028922738873748402 0.005006998702024733 -0.00022221564223150631 -0.0063204420211935234 -0.00075672256169347888 0.006323002668412789 -0.0067742602606487802 -0.0052855795184720538 -0.0067155063421126789 0.0044241055591696127 -0.0085969356054556561 0.0017965846524381909 0.0051088919415311932 -0.0066790508855813866 3.3421899386137048e-05
leaf_weight=544 613 268 150 218 159 147 142 171 192 155 257 124 180 23830
leaf_count=544 613 268 150 218 159 147 142 171 192 155 257 124 180 23830
internal_value=6.29075e-05 0.00121316 0.00260514 -0.000209483 0.00227284 -0.00259608 -7.19817e-06 2.32818e-05 -0.00165292 -0.000667944 -0.00205462 -0.00420708 -0.00186595 9.78083e-05
internal_weight=27150 1555 1140 527 377 415 25595 25453 1079 908 716 459 304 24374
internal_count=27150 1555 1140 527 377 415 25595 25453 1079 908 716 459 304 24374
is_linear=0
shrinkage=0.03


Tree=252
num_leaves=15
num_cat=0
split_feature=6 6 0 6 3 2 1 18 21 18 18 5 6 17
split_gain=2.96714 7.31114 7.57739 6.4864 5.4169 10.8537 8.71797 5.88422 9.90704 8.47024 8.39831 7.51158 5.685 5.26457
threshold=0.21772284060716632 0.2271310240030289 3.9217450618743901 0.21231780946254733 0.022479213774204258 1.0000000180025095e-35 0.067535310983657851 5.9636435508728036 165.68334960937503 6.2497580051422128 5.7541444301605233 0.6509084701538087 0.13067184388637546 0.51999998092651378
decision_type=2 2 2 2 2 2 2 2 2 2 2 2 2 2
left_child=3 2 -2 4 7 6 -6 10 9 12 -1 -11 -9 -12
right_child=1 -3 -4 -5 5 -7 -8 8 -10 11 13 -13 -14 -15
leaf_value=0.00024723070566912966 0.0041481948787546819 0.00013316520416050464 -0.0024475851964036173 -0.0033985508972702344 -0.0028106020511393273 0.0043862982041003706 0.0044230723918256597 0.0074054064911973395 -0.0051727214761976741 -0.0045495697174515121 0.0091855376601383525 0.0034505742025637142 0.00026459538583080037 0.00243780709770332
leaf_weight=5389 769 16072 193 591 1811 248 159 178 450 369 131 143 223 471
leaf_count=5389 769 16072 193 591 1811 248 159 178 450 369 131 143 223 471
internal_value=4.36281e-05 0.000285638 0.00281911 -0.00036194 -0.000172775 -0.00147051 -0.00221705 0.000219359 -0.00155623 0.000244731 0.000624281 -0.00230339 0.0034865 0.00396974
internal_weight=27197 17034 962 10163 9572 2218 1970 7354 1363 913 5991 512 401 602
internal_count=27197 17034 962 10163 9572 2218 1970 7354 1363 913 5991 512 401 602
is_linear=0
shrinkage=0.03


Tree=253
num_leaves=15
num_cat=0
split_feature=6 18 5 17 6 3 16 17 21 12 12 0 5 21
split_gain=3.43812 10.3585 5.9259 3.38854 5.30211 6.4985 4.20498 2.2527 18.825 12.3879 9.49507 6.72811 11.7565 5.33645
threshold=0.5340489149093629 5.335886001586915 0.45242440700531011 0.96999999880790722 0.21868701279163363 0.04255660995841027 0.03490130044519902 0.31000000238418585 474.03674316406256 1.0000000180025095e-35 1.0000000180025095e-35 4.839562416076661 0.43982368707656866 286.40841674804693
decision_type=2 2 2 2 2 2 2 2 2 2 2 2 2 2
left_child=3 -2 -3 7 -5 6 -6 9 10 13 11 -9 -13 -1
right_child=1 2 -4 4 5 -7 -8 8 -10 -11 -12 12 -14 -15
leaf_value=0.0037606026700705924 -0.005579810150454498 0.0015477799587421306 0.0083067020057834753 -0.0065291840580206104 0.0041201822808448309 -0.0047764084834424937 -0.0023740469910561628 -0.00046803720411349404 -0.011789971319741979 -0.0079082269631326196 0.0063303408542541798 -0.0044808669666379268 0.0056079782251987204 0.00021892452636694646
leaf_weight=398 127 352 172 186 230 222 141 16541 124 160 188 137 389 7694
leaf_count=398 127 352 172 186 230 222 141 16541 124 160 188 137 389 7694
internal_value=-0.000184632 0.00196084 0.0038239 -0.000237878 -0.00218072 -0.0007736 0.00165328 -0.000178416 -0.000372183 0.000229643 -0.00028674 -0.000361462 0.00296283 0.000395334
internal_weight=27061 651 524 26410 779 593 371 25631 17379 8252 17255 17067 526 8092
internal_count=27061 651 524 26410 779 593 371 25631 17379 8252 17255 17067 526 8092
is_linear=0
shrinkage=0.03


Tree=254
num_leaves=15
num_cat=0
split_feature=3 4 8 21 2 3 6 17 17 7 20 5 1 3
split_gain=3.91498 7.19237 8.26625 7.20474 6.87087 5.22304 12.3904 7.45079 7.78102 6.57721 4.96221 8.00417 4.0165 3.99206
threshold=0.083340637385845198 0.025338153354823593 0.38875970244407659 497.69277954101568 0.0058774487115442762 0.060606129467487342 0.20514801144599917 0.68999999761581432 0.87000000476837169 0.089654613286256804 89.341949462890639 0.67351314425468456 0.025332381017506126 0.047619290649890907
decision_type=2 2 2 2 2 2 2 2 2 2 2 2 2 2
left_child=5 2 3 4 10 13 -7 9 -9 12 -2 -12 -8 -1
right_child=1 -3 -4 -5 -6 6 7 8 -10 -11 11 -13 -14 -15
leaf_value=2.1792789989941933e-05 -0.0092821695371782652 -0.0084341615004086632 0.0048447107477362621 0.0045644756172259805 0.0026825954798167864 -0.0037834826551744628 0.0017852316392942312 0.01087119684989412 0.002616273885592818 0.0062175046200198788 -0.00057902285952191295 -0.0087970050255650814 -0.0041359851194758207 -0.001717064121530595
leaf_weight=23339 143 123 182 123 147 266 230 191 225 163 366 146 179 1247
leaf_count=23339 143 123 182 123 147 266 230 191 225 163 366 146 179 1247
internal_value=-4.90985e-05 -0.00169922 -0.000916329 -0.00206981 -0.00310926 2.97616e-05 0.00191439 0.00345976 0.00649049 0.00121846 -0.00441959 -0.00298485 -0.000824859 -6.67331e-05
internal_weight=27070 1230 1107 925 802 25840 1254 988 416 572 655 512 409 24586
internal_count=27070 1230 1107 925 802 25840 1254 988 416 572 655 512 409 24586
is_linear=0
shrinkage=0.03


Tree=255
num_leaves=15
num_cat=0
split_feature=1 18 18 16 18 21 17 20 16 4 5 21 0 18
split_gain=3.60819 9.02792 11.0715 9.28761 8.23411 10.0465 9.15141 6.06239 5.62184 5.46354 4.93547 4.94001 6.03314 4.81807
threshold=0.025644168257713321 6.127253770828248 6.0090038776397714 0.014518904965370895 5.8899786472320566 75.46802139282228 0.70999997854232799 47.006900787353523 0.010358266066759826 0.0064300291705876597 0.68616682291030895 468.40444946289068 3.6687867641448979 5.9503397941589364
decision_type=2 2 2 2 2 2 2 2 2 2 2 2 2 2
left_child=-1 2 4 -4 5 -2 13 10 -9 -10 11 -7 -13 -6
right_child=1 -3 3 -5 6 7 -8 8 9 -11 -12 12 -14 -15
leaf_value=0.00021478193032955657 -0.0084747406611104109 0.0014038444773422317 -0.0021706993719168397 -0.0098373733950804353 0.0034075142453554919 0.0052427253298753616 0.008343485854102356 -0.0022062588665467272 -0.0010282104048385235 0.0029383455080241472 -0.0040546487538141327 0.0028749487529139595 -0.0037810293000345068 -0.0033964513460571421
leaf_weight=19219 153 1672 417 214 188 301 177 2400 1062 437 126 328 189 177
leaf_count=19219 153 1672 417 214 188 301 177 2400 1062 437 126 328 189 177
internal_value=-6.4901e-06 -0.000548639 -0.00107853 -0.0048277 -0.000647384 -0.00102909 0.00284828 -0.000785365 -0.00130748 0.000134075 0.00136665 0.00222128 0.000428809 0.000106746
internal_weight=27060 7841 6169 631 5538 4996 542 4843 3899 1499 944 818 517 365
internal_count=27060 7841 6169 631 5538 4996 542 4843 3899 1499 944 818 517 365
is_linear=0
shrinkage=0.03


Tree=256
num_leaves=15
num_cat=0
split_feature=18 17 5 5 5 0 17 1 8 0 1 7 8 8
split_gain=2.83735 2.31685 4.15248 2.1463 7.52876 7.66481 7.52435 8.54402 8.00171 8.46797 10.1035 7.95466 5.58067 5.80726
threshold=1.4614191055297854 0.99000000953674328 0.55138590931892406 0.46338295936584478 0.48406071960926061 4.4024550914764413 0.8400000035762788 0.068364828824996962 0.4074667096138001 3.4865688085556035 0.028573383577167991 0.055663300678133971 0.29440855979919439 0.37140206992626196
decision_type=2 2 2 2 2 2 2 2 2 2 2 2 2 2
left_child=-1 3 -3 6 5 -5 7 8 -2 -10 -11 12 -8 -14
right_child=1 2 -4 4 -6 -7 11 -9 9 10 -12 -13 13 -15
leaf_value=0.0034114208104709786 0.0011133651454681233 0.0013126993020996451 -0.0060141208529581923 0.0016840009631970438 6.5368841501561021e-05 0.0095153700212194086 0.0031416778224097057 -0.0042806769185152402 0.00048226952910775784 -0.0062442471267601211 0.0018967073994153056 -0.0053183258763762689 -0.0067266816559850293 0.00074826378918195502
leaf_weight=220 3731 125 148 1089 18542 121 248 378 888 484 188 524 165 206
leaf_count=220 3731 125 148 1089 18542 121 248 378 888 484 188 524 165 206
internal_value=5.6567e-05 2.84347e-05 -0.00269608 5.69368e-05 0.000215297 0.00250307 -0.000402065 4.64095e-05 0.000359295 -0.00144198 -0.00396953 -0.0026169 -0.000305782 -0.00262142
internal_weight=27057 26837 273 26564 19752 1210 6812 5669 5291 1560 672 1143 619 371
internal_count=27057 26837 273 26564 19752 1210 6812 5669 5291 1560 672 1143 619 371
is_linear=0
shrinkage=0.03


Tree=257
num_leaves=15
num_cat=0
split_feature=0 0 0 5 8 8 17 17 1 8 5 7 7 7
split_gain=2.75642 5.00196 6.5036 6.80262 5.54621 5.47215 4.18039 3.95558 3.89074 4.85004 6.18485 5.43547 3.81113 5.66679
threshold=1.0000000180025095e-35 1.0586304068565371 1.451657831668854 0.59686151146888744 0.30663304030895239 0.38214370608329779 0.53000000119209301 0.86000001430511486 0.12505296617746356 0.18499988317489627 0.90379884839057933 0.020851761102676395 0.0078230625949800032 0.022702814079821113
decision_type=2 2 2 2 2 2 2 2 2 2 2 2 2 2
left_child=6 4 3 -3 7 -6 -1 -2 9 11 12 -4 -11 -14
right_child=1 2 8 -5 5 -7 -8 -9 -10 10 -12 -13 13 -15
leaf_value=-0.00070493572800596417 -0.00026629250597283444 0.00095543560738981339 0.005359538323786571 0.0089199736375000713 -0.0098464185307572654 -0.0010030283734906377 0.0056414088486053515 -0.0043523935292313154 -0.0046227164354382287 -0.0017638419244681265 -0.006480985006205457 -3.6442317750672217e-05 0.0011886180741790477 -0.00011858279605809765
leaf_weight=180 1422 278 318 144 128 122 187 246 157 1040 128 350 3546 18710
leaf_count=180 1422 278 318 144 128 122 187 246 157 1040 128 350 3546 18710
internal_value=-3.3965e-06 -3.92686e-05 7.55835e-05 0.00374582 -0.00151295 -0.00563513 0.00256112 -0.000880126 1.09522e-05 4.21012e-05 -3.00346e-05 0.00255304 6.79331e-06 8.99109e-05
internal_weight=26956 26589 24671 422 1918 250 367 1668 24249 24092 23424 668 23296 22256
internal_count=26956 26589 24671 422 1918 250 367 1668 24249 24092 23424 668 23296 22256
is_linear=0
shrinkage=0.03


Tree=258
num_leaves=15
num_cat=0
split_feature=21 12 0 0 17 6 8 20 17 0 21 5 21 21
split_gain=2.74704 17.2797 7.17181 6.64234 6.12645 5.88054 13.4049 9.99943 11.7005 5.45368 9.39945 5.46723 9.71133 7.9404
threshold=459.86738586425787 1.0000000180025095e-35 4.777416706085206 5.0956835746765146 0.31000000238418585 0.12768946588039401 0.38393439352512365 7.7439000606536874 0.85000002384185802 2.6061190366745 301.44200134277349 0.5291101634502412 266.87844848632818 307.99346923828131
decision_type=2 2 2 2 2 2 2 2 2 2 2 2 2 2
left_child=3 2 4 5 -2 6 7 -1 9 11 -11 12 -9 -13
right_child=1 -3 -4 -5 -6 -7 -8 8 -10 10 -12 13 -14 -15
leaf_value=-0.0072486933110104427 0.00014058511400925837 -0.011144734808554251 -0.0061753765838584917 0.003964978164239465 -0.0053502537271154947 -3.3927840306746219e-05 0.0099640061719183 0.0093350174016945172 -0.0043292291652598782 0.011364456582136008 0.0019519799604484644 -0.0023086906020432976 -0.0011056272425905686 0.0031802298247086908
leaf_weight=121 4878 130 174 411 185 18972 155 178 265 146 267 503 141 440
leaf_count=121 4878 130 174 411 185 18972 155 178 265 146 267 503 141 440
internal_value=5.98361e-05 -0.000547283 -0.000273839 0.000210787 -6.51285e-05 0.000137046 0.0015976 0.000945798 0.00147422 0.00240253 0.00537553 0.00141221 0.00477434 0.000255683
internal_weight=26966 5367 5237 21599 5063 21188 2216 2061 1940 1675 413 1262 319 943
internal_count=26966 5367 5237 21599 5063 21188 2216 2061 1940 1675 413 1262 319 943
is_linear=0
shrinkage=0.03


Tree=259
num_leaves=15
num_cat=0
split_feature=7 8 4 8 18 3 21 21 8 5 1 1 7 7
split_gain=3.64113 6.59396 9.36472 6.79231 5.83645 7.1427 6.02469 5.63177 4.34972 7.91467 4.15684 4.85196 9.11658 5.58046
threshold=0.12285907939076425 0.24705461412668231 0.086978364735841765 0.40374892950057989 4.3368725776672372 0.058807525783777244 411.38444519042974 479.79034423828131 0.49062798917293554 0.47225156426429754 0.059598593041300781 0.01540167583152652 0.16958119720220569 0.25841680169105535
decision_type=2 2 2 2 2 2 2 2 2 2 2 2 2 2
left_child=8 -2 3 10 7 6 -6 -5 -1 -10 11 13 -13 -3
right_child=1 2 -4 4 5 -7 -8 -9 9 -11 -12 12 -14 -15
leaf_value=-0.00021343530098660575 -0.0039758112113446173 0.0018352640875138881 0.0071509168368521503 0.0070382485746477656 -0.0013466703874969164 0.0051184427551403911 -0.0071079201419396616 -0.00076093127124405213 -0.00086253832334632719 0.0065750300204848958 -0.0029263999303312674 0.00062344474079528527 0.0072301747093479682 -0.0024339134657549934
leaf_weight=21388 249 1604 207 151 1196 129 185 177 277 234 166 375 374 328
leaf_count=21388 249 1604 207 151 1196 129 185 177 277 234 166 375 374 328
internal_value=2.08905e-05 0.000738983 0.000982778 0.000702915 -0.000717584 -0.00150626 -0.00214131 0.00288131 -0.000147819 0.00257402 0.00161963 0.00190603 0.00394847 0.00110606
internal_weight=27040 5141 4892 4685 1838 1510 1381 328 21899 511 2847 2681 749 1932
internal_count=27040 5141 4892 4685 1838 1510 1381 328 21899 511 2847 2681 749 1932
is_linear=0
shrinkage=0.03


Tree=260
num_leaves=15
num_cat=0
split_feature=16 18 7 21 18 20 3 7 5 21 18 17 3 7
split_gain=2.87661 3.88536 2.67156 7.425 8.8882 8.18204 8.00775 7.82985 7.67664 11.9081 13.2876 9.59379 8.51155 7.01059
threshold=0.31308285892009741 5.5497493743896493 0.074851002544164671 195.96199798583987 5.6609041690826425 62.905475616455085 0.061360986903309829 0.17264457792043689 0.44400463998317724 81.809627532958999 5.8899786472320566 0.80000001192092907 0.031966293230652816 0.16685996204614642
decision_type=2 2 2 2 2 2 2 2 2 2 2 2 2 2
left_child=2 -2 -1 5 6 7 -5 -4 -7 10 -10 13 -12 -11
right_child=1 -3 3 4 -6 8 -8 -9 9 11 12 -13 -14 -15
leaf_value=-9.2248561910542119e-05 -4.922189651272044e-05 0.0070998502593487495 -0.001351110546667179 0.00020595954035948854 0.0035346735089904669 -0.0027284456209266425 0.0052562371102528125 -0.01056923799079788 -0.003199296006531095 0.0023277572772333775 0.0076725506214424966 -0.0061928709164981192 0.00031130087254478515 -0.0033719617547624666
leaf_weight=18469 151 120 217 3849 1169 711 300 131 202 560 475 257 201 291
leaf_count=18469 151 120 217 3849 1169 711 300 131 202 560 475 257 201 291
internal_value=0.000140569 0.00318769 0.000109205 0.000553889 0.00122988 -0.000626781 0.000577015 -0.00492171 -6.45148e-05 0.000893645 0.00349343 -0.00117291 0.00550213 0.000370423
internal_weight=27103 271 26832 8363 5318 3045 4149 348 2697 1986 878 1108 676 851
internal_count=27103 271 26832 8363 5318 3045 4149 348 2697 1986 878 1108 676 851
is_linear=0
shrinkage=0.03


Tree=261
num_leaves=15
num_cat=0
split_feature=0 5 18 21 16 16 21 18 18 8 18 6 5 6
split_gain=3.03153 3.76711 8.28171 6.13395 4.8008 8.65648 2.91344 26.2365 8.09895 3.31179 7.93274 10.1425 11.4155 7.10076
threshold=4.5351233482360849 0.41573485732078558 4.7284488677978525 157.34017181396487 1.0000000180025095e-35 0.071268089115619673 13.191074848175051 6.1210622787475595 6.3169298171997079 0.41872218251228338 6.0345494747161874 0.36614634096622473 0.47225156426429754 0.32154963910579687
decision_type=2 2 2 2 2 2 2 2 2 2 2 2 2 2
left_child=6 3 -3 -2 -4 -6 7 -1 -9 -8 -11 13 -13 -12
right_child=1 2 4 -5 5 -7 9 8 -10 10 11 12 -14 -15
leaf_value=-0.014235313680255785 -0.0068038167871534829 -0.0029229966346744672 0.004620486443504066 0.0016775122422259302 -0.0044957282573082728 0.0052933152552934416 0.00013797490158542491 0.0074315026191373659 -0.0014313117768490475 -0.0015155545924960176 0.0022170495378299499 0.00063713135875706722 0.01129135418729299 -0.0059459476776154976
leaf_weight=121 120 240 693 195 166 150 21200 130 293 3000 208 199 162 170
leaf_count=121 120 240 693 195 166 150 21200 130 293 3000 208 199 162 170
internal_value=2.39389e-05 0.00130381 0.00204199 -0.0016093 0.00323155 0.000161042 -5.48529e-05 -0.00221663 0.00134748 -7.26275e-06 -0.00082984 0.00194532 0.00550719 -0.00148384
internal_weight=27047 1564 1249 315 1009 316 25483 544 423 24939 3739 739 361 378
internal_count=27047 1564 1249 315 1009 316 25483 544 423 24939 3739 739 361 378
is_linear=0
shrinkage=0.03


Tree=262
num_leaves=15
num_cat=0
split_feature=7 5 20 7 7 4 21 18 7 18 18 0 4 6
split_gain=2.45217 4.38318 7.60869 6.84627 2.89553 5.23963 5.24123 8.28948 8.16768 8.05113 11.6836 6.74712 4.88015 4.75191
threshold=0.31942637264728552 0.46338295936584478 36.293399810791023 0.37452168762683874 0.12285907939076425 0.078552465885877623 206.65666961669925 5.6609041690826425 0.15343271195888522 6.0472893714904794 5.5746788978576669 3.5022120475769047 0.021297113969922069 0.38390851020812994
decision_type=2 2 2 2 2 2 2 2 2 2 2 2 2 2
left_child=4 3 -3 -2 -1 6 9 12 -9 10 -6 -12 -8 -11
right_child=1 2 -4 -5 5 -7 7 8 -10 13 11 -13 -14 -15
leaf_value=-0.00011645458452651621 -0.003687197271656323 -0.009966499363035836 -0.0005286875004229609 0.0057535564338565982 0.0019358602875413802 0.0047554457497608381 0.0013097528734580244 -0.0009460020873520989 0.0073091624408989858 -0.00025244651074706381 -0.0091035861484940507 -0.0018453275448956055 -0.0019583440809038694 0.0047836185965506517
leaf_weight=21822 138 123 194 129 255 267 1584 155 342 654 266 206 550 222
leaf_count=21822 138 123 194 129 255 267 1584 155 342 654 266 206 550 222
internal_value=-1.63475e-05 -0.00193075 -0.00428857 0.000895983 2.64839e-05 0.000718847 0.000458986 0.00128196 0.00475083 -0.000891538 -0.00321463 -0.00598834 0.000464851 0.00104372
internal_weight=26907 584 317 267 26323 4501 4234 2631 497 1603 727 472 2134 876
internal_count=26907 584 317 267 26323 4501 4234 2631 497 1603 727 472 2134 876
is_linear=0
shrinkage=0.03


Tree=263
num_leaves=15
num_cat=0
split_feature=8 5 17 8 17 9 8 5 3 5 3 4 5 1
split_gain=2.86335 10.5027 8.84831 5.00429 6.09498 3.75815 10.7351 5.97201 4.5558 4.98652 3.27954 4.99742 4.6241 3.26821
threshold=0.49062798917293554 0.59994783997535717 0.80000001192092907 0.47354353964328771 0.46999999880790716 1.0000000180025095e-35 0.40278734266757971 0.65672299265861522 0.0042379922233521947 0.47225156426429754 0.034478886052966125 0.013210574630647899 0.47764341533184057 0.087196391075849547
decision_type=2 2 2 2 2 2 2 2 2 2 2 2 2 2
left_child=3 2 10 5 -5 13 7 8 9 -7 11 12 -2 -1
right_child=1 -3 -4 4 -6 6 -8 -9 -10 -11 -12 -13 -14 -15
leaf_value=-5.7744687433751356e-05 -0.00063933825849757332 0.0089741833655741701 0.0071518112016575675 -0.0073694802823639103 3.0954698113502433e-05 -0.0078504395530326291 0.0040328943345388103 -0.0075177851278189715 0.001497074385361482 -0.00074761250369752253 -0.0046899040056947033 -0.0049757807137554176 0.005874327374622226 0.002072893320032194
leaf_weight=23885 281 140 135 184 213 155 216 226 228 203 168 131 145 661
leaf_count=23885 281 140 135 184 213 155 216 226 228 203 168 131 145 661
internal_value=-6.59995e-05 0.00150522 0.0002445 -0.000126777 -0.00344797 -7.4556e-05 -0.00184714 -0.00342639 -0.00179823 -0.00388863 -0.00108186 3.84203e-05 0.00162018 4.18056e-08
internal_weight=26971 1000 860 25971 397 25574 1028 812 586 358 725 557 426 24546
internal_count=26971 1000 860 25971 397 25574 1028 812 586 358 725 557 426 24546
is_linear=0
shrinkage=0.03


Tree=264
num_leaves=15
num_cat=0
split_feature=5 21 8 18 5 5 6 7 6 7 5 1 18 0
split_gain=3.80084 6.86784 5.26491 4.88074 3.94787 3.57804 7.68291 7.14901 6.19593 8.20284 5.35355 5.18186 4.48716 4.45245
threshold=0.35802936553955084 80.004573822021499 0.28731815516948706 6.2370343208312997 0.33087915182113653 0.40349134802818304 0.31917637586593633 0.027451925911009315 0.5182480812072755 0.35314604640007025 0.49361594021320349 1.0000000180025095e-35 5.9171395301818857 3.3582471609115605
decision_type=2 2 2 2 2 2 2 2 2 2 2 2 2 2
left_child=1 2 -1 4 -3 6 7 -2 9 -7 -10 13 -13 -8
right_child=5 3 -4 -5 -6 8 11 -9 10 -11 -12 12 -14 -15
leaf_value=3.5023018443847401e-05 -0.0011520017275551077 -0.00014822343384725579 -0.0069135871633272811 0.005268856176352572 -0.003290344385773066 -3.9521702402759982e-05 0.0049360324544580397 0.0054152688827598461 3.9745657751965964e-05 -0.0055478484263053029 0.0080650302251077197 -0.00033738618342148271 -0.0072831027912876461 -0.002100223624629193
leaf_weight=148 204 1724 286 121 450 22294 180 535 143 241 152 189 146 140
leaf_count=148 204 1724 286 121 450 22294 180 535 143 241 152 189 146 140
internal_value=-7.20776e-05 -0.00113241 -0.0045706 -0.0004737 -0.000804674 4.7585e-05 0.00152031 0.00360682 -4.26526e-05 -9.9648e-05 0.00424031 -0.000843285 -0.00342706 0.00187272
internal_weight=26953 2729 434 2295 2174 24224 1394 739 22830 22535 295 655 335 320
internal_count=26953 2729 434 2295 2174 24224 1394 739 22830 22535 295 655 335 320
is_linear=0
shrinkage=0.03


Tree=265
num_leaves=15
num_cat=0
split_feature=7 5 7 16 21 21 16 21 8 7 7 21 21 0
split_gain=5.01234 3.20647 2.78733 2.60818 7.79691 7.44946 5.38813 8.59792 5.07991 4.88661 7.88051 5.9772 7.68144 8.27859
threshold=0.31942637264728552 0.53653091192245495 0.37452168762683874 0.12502931803464892 41.397123336791999 582.49865722656261 0.10734035447239877 58.31499099731446 0.37571829557418829 0.050696983933448798 0.036713033914566047 534.03945922851574 353.24020385742193 4.0147783756256112
decision_type=2 2 2 2 2 2 2 2 2 2 2 2 2 2
left_child=3 2 -2 6 -5 -6 9 -8 -9 10 -1 12 -12 -14
right_child=1 -3 -4 4 5 -7 7 8 -10 -11 11 -13 13 -15
leaf_value=0.0002202008121716663 -0.0035356029777997922 -0.0056839265911563268 0.0016626629354282011 -0.0059782376144081354 0.0001531747850106732 -0.0065766686180163212 0.0096278615159978882 0.0027601406558586112 -0.0018905284877424049 0.0007619222339314757 -0.00093643289505969721 0.0027647383272459973 -0.0060546079080447028 0.0021108517365650732
leaf_weight=10732 181 197 181 220 2895 151 124 710 296 8806 1745 254 608 134
leaf_count=10732 181 197 181 220 2895 151 124 710 296 8806 1745 254 608 134
internal_value=0.000145376 -0.0026534 -0.000949228 0.000204514 -0.000589073 -0.000190676 0.000315336 0.00233167 0.00138917 0.000212567 -0.000146643 -0.00158076 -0.00202922 -0.00457572
internal_weight=27234 559 362 26675 3266 3046 23409 1130 1006 22279 13473 2741 2487 742
internal_count=27234 559 362 26675 3266 3046 23409 1130 1006 22279 13473 2741 2487 742
is_linear=0
shrinkage=0.03


Tree=266
num_leaves=15
num_cat=0
split_feature=11 20 0 6 13 2 0 18 21 0 18 21 8 21
split_gain=3.09888 2.41015 8.84009 8.00102 10.2246 11.8446 8.16547 9.24007 15.0751 5.33188 2.66565 7.18712 5.77149 4.85512
threshold=1.0000000180025095e-35 10.507724761962892 4.33846139907837 0.18016088008880618 1.0000000180025095e-35 0.10447804629802705 2.5641032457351689 6.002495765686036 348.49517822265631 3.5889565944671635 5.8832786083221444 330.06269836425787 0.49062798917293554 118.62879943847658
decision_type=2 2 2 2 2 2 2 2 2 2 2 2 2 2
left_child=1 2 3 4 9 -6 -5 8 -8 -1 -3 12 -12 -14
right_child=-2 10 -4 6 5 -7 7 -9 -10 -11 11 -13 13 -15
leaf_value=0.00072885895851761086 -0.0041352272351187743 -0.00031426437689206202 -0.0057913124051533248 -0.0022897122101491595 -0.0097519728750095156 0.0018806247118860484 0.015989854610616378 -8.2654616956053111e-05 0.0029212348593600007 0.0073675628910617281 0.00031388322958672571 -0.0058193757003443484 0.0089551144480490338 0.00057936536666515861
leaf_weight=452 160 16176 147 122 164 145 148 140 171 139 8650 163 125 121
leaf_count=452 160 16176 147 122 164 145 148 140 171 139 8650 163 125 121
internal_value=-3.64696e-05 -1.12918e-05 0.00110567 0.00180743 3.097e-05 -0.00435029 0.00453551 0.00635474 0.00913761 0.00233896 -8.35556e-05 0.000328351 0.0004442 0.00492894
internal_weight=27023 26863 1628 1481 900 309 581 459 319 591 25235 9059 8896 246
internal_count=27023 26863 1628 1481 900 309 581 459 319 591 25235 9059 8896 246
is_linear=0
shrinkage=0.03


Tree=267
num_leaves=15
num_cat=0
split_feature=16 18 21 18 21 0 7 17 20 17 8 7 8 7
split_gain=2.21934 8.02037 6.54295 6.32438 8.51519 8.78182 7.82357 10.6803 6.97783 6.65305 6.58733 6.54674 11.5581 6.51037
threshold=0.0065698358230292806 6.4056370258331308 71.349849700927749 5.7752783298492441 573.66345214843761 4.0010154247283944 0.13021644949913028 0.099999997764825835 54.123100280761726 0.78000000119209301 0.26533423364162451 0.047041082754731185 0.34608119726181036 0.043479228392243392
decision_type=2 2 2 2 2 2 2 2 2 2 2 2 2 2
left_child=3 -2 -3 4 6 11 7 13 10 -10 -9 12 -6 -1
right_child=1 2 -4 -5 5 -7 -8 8 9 -11 -12 -13 -14 -15
leaf_value=-0.0023644962642228582 -0.00010670505108410917 -0.0062043302670057145 0.0017134834394189494 0.00099466567483326809 0.0026779723935441611 -0.0047674967407038173 0.002009352488173642 -0.0023553629069250413 -0.0010094297232803387 0.0058346653704083604 0.0048253981563327617 -0.00019224887229867424 0.012227066046065965 -0.008498037394069102
leaf_weight=476 11319 344 126 6436 433 132 916 160 5411 126 382 301 152 231
leaf_count=476 11319 344 126 6436 433 132 916 160 5411 126 382 301 152 231
internal_value=4.16294e-05 -0.000267015 -0.00408599 0.000281715 -0.000244763 0.0023271 -0.000585984 -0.000937534 -0.000529904 -0.000848562 0.00270346 0.00340491 0.0052417 -0.00441413
internal_weight=26945 11789 470 15156 8720 1018 7702 6786 6079 5537 542 886 585 707
internal_count=26945 11789 470 15156 8720 1018 7702 6786 6079 5537 542 886 585 707
is_linear=0
shrinkage=0.03


Tree=268
num_leaves=15
num_cat=0
split_feature=4 5 3 0 8 8 18 21 3 21 7 1 1 1
split_gain=4.53094 7.22072 5.31991 8.88258 12.5997 8.48907 7.18952 10.0832 8.06403 8.70324 6.09126 6.46834 10.4454 6.80718
threshold=0.00049804378068074595 0.80570062994956981 0.00919556198641658 2.6876529455184941 0.32453075051307684 0.43576154112815862 6.0665042400360116 103.5716018676758 0.04255660995841027 114.22532272338869 0.0078230625949800032 0.0062381785828620204 0.031634632498025901 0.00032925768755376344
decision_type=2 2 2 2 2 2 2 2 2 2 2 2 2 2
left_child=-1 2 5 4 -4 10 7 -5 9 -8 -2 13 -13 -12
right_child=1 -3 3 6 -6 -7 8 -9 -10 -11 11 12 -14 -15
leaf_value=-0.00021419193169404122 -0.0046679440071202916 0.0056150388159774472 -0.00052213395938563803 -0.007999057263733093 0.01224092017496542 -0.0039225386392534277 0.0028247673880062336 0.00060974593877098334 -0.00080731875306563601 0.011874897698369608 9.8424567301524521e-06 0.004883432326558839 -0.00023307677519475217 -0.0069036780258433681
leaf_weight=19089 208 249 125 126 151 476 267 1871 231 148 2536 668 769 130
leaf_count=19089 208 249 125 126 151 476 267 1871 231 148 2536 668 769 130
internal_value=3.64882e-05 0.000637783 0.000473419 0.00148166 0.00655411 -0.00014229 0.000940588 4.79555e-05 0.00367845 0.00615523 0.000279168 0.000535336 0.00215406 -0.000339568
internal_weight=27044 7955 7706 2919 276 4787 2643 1997 646 415 4311 4103 1437 2666
internal_count=27044 7955 7706 2919 276 4787 2643 1997 646 415 4311 4103 1437 2666
is_linear=0
shrinkage=0.03


Tree=269
num_leaves=15
num_cat=0
split_feature=17 3 17 5 0 3 6 6 6 3 6 8 16 3
split_gain=2.14293 2.4829 6.3351 6.62313 3.83468 3.02336 13.7194 5.41628 5.23122 6.45912 4.02851 3.96219 4.75231 3.34548
threshold=0.0099999997764825838 0.090912263840436949 0.76999998092651378 0.57061666250228893 2.5816127061843877 0.062076412141323097 0.21614840626716617 0.31234954297542578 0.27379813790321356 0.076053604483604445 0.39221957325935369 0.25369866192340856 0.033323077484965331 0.072676029056310668
decision_type=2 2 2 2 2 2 2 2 2 2 2 2 2 2
left_child=-1 5 4 -4 -3 -2 11 8 9 -8 13 -7 -13 -9
right_child=1 2 3 -5 -6 6 7 10 -10 -11 -12 12 -14 -15
leaf_value=0.0025762885110966367 -0.00012230297058816815 -0.0048335202663391834 -0.00095928570483842031 -0.010250330150505541 0.00095260799852941113 0.0007669683478361977 0.0062846312960609784 0.0020910073264932896 0.0086090589201520511 -0.0017584393204782497 0.0040519014663739882 -0.0097913383471851159 -0.0014930988584183069 -0.0042430869986433096
leaf_weight=267 24428 120 146 128 583 122 195 129 218 160 189 125 123 167
leaf_count=267 24428 120 146 128 583 122 195 129 218 160 189 125 123 167
internal_value=-7.31677e-05 -0.000100006 -0.00158065 -0.00540554 -6.22267e-05 -4.37631e-05 0.00129551 0.00303204 0.00499412 0.00268551 0.000686639 -0.00364423 -0.00578652 -0.00149374
internal_weight=27100 26833 977 274 703 25856 1428 1058 573 355 485 370 248 296
internal_count=27100 26833 977 274 703 25856 1428 1058 573 355 485 370 248 296
is_linear=0
shrinkage=0.03


Tree=270
num_leaves=15
num_cat=0
split_feature=5 8 3 17 5 18 18 6 3 3 18 20 18 5
split_gain=3.67728 4.35965 2.85074 7.97608 4.19828 3.53444 5.69578 3.875 2.78473 2.56527 2.48668 6.68931 20.0773 5.50996
threshold=0.90379884839057933 0.19907387346029284 0.089825127273798003 0.75000000000000011 0.86471140384674083 5.8971426486969003 5.5328719615936288 0.24543095380067828 0.11114580556750299 0.11371116712689401 5.653017759323121 12.925724983215334 6.0090038776397714 0.75463911890983593
decision_type=2 2 2 2 2 2 2 2 2 2 2 2 2 2
left_child=2 -2 4 5 10 6 7 9 -5 -4 -1 12 -12 -13
right_child=1 -3 3 8 -6 -7 -8 -9 -10 -11 11 13 -14 -15
leaf_value=-0.00014489375190507119 2.1305848623357587e-05 -0.0071223142201737536 -0.0039763789032585921 -0.0085185982138421875 0.0045789403051567394 0.0046466632013002201 -0.0051063470618353908 0.0050273466084663774 -0.0025822580602116786 0.0020373743340106948 0.013094750880136168 0.00015922694460700649 -0.0010731185616131974 0.0029070020637563016
leaf_weight=13381 172 134 125 143 188 130 179 148 149 121 141 11140 233 693
leaf_count=13381 172 134 125 143 188 130 179 148 149 121 141 11140 233 693
internal_value=7.22375e-05 -0.00317116 0.000109896 -0.00146172 0.000170835 0.000277819 -0.000744989 0.0012756 -0.00558391 -0.00103673 0.000137559 0.00044711 0.00437053 0.00032131
internal_weight=27077 306 26771 995 25776 703 573 394 292 246 25588 12207 374 11833
internal_count=27077 306 26771 995 25776 703 573 394 292 246 25588 12207 374 11833
is_linear=0
shrinkage=0.03


Tree=271
num_leaves=15
num_cat=0
split_feature=9 8 21 0 5 18 21 7 7 0 8 17 21 18
split_gain=2.49704 8.13764 5.48133 7.637 6.35644 6.90944 3.40023 2.15995 2.38929 6.20757 2.58442 4.71813 11.8762 5.99915
threshold=1.0000000180025095e-35 0.39473679661750799 438.09880065917974 3.5648421049118046 0.62321722507476818 6.0905382633209237 230.31487274169925 0.31942637264728552 0.26673242449760443 3.1504107713699345 0.38301433622837072 0.13000000268220904 454.34812927246099 5.8023076057434091
decision_type=2 2 2 2 2 2 2 2 2 2 2 2 2 2
left_child=7 2 3 4 5 -2 -3 8 10 -10 -1 12 -12 -13
right_child=1 6 -4 -5 -6 -7 -8 -9 9 -11 11 13 -14 -15
leaf_value=0.00026416245203242437 1.3016016075752026e-05 0.0061725839135005961 0.001200180764157158 0.00206286357935518 -0.011432409941015258 -0.0091568655890157634 0.00014322642513867864 -0.0017587613340348499 0.0056323260615224252 -0.0011365089316975818 0.0081563814899955813 -0.0015879832334721592 -0.00049206631934117925 0.00044557475593086262
leaf_weight=18690 179 128 196 120 146 121 230 552 236 244 190 3171 533 2214
leaf_count=18690 179 128 196 120 146 121 230 552 236 244 190 3171 533 2214
internal_value=2.89515e-05 -0.00135463 -0.00310113 -0.0045881 -0.00638063 -0.00377498 0.0023543 8.91947e-05 0.000129889 0.00221526 8.9085e-05 -0.000446416 0.0018211 -0.000752264
internal_weight=26950 1120 762 566 446 300 358 25830 25278 480 24798 6108 723 5385
internal_count=26950 1120 762 566 446 300 358 25830 25278 480 24798 6108 723 5385
is_linear=0
shrinkage=0.03


Tree=272
num_leaves=15
num_cat=0
split_feature=16 21 18 6 8 0 21 4 4 18 17 7 8 6
split_gain=2.64656 3.97222 3.04491 8.96059 10.6662 11.4042 7.4157 5.94813 6.17865 6.23306 8.21585 7.52955 6.44939 4.35377
threshold=0.29928679764270788 290.75506591796881 6.269367218017579 0.39221957325935369 0.39267572760581976 3.1766262054443364 146.50462341308597 0.047613436356186874 0.023268070071935657 6.4394888877868661 0.98000001907348644 0.028365635313093666 0.31022530794143682 0.19846625626087191
decision_type=2 2 2 2 2 2 2 2 2 2 2 2 2 2
left_child=2 -2 -1 6 5 -5 7 8 9 10 13 -11 -13 -4
right_child=1 -3 3 4 -6 -7 -8 -9 -10 11 -12 12 -14 -15
leaf_value=1.8204412220740856e-05 0.0052655623530023796 -0.0013189217751242324 -0.0005239593074568156 0.0052034790544256346 0.00881999938389319 -0.0073967555375397207 0.0038195428346728751 -0.007173643716834462 0.0031959645505994557 0.0045966789530081237 0.003383649427713336 -0.0076806179376861699 0.0015789972217183331 -0.0049065437162441024
leaf_weight=23743 196 137 257 129 166 120 198 191 205 229 147 122 142 1009
leaf_count=23743 196 137 257 129 166 120 198 191 205 229 147 122 142 1009
internal_value=-6.0791e-05 0.00257719 -9.42207e-05 -0.0010084 0.00304974 -0.000894993 -0.00168679 -0.00216766 -0.00169884 -0.00223229 -0.00324273 0.000667263 -0.00276329 -0.00402243
internal_weight=26991 333 26658 2915 415 249 2500 2302 2111 1906 1413 493 264 1266
internal_count=26991 333 26658 2915 415 249 2500 2302 2111 1906 1413 493 264 1266
is_linear=0
shrinkage=0.03


Tree=273
num_leaves=15
num_cat=0
split_feature=1 1 5 1 7 17 20 3 1 1 18 1 5 7
split_gain=2.56459 3.10073 7.64139 2.92331 14.6541 7.00289 6.09358 3.94979 4.18203 3.21682 4.80653 3.95468 6.82509 2.71359
threshold=0.12195742875337602 0.085123870521783843 0.4740645587444306 0.058839658275246627 0.029467213898897174 0.5900000035762788 116.65724945068361 0.0071185249835252771 0.068979550153017058 0.052293375134468086 4.6893961429595956 0.04974471032619477 0.54518011212348949 0.080234304070472731
decision_type=2 2 2 2 2 2 2 2 2 2 2 2 2 2
left_child=1 3 -3 9 5 6 -5 8 -6 11 -11 -1 -13 -9
right_child=-2 2 -4 4 7 -7 -8 13 -10 10 -12 12 -14 -15
leaf_value=5.4607282753519499e-05 -0.0030059714025707216 -0.0029854997496796222 0.0043540421832762915 0.0046658525678515434 0.00084305336832767356 0.0061904674101816975 -0.003770813746933839 -0.0079257591653213999 -0.0049176999571312581 -0.0031140233373255742 0.0031337234047575206 0.0015234189425289298 -0.0077810532694029344 -0.0025164513037122934
leaf_weight=23689 245 178 422 120 235 242 196 248 212 131 609 129 149 134
leaf_count=23689 245 178 422 120 235 242 196 248 212 131 609 129 149 134
internal_value=1.84155e-05 4.67314e-05 0.00216997 -2.49621e-06 -0.00134014 0.00240558 -0.000544243 -0.00386069 -0.00191329 7.28521e-05 0.00201423 1.2503e-05 -0.00351288 -0.00608528
internal_weight=26939 26694 600 26094 1387 558 316 829 447 24707 740 23967 278 382
internal_count=26939 26694 600 26094 1387 558 316 829 447 24707 740 23967 278 382
is_linear=0
shrinkage=0.03


Tree=274
num_leaves=15
num_cat=0
split_feature=1 8 8 6 7 16 6 17 6 6 8 0 17 7
split_gain=2.75777 4.7431 2.76014 5.79631 7.54716 7.74173 4.92132 6.4501 9.51812 6.4856 5.85265 5.5422 5.05275 5.98641
threshold=0.10532209649682046 0.30096393823623663 0.41217978298664099 0.23555577546358111 0.047041082754731185 0.051984498277306564 0.34541614353656774 0.76999998092651378 0.39221957325935369 0.44639651477336889 0.44135488569736486 3.0669858455657963 0.90999999642372142 0.032557338476181037
decision_type=2 2 2 2 2 2 2 2 2 2 2 2 2 2
left_child=2 -2 -1 4 -4 -6 12 9 -9 10 -8 -10 13 -5
right_child=1 -3 3 6 5 -7 7 8 11 -11 -12 -13 -14 -15
leaf_value=0.0001366420101064035 -0.0056301153436901837 0.00081562413513037264 0.0063559044301427807 -0.0047632822123686086 -0.0043002294062275534 0.0037667636651866751 -0.0029269296440580291 -0.002560650913317451 0.0014152882215383118 -0.0039066096901436455 0.001949330797523071 0.0092564620610256811 -0.0079243564698134213 -0.00074078159400091186
leaf_weight=21995 205 199 222 447 218 201 329 188 147 488 653 182 126 1274
leaf_count=21995 205 199 222 447 218 201 329 188 147 488 653 182 126 1274
internal_value=-3.93464e-05 -0.00248395 -1.57334e-06 -0.000680308 0.00195014 -0.000431599 -0.00112206 -8.48478e-05 0.00278137 -0.00109891 0.000309083 0.00582659 -0.00223464 -0.00179633
internal_weight=26874 404 26470 4475 641 419 3834 1987 517 1470 982 329 1847 1721
internal_count=26874 404 26470 4475 641 419 3834 1987 517 1470 982 329 1847 1721
is_linear=0
shrinkage=0.03


Tree=275
num_leaves=15
num_cat=0
split_feature=4 21 4 7 8 0 6 21 4 17 0 18 18 21
split_gain=3.32678 7.1353 7.23118 5.7543 5.08292 9.70718 5.21846 8.04737 9.21034 10.3634 7.04519 6.19251 6.11273 6.76332
threshold=1.0000000180025095e-35 23.687749862670902 0.010406080167740585 0.060906734317541129 0.22921660542488101 3.1504107713699345 0.21967655420303348 430.17074584960943 0.043493278324604041 0.14999999850988391 2.3256375789642338 6.3460519313812265 5.4796295166015634 279.96437072753912
decision_type=2 2 2 2 2 2 2 2 2 2 2 2 2 2
left_child=-1 3 -3 -2 5 -4 10 11 9 -9 -6 -8 13 -12
right_child=1 2 4 -5 6 -7 7 8 -10 -11 12 -13 -14 -15
leaf_value=-0.00016273781184252375 0.009990965418401174 0.0030396948790947383 -0.0012462562848351724 0.0010205160368611632 0.0040658116080847222 0.0068714825538024856 0.0013217808049911395 0.0076279585464813166 -0.0064577976527328759 -0.0026665552928310196 0.0045720360340377273 -0.0036467899836567113 -0.0050278576307109741 -0.0018003122997569359
leaf_weight=19077 123 829 257 132 185 266 3404 121 298 287 167 237 448 1169
leaf_count=19077 123 829 257 132 185 266 3404 121 298 287 167 237 448 1169
internal_value=5.18778e-05 0.000568406 0.000402407 0.00545636 8.07371e-05 0.00290843 -0.000155527 0.000424909 -0.00249539 0.000441861 -0.0014348 0.000993809 -0.00201498 -0.000989692
internal_weight=27000 7923 7668 255 6839 523 6316 4347 706 408 1969 3641 1784 1336
internal_count=27000 7923 7668 255 6839 523 6316 4347 706 408 1969 3641 1784 1336
is_linear=0
shrinkage=0.03


Tree=276
num_leaves=15
num_cat=0
split_feature=7 7 6 6 21 21 4 7 5 4 3 18 7 6
split_gain=3.31202 3.94252 8.33972 5.5026 6.2543 3.70608 3.47663 3.1474 5.20213 2.9727 9.29435 6.35567 3.78257 3.14743
threshold=0.0092633198946714419 0.014460460748523475 0.34257782995700842 0.21231780946254733 223.9706726074219 372.72924804687506 0.072895828634500517 0.012993462383747103 0.64173731207847606 0.10167146474123002 0.00083872635150328289 5.8023076057434091 0.066171247512102141 0.5182480812072755
decision_type=2 2 2 2 2 2 2 2 2 2 2 2 2 2
left_child=6 2 3 7 -5 -6 -1 8 -2 13 11 12 -11 -3
right_child=1 9 -4 4 5 -7 -8 -9 -10 10 -12 -13 -14 -15
leaf_value=-0.0007356618869638449 0.005019348931819839 -0.00015321153316568838 0.0066812293095813114 0.001819129220870408 -0.0076594305287401836 -0.00099370570634217822 -0.0055322032557262608 0.0065790186958901327 -0.0023991181537637422 0.0053835642429328001 0.0079232366021044255 -0.0050451702733213697 -0.0010339082179293708 0.0020646526251334148
leaf_weight=3324 162 21150 238 270 151 148 137 140 169 162 168 157 161 587
leaf_count=3324 162 21150 238 270 151 148 137 140 169 162 168 157 161 587
internal_value=-6.71254e-05 5.9724e-05 0.00167703 0.000505354 -0.001475 -0.00443062 -0.000933235 0.00288811 0.00125234 -3.2965e-05 0.00196145 -0.000185343 0.00221776 -9.28579e-05
internal_weight=27124 23663 1278 1040 569 299 3461 471 331 22385 648 480 323 21737
internal_count=27124 23663 1278 1040 569 299 3461 471 331 22385 648 480 323 21737
is_linear=0
shrinkage=0.03


Tree=277
num_leaves=15
num_cat=0
split_feature=8 18 3 6 18 3 5 9 3 1 8 7 7 8
split_gain=3.00919 9.66002 11.9961 6.61035 5.46489 7.38221 5.03112 4.8233 4.31774 8.07778 4.6908 4.04242 3.92347 3.48401
threshold=0.45456308126449591 5.7752783298492441 0.015549790114164354 0.47726763784885412 5.5746788978576669 1.0000000180025095e-35 0.47590370476245886 1.0000000180025095e-35 1.0000000180025095e-35 0.044636337086558349 0.37842753529548651 0.025510996580123905 0.21390705555677417 0.28622116148471838
decision_type=2 2 2 2 2 2 2 2 2 2 2 2 2 2
left_child=7 4 3 -3 5 12 -4 -1 9 10 13 -10 -2 -9
right_child=1 2 6 -5 -6 -7 -8 8 11 -11 -12 -13 -14 -15
leaf_value=0.00014184681917845654 0.0019291027132685844 -0.0036441673060835455 0.0022357446969132311 0.0043840059116124529 -0.0067452915211334442 -0.0045202411125361804 0.010489941312224957 -0.0038475742482377171 0.0039148034352103804 0.0023605747069638445 -0.00077524893562353782 -0.0020189159230112022 -0.0029017173114031683 -0.01059791305279038
leaf_weight=23849 449 315 129 125 231 485 140 128 164 144 121 261 222 169
leaf_count=23849 449 315 129 125 231 485 140 128 164 144 121 261 222 169
internal_value=-3.55942e-05 -0.00112578 0.00171487 -0.0013398 -0.0025788 -0.00172075 0.00664464 5.66187e-05 -0.00199309 -0.00370674 -0.00580011 0.000289698 0.000321188 -0.00780054
internal_weight=26932 2096 709 440 1387 1156 269 24836 987 562 418 425 671 297
internal_count=26932 2096 709 440 1387 1156 269 24836 987 562 418 425 671 297
is_linear=0
shrinkage=0.03


Tree=278
num_leaves=15
num_cat=0
split_feature=9 0 0 21 21 16 5 6 4 5 5 0 16 16
split_gain=2.7044 4.43978 8.21923 6.39828 3.47309 9.75389 8.14543 7.37107 10.6567 7.0414 6.31507 5.92805 5.835 5.4772
threshold=1.0000000180025095e-35 3.3006703853607182 2.6596298217773442 193.73594665527347 69.161422729492202 0.12886025756597522 0.68389856815338146 0.3516566157341004 0.0370385479182005 0.34122018516063696 0.72675183415412914 3.1766262054443364 0.20008224248886111 0.088897868990898146
decision_type=2 2 2 2 2 2 2 2 2 2 2 2 2 2
left_child=4 2 -2 -3 5 6 7 8 13 -9 -8 -12 -7 -1
right_child=1 3 -4 -5 -6 12 10 9 -10 -11 11 -13 -14 -15
leaf_value=-0.0016378347681237318 -0.00098585597917553959 0.0065097795058517973 -0.0079698657912667843 -0.0023311910229098297 -0.00018132959788789941 -0.0062500258583356354 0.010308925254975218 -0.0027883695998730564 0.0062837218635527882 0.0050451178062332529 0.0070064282036037184 -0.0014357464941354068 0.0011430062054786948 0.0043781873884777356
leaf_weight=1401 635 128 195 161 22697 250 143 125 196 522 139 153 152 146
leaf_count=1401 635 128 195 161 22697 250 143 125 196 522 139 153 152 146
internal_value=-0.000112819 -0.00155347 -0.00266458 0.00162865 -5.03461e-05 0.000869778 0.00149308 0.00080068 -0.000216625 0.00352192 0.005245 0.00263326 -0.00347495 -0.00105779
internal_weight=27043 1119 830 289 25924 3227 2825 2390 1743 647 435 292 402 1547
internal_count=27043 1119 830 289 25924 3227 2825 2390 1743 647 435 292 402 1547
is_linear=0
shrinkage=0.03


Tree=279
num_leaves=15
num_cat=0
split_feature=12 20 0 16 6 18 20 17 0 17 20 4 0 17
split_gain=2.84607 22.2659 2.97366 2.45727 5.87256 7.59043 6.52286 5.50411 9.91962 11.4897 9.97103 10.1203 12.0766 8.13305
threshold=1.0000000180025095e-35 111.22195053100587 3.7500110864639287 0.028802150860428814 1.0000000180025095e-35 4.0106117725372323 9.8851747512817401 0.46000000834465032 3.0974687337875371 0.95999997854232799 100.44061279296876 0.030143773183226589 2.0917867422103886 0.62000000476837169
decision_type=2 2 2 2 2 2 2 2 2 2 2 2 2 2
left_child=3 -2 -3 -1 6 -6 -5 -7 9 10 -9 12 -12 -13
right_child=1 2 -4 4 5 7 -8 8 -10 -11 11 13 -14 -15
leaf_value=0.0001864092826340408 -0.012154332585038339 -0.00060405990851688238 0.0059082101837758761 5.0414253479718229e-05 -0.0036515065757042322 0.00056600549575460681 0.0088509917241390203 -0.0065677922148785059 0.00012682621623547356 -0.011043703035373269 0.0069343016260432653 -0.010625776209008808 -0.00095364579333867528 -0.0017583751085229709
leaf_weight=15935 136 121 125 186 650 3842 123 341 3441 126 197 151 1287 237
leaf_count=15935 136 121 125 186 650 3842 123 341 3441 126 197 151 1287 237
internal_value=-8.61936e-05 -0.00264032 0.0027568 -4.89069e-05 -0.000403214 -0.000526514 0.00363871 -0.000313623 -0.0008983 -0.00240346 -0.00188773 -0.00101999 0.000113243 -0.00530063
internal_weight=26898 382 246 26516 10581 10272 309 9622 5780 2339 2213 1872 1484 388
internal_count=26898 382 246 26516 10581 10272 309 9622 5780 2339 2213 1872 1484 388
is_linear=0
shrinkage=0.03


Tree=280
num_leaves=15
num_cat=0
split_feature=7 7 2 17 17 17 7 17 17 5 0 5 5 0
split_gain=2.94457 4.48126 2.33353 6.84003 4.01283 11.0832 4.43913 3.76876 4.65884 7.20166 3.44904 2.13049 2.07461 1.74726
threshold=0.41218189895153051 0.31942637264728552 0.17077248543500903 0.92000001668930065 0.43000000715255743 0.35999999940395361 0.05615686625242234 0.60000002384185802 0.8100000023841859 0.5114172399044038 2.9461891651153569 0.56667253375053417 0.4980407059192658 3.2273815870285039
decision_type=2 2 2 2 2 2 2 2 2 2 2 2 2 2
left_child=1 2 -1 4 5 6 11 13 9 -9 -8 -4 -3 -6
right_child=-2 12 3 -5 7 -7 10 8 -10 -11 -12 -13 -14 -15
leaf_value=-7.1878367265624046e-05 0.0036290884503713725 -0.0051609302121637893 0.0062073136235028499 0.0073430780326732654 -0.006141303518544073 0.010141948832097113 -0.0056199238690519205 0.0079128714046840156 -0.0029279853469212145 -0.00063692252870116916 0.00043312448133135293 0.00099185665920485081 -0.00071672432204901145 -0.0014093862800823094
leaf_weight=24677 193 215 120 138 133 123 126 135 222 240 238 167 169 151
leaf_count=24677 193 215 120 138 133 123 126 135 222 240 238 167 169 151
internal_value=-1.59743e-05 -4.28421e-05 4.13294e-06 0.00104756 0.000502085 0.00207153 0.000481026 -0.000880656 0.000476916 0.00250462 -0.00170992 0.00324148 -0.00323937 -0.0036933
internal_weight=27047 26854 26470 1793 1655 774 651 881 597 375 364 287 384 284
internal_count=27047 26854 26470 1793 1655 774 651 881 597 375 364 287 384 284
is_linear=0
shrinkage=0.03


Tree=281
num_leaves=15
num_cat=0
split_feature=0 21 1 7 1 7 21 18 18 7 18 21 0 21
split_gain=2.4109 15.1598 3.87256 2.44187 5.88125 5.84421 7.73844 22.9716 8.82619 7.67709 10.1144 6.30264 8.14248 6.20771
threshold=5.0956835746765146 403.43692016601568 0.022227102890610698 0.027159144170582298 0.064808338880538954 0.049664070829749114 43.342350006103523 5.9699065685272226 6.4394888877868661 0.16069459915161136 6.3384702205657968 541.44769287109386 3.3680806159973149 26.123199462890629
decision_type=2 2 2 2 2 2 2 2 2 2 2 2 2 2
left_child=3 2 -2 -1 5 11 7 -7 9 10 -9 13 -13 -5
right_child=1 -3 -4 4 -6 6 -8 8 -10 -11 -12 12 -14 -15
leaf_value=0.00024776165869402374 0.0081137721780790463 -0.0067484178625882652 0.0020451918126306902 0.0031027097855368113 -0.0025917643214675734 -0.010278995704185593 0.00040200872440357345 0.00098870418440665441 -0.0052071373152893447 -0.0023810425154757839 0.011576544074991413 0.0060153146575174172 -0.0020412677297561178 -0.0015654623537660695
leaf_weight=8664 176 131 208 266 1003 243 10332 222 191 204 124 244 203 4888
leaf_count=8664 176 131 208 266 1003 243 10332 222 191 204 124 244 203 4888
internal_value=-0.000126107 0.00189699 0.00489516 -0.000165649 -0.000365539 -0.000232821 0.000159522 -0.00237575 0.000267524 0.00219851 0.00489405 -0.00102493 0.0023744 -0.00132176
internal_weight=27099 515 384 26584 17920 16917 11316 984 741 550 346 5601 447 5154
internal_count=27099 515 384 26584 17920 16917 11316 984 741 550 346 5601 447 5154
is_linear=0
shrinkage=0.03


Tree=282
num_leaves=15
num_cat=0
split_feature=17 8 18 18 21 8 8 21 7 8 18 17 3 21
split_gain=2.80209 2.29148 12.0332 5.22404 12.5434 7.97326 4.74826 7.35996 3.7064 3.62012 2.36592 10.3372 7.06219 11.7854
threshold=0.0099999997764825838 0.49062798917293554 5.9828157424926767 5.271644353866578 390.46914672851568 0.52316793799400341 0.47354353964328771 275.53802490234381 0.31942637264728552 0.39714545011520391 5.9636435508728036 0.65999999642372142 0.00950095569714904 8.9183998107910174
decision_type=2 2 2 2 2 2 2 2 2 2 2 2 2 2
left_child=-1 6 3 4 -3 -5 8 -8 10 -10 -2 -12 13 -13
right_child=1 2 -4 5 -6 -7 7 -9 9 -11 11 12 -14 -15
leaf_value=0.0029103182394293768 8.4558819537860669e-05 0.0082166091161752514 0.0076999236040316728 0.0012273011257721914 -0.0025186618917788831 -0.0072336737777063034 0.00045095756447604185 -0.0076638329149238335 -0.00057945044787349894 -0.0067411189954727892 -0.0035914903094384793 0.0077537706400179398 0.001068720521158641 -0.0011913657100964842
leaf_weight=267 17357 164 202 206 229 188 209 188 203 145 883 132 2631 4135
leaf_count=267 17357 164 202 206 229 188 209 188 203 145 883 132 2631 4135
internal_value=-0.000119389 -0.000150028 0.00126357 -0.000426639 0.00200814 -0.00284997 -0.000204275 -0.00343934 -0.000153217 -0.00320593 -0.000110328 -0.000544835 -0.000152519 -0.000905896
internal_weight=27139 26872 989 787 393 394 25883 397 25486 348 25138 7781 6898 4267
internal_count=27139 26872 989 787 393 394 25883 397 25486 348 25138 7781 6898 4267
is_linear=0
shrinkage=0.03


Tree=283
num_leaves=15
num_cat=0
split_feature=16 18 16 16 21 6 16 17 0 7 0 18 4 16
split_gain=2.9834 6.98214 3.82499 2.76947 5.3675 4.72047 4.6175 4.56666 4.37799 10.7826 4.13172 3.16551 6.40444 6.0345
threshold=0.30609922111034399 5.5497493743896493 0.2756482213735581 0.20008224248886111 288.28167724609381 0.30529668927192694 0.16670507192611697 0.68999999761581432 3.1433485746383671 0.097659464925527587 3.1250104904174809 5.7888879776000985 0.11986466497182847 0.00087501222151331614
decision_type=2 2 2 2 2 2 2 2 2 2 2 2 2 2
left_child=2 -2 3 6 5 -5 11 8 9 -8 -6 -1 13 -13
right_child=1 -3 -4 4 10 -7 7 -9 -10 -11 -12 12 -14 -15
leaf_value=-0.00022883299676186572 -0.0012334317674893619 0.007800263659737538 -0.0050275473891653946 -0.0031618476684241205 0.0078479496099766385 0.0033801785670355433 0.0066068262407129787 -0.0060721891691742861 -0.0040943403787795079 -0.0050668859820719803 0.00061761322148144249 0.0011516802586303337 -0.0054252143113067515 -0.00034312236121877279
leaf_weight=14813 163 139 130 228 173 168 161 209 204 120 120 6049 159 4058
leaf_count=14813 163 139 130 228 173 168 161 209 204 120 120 6049 159 4058
internal_value=4.33209e-05 0.00298378 9.37206e-06 3.50621e-05 0.00190518 -0.000378902 -1.52925e-05 -0.00242031 -0.000800704 0.00162018 0.00494677 5.17295e-05 0.000456473 0.000551638
internal_weight=26894 302 26592 26462 689 396 25773 694 485 281 293 25079 10266 10107
internal_count=26894 302 26592 26462 689 396 25773 694 485 281 293 25079 10266 10107
is_linear=0
shrinkage=0.03


Tree=284
num_leaves=15
num_cat=0
split_feature=7 1 8 20 21 16 1 3 7 7 21 1 17 17
split_gain=2.51625 6.6522 8.39543 5.47346 6.06413 5.25401 8.42489 4.2566 6.04641 4.60476 3.40808 3.1477 3.11823 3.04996
threshold=0.17264457792043689 0.064808338880538954 0.39146435260772711 12.59167528152466 430.17074584960943 0.036132480949163444 0.013494921382516624 0.025647374801337722 0.24505563825368884 0.28568370640277868 523.72967529296886 0.0016341729206033053 0.71999999880790722 0.61000001430511486
decision_type=2 2 2 2 2 2 2 2 2 2 2 2 2 2
left_child=-1 2 3 -2 5 11 12 8 13 -9 -6 -5 -7 -4
right_child=1 -3 7 4 10 6 -8 9 -10 -11 -12 -13 -14 -15
leaf_value=-9.9005090410790933e-05 -0.0014213288749735326 -0.0058976852253132582 -0.0020218432318557084 0.0018834934692288671 0.010751409570497649 0.0040623163541836354 0.010860809121914724 0.0043957864165086857 0.00070083257085916655 -0.0022482226191398997 0.0039641564774174926 -0.003521686501440502 -0.0018281225623621598 -0.0068853721338241625
leaf_weight=24016 229 122 326 254 138 222 130 269 558 139 142 150 122 181
leaf_count=24016 229 122 326 254 138 222 130 269 558 139 142 150 122 181
internal_value=3.10677e-06 0.00082427 0.0011208 0.00279148 0.00362711 0.00237616 0.00450143 -0.000456454 -0.00145359 0.00213245 0.00743924 -0.000141899 0.001977 -0.00380842
internal_weight=26998 2982 2860 1387 1158 878 474 1473 1065 408 280 404 344 507
internal_count=26998 2982 2860 1387 1158 878 474 1473 1065 408 280 404 344 507
is_linear=0
shrinkage=0.03


Tree=285
num_leaves=15
num_cat=0
split_feature=0 4 4 7 4 16 21 8 8 7 21 21 20 7
split_gain=2.81075 6.99566 9.74944 6.57516 4.25095 4.77247 5.18561 7.25076 4.22156 3.86082 3.91018 3.72277 3.64694 7.14729
threshold=2.5816127061843877 0.15019077807664874 0.023025456815958027 0.038846194744110114 0.080517772585153594 0.11652573943138124 174.61467742919925 0.32209727168083196 0.40073098242282873 0.03289401717483998 382.88380432128912 279.96437072753912 59.91267395019532 0.027159144170582298
decision_type=2 2 2 2 2 2 2 2 2 2 2 2 2 2
left_child=1 2 -1 -4 12 6 7 -6 11 -8 -11 -5 13 -2
right_child=4 -3 3 8 5 -7 9 -9 -10 10 -12 -13 -14 -15
leaf_value=0.00017356728161683021 0.0029011416039016781 -0.0065854731266666204 0.0076759766448530869 -0.0035368710541921968 -0.001066703426296867 0.0063643652984573919 -0.0043769303533914179 0.0089890581211896931 0.0059626718886642595 -0.0019696191488941567 0.0042565343686146659 0.0029056840529949291 -0.00056522333703829507 -0.00021773242132188764
leaf_weight=5808 841 120 257 154 121 158 186 131 137 193 163 159 15607 3026
leaf_count=5808 841 120 257 154 121 158 186 131 137 193 163 159 15607 3026
internal_value=-9.07963e-05 0.000445442 0.000579896 0.00389322 -0.00026505 0.00168717 0.000722436 0.00423388 0.00167224 -0.000933968 0.000900591 -0.000269907 -0.000360894 0.000463435
internal_weight=27061 6635 6515 707 20426 952 794 252 450 542 356 313 19474 3867
internal_count=27061 6635 6515 707 20426 952 794 252 450 542 356 313 19474 3867
is_linear=0
shrinkage=0.03


Tree=286
num_leaves=15
num_cat=0
split_feature=8 18 18 21 8 8 21 21 9 0 5 21 21 18
split_gain=3.49616 7.92108 7.53554 11.813 6.37831 5.65567 5.60763 4.38217 4.2768 4.71084 6.03285 3.97502 7.08191 6.29527
threshold=0.49637776613235479 5.9828157424926767 5.2505810260772714 360.39758300781256 0.52316793799400341 0.46769501268863684 303.62409973144537 183.03992462158206 1.0000000180025095e-35 3.5648421049118046 0.67710891366004955 303.62409973144537 443.37510681152349 6.0847244262695321
decision_type=2 2 2 2 2 2 2 2 2 2 2 2 2 2
left_child=5 2 3 -2 -4 8 7 -7 -1 10 11 13 -13 -10
right_child=1 -3 4 -5 -6 6 -8 -9 9 -11 -12 12 -14 -15
leaf_value=4.4543548737844325e-05 0.010116746971769066 0.0074837335895241814 0.0016491021751031531 -0.0010060278262734135 -0.0061556291549041981 -0.0028583670070072933 -0.0058734549938701096 0.0036904169372428438 0.0049270777077887297 0.0020937779266054606 -0.0081860926603549156 -0.0087309715073263516 1.434269182859583e-05 -0.0032588327028078294
leaf_weight=24440 140 172 172 209 199 238 295 143 157 205 155 148 183 172
leaf_count=24440 140 172 172 209 199 238 295 143 157 205 155 148 183 172
internal_value=-4.4058e-05 0.00179755 0.000396939 0.0035357 -0.00256345 -0.000107242 -0.00280534 -0.00038446 -3.50671e-05 -0.00193351 -0.0029531 -0.00167183 -0.00396769 0.000662794
internal_weight=27028 892 720 349 371 26136 676 381 25460 1020 815 660 331 329
internal_count=27028 892 720 349 371 26136 676 381 25460 1020 815 660 331 329
is_linear=0
shrinkage=0.03


Tree=287
num_leaves=15
num_cat=0
split_feature=8 5 18 6 0 0 20 18 18 17 6 8 18 21
split_gain=2.45194 6.03567 5.59624 12.01 8.92932 8.76374 9.36089 12.6033 9.31754 8.08903 10.0308 7.35556 9.61627 6.81687
threshold=0.41872218251228338 0.6926737129688264 6.0345494747161874 0.39221957325935369 4.2436673641204843 3.4865688085556035 96.30096817016603 5.8023076057434091 5.7118895053863534 0.86000001430511486 0.32154963910579687 0.52316793799400341 4.9938595294952401 92.834175109863295
decision_type=2 2 2 2 2 2 2 2 2 2 2 2 2 2
left_child=-1 2 4 9 5 8 -7 -8 11 10 -4 12 -2 -5
right_child=1 -3 3 13 -6 6 7 -9 -10 -11 -12 -13 -14 -15
leaf_value=3.5974504527356415e-05 -0.0017281441589001496 0.0045674708907752007 0.0077773492535637683 0.0095459708524610609 0.002812450850576899 -0.00018284848410553197 -0.0089924998650000101 0.0010125766159035266 -0.0050921841170228632 -0.0057394783818162974 -0.0032070475586635223 -0.005070221823780318 0.0036205718545727593 0.00083478674949968564
leaf_weight=22979 576 178 129 176 359 298 476 147 381 235 165 201 627 148
leaf_count=22979 576 178 129 176 359 298 476 147 381 235 165 201 627 148
internal_value=-8.46134e-05 -0.000760344 -0.00100791 0.0011364 -0.00160555 -0.00219579 -0.00456467 -0.00664249 -0.000964189 -0.00164889 0.0016621 0.000170109 0.00106304 0.00563995
internal_weight=27075 4096 3918 853 3065 2706 921 623 1785 529 294 1404 1203 324
internal_count=27075 4096 3918 853 3065 2706 921 623 1785 529 294 1404 1203 324
is_linear=0
shrinkage=0.03


Tree=288
num_leaves=15
num_cat=0
split_feature=4 21 17 5 0 8 7 3 0 16 18 0 8 0
split_gain=2.79514 7.68031 6.35179 5.41855 8.0616 5.99523 6.53999 4.61477 11.8323 7.98169 10.4823 7.55131 6.85271 10.1442
threshold=0.00049804378068074595 482.86642456054693 0.080000001937150969 0.68801259994506847 3.3680806159973149 0.24400313943624499 0.043020896613597877 0.010132503230124714 2.6596298217773442 0.0045140986330807218 6.0345494747161874 3.3006703853607182 0.43576154112815862 3.2363578081130986
decision_type=2 2 2 2 2 2 2 2 2 2 2 2 2 2
left_child=-1 2 -2 7 5 -5 -7 12 -9 10 -10 -11 -4 -14
right_child=1 -3 3 4 -6 6 -8 8 9 11 -12 -13 13 -15
leaf_value=-0.00028349251417854841 0.0060430148280096593 -0.0017131609207275687 4.570193120151984e-05 0.0056675466986137527 0.0052973175712599692 -0.0069575971870971713 0.00098057640357451011 0.0087544865717881174 0.00049973917035425373 -0.005253598182801379 0.0072005746114300563 0.00055088040236093592 0.00075146201772517273 -0.0090611015558435815
leaf_weight=19055 197 1302 2900 124 508 137 270 173 704 297 295 605 185 188
leaf_count=19055 197 1302 2900 124 508 137 270 173 704 297 295 605 185 188
internal_value=-8.69355e-05 0.000387946 0.000804492 0.000638289 0.00261525 2.3868e-05 -0.0017435 0.000252053 0.0013575 0.000663136 0.00250447 -0.00137878 -0.000449436 -0.00424872
internal_weight=26940 7885 6583 6386 1039 531 407 5347 2074 1901 999 902 3273 373
internal_count=26940 7885 6583 6386 1039 531 407 5347 2074 1901 999 902 3273 373
is_linear=0
shrinkage=0.03


Tree=289
num_leaves=15
num_cat=0
split_feature=16 16 17 21 6 18 20 1 21 18 18 7 6 4
split_gain=3.90348 8.8253 8.95354 7.44897 8.17797 8.01863 7.16392 6.98563 6.22427 8.4717 6.92827 6.55331 7.14493 6.58736
threshold=0.028144223615527156 0.033323077484965331 0.46999999880790716 537.86889648437511 1.0000000180025095e-35 3.9662463665008549 27.323474884033207 0.054796785116195686 578.26361083984386 5.7680428028106698 4.5415291786193857 0.23443692177534106 0.39221957325935369 0.030304136686027053
decision_type=2 2 2 2 2 2 2 2 2 2 2 2 2 2
left_child=8 -2 3 4 -3 6 -6 -7 9 -1 -10 12 13 -11
right_child=1 2 -4 -5 5 7 -8 -9 10 11 -12 -13 -14 -15
leaf_value=-0.00042689875379208554 -0.0055059098627590506 0.0074372947749854514 -0.001030014330061967 -0.0017479383556334091 -0.0080255029972943464 0.0018002501993529855 0.0011015870999299775 -0.0031885987446728077 0.0036091939140819053 0.00037209564860580846 -0.0033761241538450121 -0.004141892058139641 0.003581138832722998 0.003367972223996491
leaf_weight=8271 287 181 5617 883 156 3158 147 270 891 5062 145 212 937 755
leaf_count=8271 287 181 5617 883 156 3158 147 270 891 5062 145 212 937 755
internal_value=8.30143e-05 -0.00036198 -0.000217616 0.000734131 0.00129589 0.0009884 -0.00365151 0.00140324 0.000375606 0.000222195 0.00262 0.000992642 0.00115675 0.000763495
internal_weight=26972 10699 10412 4795 3912 3731 303 3428 16273 15237 1036 6966 6754 5817
internal_count=26972 10699 10412 4795 3912 3731 303 3428 16273 15237 1036 6966 6754 5817
is_linear=0
shrinkage=0.03


Tree=290
num_leaves=15
num_cat=0
split_feature=7 7 20 8 20 6 1 1 21 16 18 7 8 16
split_gain=3.05549 3.32455 12.6751 6.65562 4.77432 7.23584 5.12006 7.61975 7.57935 8.9595 12.299 8.6719 7.3045 7.21435
threshold=0.41218189895153051 0.025782733224332336 17.254125595092777 0.32293872535228735 15.501840114593508 0.12137155979871751 0.025332381017506126 0.019480757415294651 66.969722747802749 0.15189045667648318 6.1331739425659189 0.035108832642436034 0.33779105544090277 0.09156315773725511
decision_type=2 2 2 2 2 2 2 2 2 2 2 2 2 2
left_child=1 2 3 -1 -3 -6 7 8 9 10 12 -12 -7 -13
right_child=-2 4 -4 -5 5 6 -8 -9 -10 -11 11 13 -14 -15
leaf_value=0.0024283829234911414 0.00385371681203863 -0.0017462742438626895 0.0002520803127994418 0.0093442366730072529 0.0027621900553019369 0.011103275147307773 -0.00095783681017570419 0.0030913078232813326 -0.00032957714952527124 -0.0042975179614529293 -0.0064805222589347971 0.00054148867464085156 0.0033034473519505661 0.008361010991235953
leaf_weight=349 188 1555 7723 195 801 199 4911 761 9040 173 123 565 243 126
leaf_count=349 188 1555 7723 195 801 199 4911 761 9040 173 123 565 243 126
internal_value=9.2535e-05 6.54002e-05 0.00056535 0.00496994 -0.000158138 -1.19009e-05 -0.000150378 0.000203001 -8.32789e-06 0.00201799 0.00290147 0.000701385 0.00690005 0.00201716
internal_weight=26952 26764 8267 544 18497 16942 16141 11230 10469 1429 1256 814 442 691
internal_count=26952 26764 8267 544 18497 16942 16141 11230 10469 1429 1256 814 442 691
is_linear=0
shrinkage=0.03


Tree=291
num_leaves=15
num_cat=0
split_feature=7 7 21 18 8 5 21 5 8 8 16 3 18 7
split_gain=4.10499 7.9163 7.00584 11.2708 10.8784 13.3149 7.74501 15.9148 6.62987 7.95418 7.0624 7.99151 6.59831 6.25759
threshold=0.050696983933448798 0.027159144170582298 43.342350006103523 5.9699065685272226 0.30270206928253179 0.50697416067123424 66.969722747802749 0.48730662465095526 0.36402103304862982 0.26895502209663397 0.088897868990898146 0.044243725016713149 6.3618316650390634 0.028365635313093666
decision_type=2 2 2 2 2 2 2 2 2 2 2 2 2 2
left_child=1 -1 3 -2 -5 -6 7 -4 9 10 11 -3 -11 -10
right_child=2 8 6 4 5 -7 -8 -9 13 12 -12 -13 -14 -15
leaf_value=0.00026037163396088375 -0.0075566404083709619 0.00019317388243908102 -0.0034097245072976486 -0.0057641381326724184 -0.0025746190790345686 0.0068560390438263613 0.00045506890800323129 0.0072634624064248738 -0.0057701915677171199 -0.0023804374584785342 0.0038598046725383025 -0.0059715192520236665 -0.0084356454274906161 0.00066259508631776542
leaf_weight=8885 241 867 178 215 265 265 10349 404 141 2575 323 237 169 2003
leaf_count=8885 241 867 178 215 265 265 10349 404 141 2575 323 237 169 2003
internal_value=9.96502e-06 -0.000316819 0.000426732 -0.00198896 -0.000149503 0.00216072 0.000645443 0.00399792 -0.00112847 -0.00182471 -7.43303e-06 -0.00115118 -0.00276804 0.000227102
internal_weight=27117 15200 11917 986 745 530 10931 582 6315 4171 1427 1104 2744 2144
internal_count=27117 15200 11917 986 745 530 10931 582 6315 4171 1427 1104 2744 2144
is_linear=0
shrinkage=0.03


Tree=292
num_leaves=15
num_cat=0
split_feature=0 3 3 18 1 5 21 3 18 3 18 8 21 1
split_gain=3.19819 6.84407 6.09033 6.73436 7.26251 6.93319 5.30937 5.05615 3.70751 3.98319 13.076 5.90105 12.9802 9.96333
threshold=4.5351233482360849 0.060067437589168556 0.043479416519403465 4.5415291786193857 0.047998808324337013 0.44181887805461889 90.595149993896499 0.0081104640848934668 2.1100602149963383 0.047619290649890907 3.8340399265289311 0.30569384992122656 372.72924804687506 0.0079375691711902636
decision_type=2 2 2 2 2 2 2 2 2 2 2 2 2 2
left_child=8 2 3 -2 5 -5 -7 -8 -1 -10 -11 12 13 -12
right_child=1 -3 -4 4 -6 6 7 -9 9 10 11 -13 -14 -15
leaf_value=0.0032073538442136257 -0.0039104544861396588 0.0057700234140408615 -0.005061932632102157 -0.0036154710584339004 0.0071804081036210173 0.0080811387202647019 -0.001617279622977709 0.00521628923042194 4.3753015291841862e-05 -0.0080513888314987219 -0.0015676787144007745 0.00051120862508609061 0.0030536916997409395 -0.0079464265289555386
leaf_weight=303 188 256 154 217 204 121 250 153 21872 220 613 1867 321 342
leaf_count=303 188 256 154 217 204 121 250 153 21872 220 613 1867 321 342
internal_value=1.60308e-05 0.0013401 0.000440013 0.0012068 0.00224006 0.00084096 0.0027032 0.00100923 -6.42157e-05 -0.000104125 -0.00106452 -0.000563453 -0.00213172 -0.0038815
internal_weight=27081 1543 1287 1133 945 741 524 403 25538 25235 3363 3143 1276 955
internal_count=27081 1543 1287 1133 945 741 524 403 25538 25235 3363 3143 1276 955
is_linear=0
shrinkage=0.03


Tree=293
num_leaves=15
num_cat=0
split_feature=5 1 8 5 21 17 3 5 0 5 1 4 16 0
split_gain=3.49474 8.1705 7.24207 5.66567 5.52954 5.45668 12.9046 13.8528 5.15309 4.28675 4.3461 5.12179 4.12595 3.79028
threshold=0.48406071960926061 0.0012526003993116321 0.51513442397117626 0.47764341533184057 271.12951660156256 0.96999999880790722 0.040786622092127807 0.5731833577156068 1.6446080803871157 0.49955224990844732 0.00032925768755376344 0.0067673893645405778 0.33489531278610235 2.1503489017486577
decision_type=2 2 2 2 2 2 2 2 2 2 2 2 2 2
left_child=1 3 5 13 -4 9 7 -7 -3 10 11 -2 -11 -1
right_child=2 8 4 -5 -6 6 -8 -9 -10 12 -12 -13 -14 -15
leaf_value=-0.00046935647426418536 0.00174246944841823 0.0049285499244653332 0.0091881059906120562 0.0062490733824670311 0.00023117005482316017 -0.0075019262970255863 -0.0093443760601803656 0.004710213424466354 -0.00077026544152202902 -3.4715072902870049e-05 -0.0042266536848348029 -0.0048687090938160779 -0.0054622320838888568 0.0016212694629252926
leaf_weight=1010 356 144 124 200 120 127 193 223 3455 16974 458 144 122 3401
leaf_count=1010 356 144 124 200 120 127 193 223 3455 16974 458 144 122 3401
internal_value=1.87432e-05 0.000535112 -0.000206348 0.0013706 0.00487615 -0.000274325 -0.00322356 0.000235703 -0.000535728 -0.000184754 -0.00213224 -0.000190903 -7.50325e-05 0.00114258
internal_weight=27051 8210 18841 4611 244 18597 543 350 3599 18054 958 500 17096 4411
internal_count=27051 8210 18841 4611 244 18597 543 350 3599 18054 958 500 17096 4411
is_linear=0
shrinkage=0.03


Tree=294
num_leaves=15
num_cat=0
split_feature=2 7 7 2 2 0 5 2 20 6 17 5 20 6
split_gain=2.50708 4.89431 5.05903 4.38751 6.86821 5.41137 3.70441 3.66044 3.84718 3.76957 3.47516 4.24274 2.39393 15.8751
threshold=0.62214842438697826 0.14901973307132724 0.081384781748056426 0.42697551846504217 0.2970330566167832 3.2928869724273686 0.52413138747215282 0.78158444166183483 95.730575561523452 0.2593501508235932 0.99000000953674328 0.55138590931892406 2.1861749887466435 0.20724278688430789
decision_type=2 2 2 2 2 2 2 2 2 2 2 2 2 2
left_child=3 2 7 4 10 -6 -5 -2 -9 -10 12 -12 13 -1
right_child=1 -3 -4 6 5 -7 -8 8 9 -11 11 -13 -14 -15
leaf_value=-0.0066819829251365086 0.0055923052514939538 0.0055897847409738877 -0.0045815366434839525 -0.0066119095307222743 0.00043635044266599886 0.0090126788391369488 -0.00041249323965929306 0.0045250420877337447 0.0012493310689046246 -0.005691709718867205 0.00061113330528661156 -0.0070231708495857859 3.4740492376354609e-05 0.0026205660316313919
leaf_weight=309 149 204 143 162 131 130 182 120 158 120 121 136 24690 344
leaf_count=309 149 204 143 162 131 130 182 120 158 120 121 136 24690 344
internal_value=9.77853e-06 0.00156754 0.000346698 -4.36544e-05 1.43595e-06 0.0047972 -0.00338489 0.0016649 0.000143443 -0.00179443 -4.83856e-05 -0.00348574 -1.28471e-05 -0.00179873
internal_weight=27099 894 690 26205 25861 261 344 547 398 278 25600 257 25343 653
internal_count=27099 894 690 26205 25861 261 344 547 398 278 25600 257 25343 653
is_linear=0
shrinkage=0.03


Tree=295
num_leaves=15
num_cat=0
split_feature=17 21 12 6 8 5 5 21 20 6 4 6 17 0
split_gain=2.61091 11.44 9.72674 8.41519 7.55185 10.2223 11.2895 9.01544 7.98538 9.56959 5.92092 9.9321 5.44707 4.90573
threshold=0.31000000238418585 468.40444946289068 1.0000000180025095e-35 0.34993781149387365 0.19907387346029284 0.80570062994956981 0.41573485732078558 382.88380432128912 111.81222534179689 0.23374862223863604 0.047090966254472739 0.19718862324953082 0.10999999940395357 4.4472219944000253
decision_type=2 2 2 2 2 2 2 2 2 2 2 2 2 2
left_child=2 13 3 4 -1 6 7 -6 9 -9 -8 12 -12 -2
right_child=1 -3 -4 -5 5 -7 10 8 -10 -11 11 -13 -14 -15
leaf_value=-0.0016172385669028899 -0.00020019506429612554 -0.0082988636086406137 -0.0066396460549107616 -0.0023651896674917743 0.011524682895208275 0.008752802555075807 0.0010588731633920283 0.0012747324717098047 -0.0034357723040999706 0.010670251585028928 0.0040545654578677051 -0.0061600635707880699 -0.0024103863949054166 0.0016656777131223344
leaf_weight=899 17060 148 163 751 137 157 5031 247 129 158 237 284 223 1365
leaf_count=899 17060 148 163 751 137 157 5031 247 129 158 237 284 223 1365
internal_value=6.92305e-05 -0.000129404 0.000507408 0.0006525 0.000955965 0.00130727 0.00111928 0.00478786 0.00296863 0.00502557 0.00068925 -0.00180056 0.000928251 -6.15491e-05
internal_weight=26989 18573 8416 8253 7502 6603 6446 671 534 405 5775 744 460 18425
internal_count=26989 18573 8416 8253 7502 6603 6446 671 534 405 5775 744 460 18425
is_linear=0
shrinkage=0.03


Tree=296
num_leaves=15
num_cat=0
split_feature=8 5 18 6 5 7 5 7 3 8 5 5 18 6
split_gain=1.67745 5.11265 3.80409 4.65802 5.1989 2.28872 3.19878 2.6865 6.05415 6.9259 5.90002 7.78612 5.24705 3.44665
threshold=0.49637776613235479 0.5954205095767976 5.9762141704559335 0.49478559195995336 0.50570911169052135 0.35314604640007025 0.48887714743614202 0.17264457792043689 0.00039135340193752205 0.43930159509181982 0.41361638903617864 0.65672299265861522 4.9181590080261239 0.41399271786212927
decision_type=2 2 2 2 2 2 2 2 2 2 2 2 2 2
left_child=5 2 3 4 -2 7 -7 -1 9 13 -10 12 -12 -9
right_child=1 -3 -4 -5 -6 6 -8 8 10 -11 11 -13 -14 -15
leaf_value=-7.4581041428382924e-05 0.0028774872435836721 0.006869916575869865 0.0044223988910841684 -0.0055031417715462275 -0.0039627178717159019 0.00082286854304373263 -0.0057582000421985266 0.00021285096430257914 -0.001745176680665463 -0.004507445202546913 0.0014246066374672126 -0.0025658719927856796 0.0073979448507290341 0.0054542055047516313
leaf_weight=23579 313 123 159 136 141 120 141 1092 195 271 198 128 412 121
leaf_count=23579 313 123 159 136 141 120 141 1092 195 271 198 128 412 121
internal_value=3.792e-05 0.00132858 0.000379064 -0.000738586 0.000733081 -5.18786e-06 -0.00277383 2.31374e-05 0.000974614 -0.000217144 0.00286124 0.00408193 0.0054864 0.000755934
internal_weight=27129 872 749 590 454 26257 261 25996 2417 1484 933 738 610 1213
internal_count=27129 872 749 590 454 26257 261 25996 2417 1484 933 738 610 1213
is_linear=0
shrinkage=0.03


Tree=297
num_leaves=15
num_cat=0
split_feature=0 16 6 3 16 17 18 0 3 8 1 0 8 6
split_gain=2.55218 7.60004 15.5961 7.15522 5.69508 7.94993 7.75971 9.42063 8.56052 12.7391 8.49507 11.1491 12.7267 8.73049
threshold=3.7804321050643925 0.090906009078025832 0.32397456467151647 0.057161582633852966 0.028802150860428814 0.61000001430511486 6.1514971256256112 2.3479084968566899 1.0000000180025095e-35 0.37394054234027868 0.034483343362808234 2.6747463941574101 0.34100879728794103 0.28560109436511999
decision_type=2 2 2 2 2 2 2 2 2 2 2 2 2 2
left_child=4 -2 3 -3 -1 -6 8 -8 -7 -10 11 -9 -13 -12
right_child=1 2 -4 -5 5 6 7 10 9 -11 13 12 -14 -15
leaf_value=0.00054719043340480187 -0.00093544025760982014 0.0028642905684146719 -0.0042225721721227552 0.010852321971952914 0.00026825099408516449 -0.0014438877228413515 0.007534969691187143 -0.0096630779102701569 -0.0027818139479769506 -0.01201421291483983 0.0096928221672715146 -0.0039923305214811531 0.0030659748039914949 -0.0014706194130190478
leaf_weight=12007 5947 561 261 120 5070 1199 131 140 420 196 123 488 426 122
leaf_count=12007 5947 561 261 120 5070 1199 131 140 420 196 123 488 426 122
internal_value=-3.98229e-05 -0.000538616 0.00195832 0.00434071 0.000129355 -0.000473973 -0.00163226 2.14205e-05 -0.00293163 -0.00579248 -0.000762283 -0.00193383 -0.000703791 0.00421565
internal_weight=27211 6889 942 681 20322 8315 3245 1430 1815 616 1299 1054 914 245
internal_count=27211 6889 942 681 20322 8315 3245 1430 1815 616 1299 1054 914 245
is_linear=0
shrinkage=0.03


Tree=298
num_leaves=15
num_cat=0
split_feature=3 18 5 17 8 8 16 8 1 5 21 3 8 8
split_gain=2.51537 9.36139 7.53793 6.7461 5.81689 10.6986 8.27839 6.88072 7.042 7.45498 8.00743 5.35507 8.41929 5.3191
threshold=0.04255660995841027 3.8340399265289311 0.51868322491645824 0.13000000268220904 0.25237967073917394 0.21174320578575137 0.0083074136637151259 0.26274111866950994 0.057157015427947051 0.68616682291030895 323.41146850585943 0.037038749083876617 0.41094043850898748 0.4074667096138001
decision_type=2 2 2 2 2 2 2 2 2 2 2 2 2 2
left_child=11 2 -2 -3 5 -5 -7 -6 9 13 -11 -1 -13 -9
right_child=1 3 -4 4 7 6 -8 8 -10 10 -12 12 -14 -15
leaf_value=-6.3101661977249632e-05 0.00014570591874563923 0.0055870674969770422 -0.0092129702574522999 0.00099982574377388707 0.0060054755229502913 -0.0099347181200312492 -0.0014241755052353253 -8.9059947991449503e-05 -0.0046078545794225869 -0.0065586363705279586 0.0023210013992146406 0.0044515011034266978 -0.0038633490120326833 0.0031813720754329477
leaf_weight=22116 125 159 198 335 155 229 187 1665 312 269 134 511 135 607
leaf_count=22116 125 159 198 335 155 229 187 1665 312 269 134 511 135 607
internal_value=-0.000110861 -0.00076923 -0.00564418 -0.000374153 -0.000624478 -0.00298707 -0.00617142 -5.59235e-05 -0.000379969 0.000120829 -0.00361384 1.58226e-05 0.00269755 0.000789754
internal_weight=27137 4375 323 4052 3893 751 416 3142 2987 2675 403 22762 646 2272
internal_count=27137 4375 323 4052 3893 751 416 3142 2987 2675 403 22762 646 2272
is_linear=0
shrinkage=0.03


Tree=299
num_leaves=15
num_cat=0
split_feature=1 20 7 1 21 17 8 8 8 1 5 5 7 20
split_gain=3.4235 7.26321 6.62831 8.07774 5.91432 5.79642 5.77111 6.52513 5.71001 5.28202 4.69999 4.6282 3.93369 8.84406
threshold=0.054054111242294318 10.507724761962892 0.026660396717488769 0.086208991706371321 271.12951660156256 0.57999998331069957 0.35817164182662969 0.33779105544090277 0.23423257470130923 0.06348446756601335 0.60313245654106151 0.51728355884552013 0.049664070829749114 15.068874835968019
decision_type=2 2 2 2 2 2 2 2 2 2 2 2 2 2
left_child=12 -2 5 6 -5 8 7 -4 -3 -8 11 -10 -1 -14
right_child=1 2 3 4 -6 -7 9 -9 10 -11 -12 -13 13 -15
leaf_value=-0.00027010449325130765 0.0056402785236538532 0.0042013378076255327 -0.0041832303363395842 -0.0021283161638884691 0.0051063494632207903 0.0030667254781670044 0.001962209592523894 -0.011675342608359642 -0.0039613205784310894 -0.004153524329746301 -0.0077685269100744442 0.0032630553936113171 -0.0019732787073114839 0.00078473445724876634
leaf_weight=13119 134 120 510 231 174 438 221 131 193 287 129 129 1164 9988
leaf_count=13119 134 120 510 231 174 438 221 131 193 287 129 129 1164 9988
internal_value=-3.07692e-05 -0.00104374 -0.00140349 -0.00262978 0.00100428 0.000488809 -0.00390951 -0.0057929 -0.0014981 -0.00149975 -0.00304402 -0.00106144 8.19837e-05 0.000496109
internal_weight=26968 2697 2563 1554 405 1009 1149 641 571 508 451 322 24271 11152
internal_count=26968 2697 2563 1554 405 1009 1149 641 571 508 451 322 24271 11152
is_linear=0
shrinkage=0.03


Tree=300
num_leaves=15
num_cat=0
split_feature=4 4 1 3 3 3 3 6 6 8 8 21 3 21
split_gain=2.81332 7.57014 8.1613 5.35322 5.12395 4.51247 6.45567 9.87177 10.302 7.82984 6.72484 6.64864 6.34204 10.1415
threshold=0.0064300291705876597 0.010406080167740585 0.0059614947531372317 0.083340637385845198 0.056117495521903045 0.04255660995841027 0.00919556198641658 0.2837949693202973 0.2999385297298432 0.43576154112815862 0.41094043850898748 127.38797760009767 0.031250087544322021 316.71394348144537
decision_type=2 2 2 2 2 2 2 2 2 2 2 2 2 2
left_child=-1 2 -2 4 5 6 9 12 -9 -3 11 -10 13 -8
right_child=1 3 -4 -5 -6 -7 7 8 10 -11 -12 -13 -14 -15
leaf_value=-0.00019833697489056784 2.5028537493199108e-06 0.00021202538036924247 0.0092938336135107973 -0.0049678741407727716 0.0036335834739485598 -0.002921556501152773 0.0023710076567481889 0.012336953815556767 -0.00017347792664972633 -0.0040122855272644821 -0.0008029125386116784 0.0082822795069660057 0.0038996087269637975 -0.0048763125448198193
leaf_weight=19708 163 4009 173 166 411 387 316 122 125 433 257 247 258 375
leaf_count=19708 163 4009 173 166 411 387 316 122 125 433 257 247 258 375
internal_value=-1.06753e-05 0.000486092 0.00485256 0.000276362 0.000405286 0.00019944 0.000398307 0.00196757 0.00452515 -0.000203803 0.00292464 0.00547635 -6.95055e-05 -0.00156883
internal_weight=27150 7442 336 7106 6940 6529 6142 1700 751 4442 629 372 949 691
internal_count=27150 7442 336 7106 6940 6529 6142 1700 751 4442 629 372 949 691
is_linear=0
shrinkage=0.03


Tree=301
num_leaves=15
num_cat=0
split_feature=21 18 5 9 21 18 0 0 18 3 3 0 21 7
split_gain=2.97276 2.59111 2.42411 5.88549 4.72022 3.96231 4.26516 7.59383 3.86657 4.92642 4.15011 6.53797 8.38979 5.93481
threshold=679.47171020507824 1.4614191055297854 0.69008010625839245 1.0000000180025095e-35 15.311575412750246 3.8340399265289311 1.6446080803871157 1.0586304068565371 4.9181590080261239 0.038180595263838775 0.023600996471941475 3.3766492605209355 314.49552917480474 0.036713033914566047
decision_type=2 2 2 2 2 2 2 2 2 2 2 2 2 2
left_child=1 -1 -3 4 -4 -6 7 -7 9 -8 -10 -12 13 -13
right_child=-2 2 3 -5 5 6 8 -9 10 -11 11 12 -14 -15
leaf_value=0.0032565909656437318 0.003517665939935897 -0.00016832042262337609 0.0064984921907442943 -0.0044989105065583639 -0.0035301600234013612 -0.00045117513339260014 0.0013278518334631589 0.009450255817703335 0.00089425367179896511 0.0075959464623592786 -0.0044131923813987613 0.0065938162455120341 -0.0057700077994206145 -0.00075351520723950882
leaf_weight=211 211 22297 124 189 188 140 599 133 1873 135 401 190 131 199
leaf_count=211 211 22297 124 189 188 140 599 133 1873 135 401 190 131 199
internal_value=1.23115e-05 -1.59271e-05 -4.24939e-05 0.000609095 0.000848995 0.000665463 0.000877346 0.00445581 0.000594527 0.0025243 8.39615e-05 -0.00155983 0.00066163 0.00287329
internal_weight=27021 26810 26599 4302 4113 3989 3801 273 3528 734 2794 921 520 389
internal_count=27021 26810 26599 4302 4113 3989 3801 273 3528 734 2794 921 520 389
is_linear=0
shrinkage=0.03


Tree=302
num_leaves=15
num_cat=0
split_feature=17 21 6 12 12 8 21 3 1 20 21 6 18 8
split_gain=3.12873 14.2124 8.9991 7.64205 6.57769 5.66898 6.36166 10.6008 8.97496 6.03524 5.43339 7.50756 5.32996 4.52381
threshold=0.29999999701976782 474.03674316406256 0.33681304752826696 1.0000000180025095e-35 1.0000000180025095e-35 0.39473679661750799 414.03425598144537 0.037038749083876617 0.032259350642561919 58.674373626708991 482.86642456054693 0.13879541307687762 4.4452226161956796 0.18877658247947696
decision_type=2 2 2 2 2 2 2 2 2 2 2 2 2 2
left_child=2 4 3 5 13 -1 9 8 10 -7 -8 -12 -13 -2
right_child=1 -3 -4 -5 -6 6 7 -9 -10 -11 11 12 -14 -15
leaf_value=0.00053999960592217983 0.0011882558779497609 -0.0091532225276532691 -0.0024541121238116914 -0.0058812960237264629 0.0049712455752769242 0.0090578328103090265 -0.0030838945140079644 -0.0050564616300618724 0.0093202180121553756 0.0012437033193761155 -0.0024264862294270033 0.0099398977668689829 0.0013729028863599523 -0.00038880114151716402
leaf_weight=5797 1809 155 851 146 216 225 177 180 153 148 139 142 121 16785
leaf_count=5797 1809 155 851 146 216 225 177 180 153 148 139 142 121 16785
internal_value=-3.91829e-05 -0.000249781 0.000455033 0.000799006 -0.000174001 0.000940776 0.00273969 0.00137472 0.00297973 0.00601478 0.00123881 0.0031566 0.00609758 -0.000235092
internal_weight=27044 18965 8079 7228 18810 7082 1285 912 732 373 579 402 263 18594
internal_count=27044 18965 8079 7228 18810 7082 1285 912 732 373 579 402 263 18594
is_linear=0
shrinkage=0.03


Tree=303
num_leaves=15
num_cat=0
split_feature=17 0 0 7 17 6 21 21 8 21 17 21 5 8
split_gain=2.96079 2.92367 4.58632 7.68747 6.61627 4.35456 4.03233 10.009 5.05816 11.5326 6.78145 4.16707 3.5749 4.81608
threshold=0.0099999997764825838 0.93086954951286327 1.6446080803871157 0.029467213898897174 0.73000001907348644 0.29887701570987707 457.15705871582037 400.83323669433599 0.16893020272254947 183.03992462158206 0.74000000953674328 552.82000732421886 0.94179758429527294 0.18499988317489627
decision_type=2 2 2 2 2 2 2 2 2 2 2 2 2 2
left_child=-1 6 3 4 -3 -5 7 8 10 -10 -2 -8 13 -4
right_child=1 2 12 5 -6 -7 11 -9 9 -11 -12 -13 -14 -15
leaf_value=0.0030379114626995184 0.0015840884231667067 -0.0024312057460955648 0.0026660514917333324 0.0080761825694935386 0.0052640110016218379 0.001108299584437245 -0.0057676601751643639 0.0060872315368541178 0.0021439249417561246 -0.0099006562649239117 -0.0031021396802145915 -0.00046795401186118979 -0.0049856048373771783 -0.00012048262184954444
leaf_weight=269 667 352 567 219 135 129 294 184 122 163 469 243 128 23174
leaf_count=269 667 352 567 219 135 129 294 184 122 163 469 243 128 23174
internal_value=-6.48532e-05 -9.65032e-05 -4.21598e-06 0.00217452 -0.000266217 0.00554554 -0.00115838 -0.000401523 -0.00126013 -0.00479666 -0.000355747 -0.00339591 -8.08734e-05 -5.33852e-05
internal_weight=27115 26846 24704 835 487 348 2142 1605 1421 285 1136 537 23869 23741
internal_count=27115 26846 24704 835 487 348 2142 1605 1421 285 1136 537 23869 23741
is_linear=0
shrinkage=0.03


Tree=304
num_leaves=15
num_cat=0
split_feature=8 6 17 8 17 17 3 3 16 1 18 21 21 8
split_gain=1.74424 5.50042 7.37874 7.62703 10.2507 6.2759 5.28517 10.4582 7.68174 6.80306 4.77904 8.90198 8.27343 7.02182
threshold=0.26533423364162451 0.21772284060716632 0.4200000017881394 0.31705275177955633 0.48000000417232519 0.5900000035762788 0.059463636949658401 0.067511994391679778 0.13001478463411334 0.00097628889488987635 6.0408840179443368 269.11840820312506 310.13078308105474 0.22137470543384555
decision_type=2 2 2 2 2 2 2 2 2 2 2 2 2 2
left_child=10 2 -2 4 -4 -5 -3 9 -9 -8 11 -1 -13 -14
right_child=1 6 3 5 -6 -7 7 8 -10 -11 -12 12 13 -15
leaf_value=0.0030727453841507928 -0.0001888011204703921 3.4587744714583376e-05 -0.008472901708379792 -0.0017462682148229746 0.00062016861310649595 -0.0074437698550769895 0.010830251032686127 0.0013907898844102303 -0.006460341005364344 0.0023288927578413092 -0.00076908140756383535 -0.0034091056441098284 -0.00044454969825059333 0.0025032232254385916
leaf_weight=1327 3941 13219 126 318 749 390 163 1018 121 178 1959 489 1746 1240
leaf_count=1327 3941 13219 126 318 749 390 163 1018 121 178 1959 489 1746 1240
internal_value=6.13797e-05 -7.81023e-05 -0.000884732 -0.00261126 -0.000729935 -0.00491491 0.000225233 0.00192218 0.000532146 0.00649037 0.000478337 0.000987498 0.000187933 0.000781714
internal_weight=26984 20223 5524 1583 875 708 14699 1480 1139 341 6761 4802 3475 2986
internal_count=26984 20223 5524 1583 875 708 14699 1480 1139 341 6761 4802 3475 2986
is_linear=0
shrinkage=0.03


Tree=305
num_leaves=15
num_cat=0
split_feature=8 18 18 21 1 8 5 5 21 21 5 5 1 21
split_gain=2.49461 10.9749 7.51895 10.8313 6.65029 5.73968 2.65299 7.32533 4.57823 2.77822 2.24975 9.07752 7.39463 8.32328
threshold=0.49637776613235479 5.9762141704559335 5.271644353866578 360.39758300781256 0.014796622563153507 0.46769501268863684 0.45423771440982824 0.39792859554290777 360.39758300781256 191.62087249755862 0.48246838152408605 0.47041484713554388 0.010066657327115537 223.9706726074219
decision_type=2 2 2 2 2 2 2 2 2 2 2 2 2 2
left_child=5 2 3 -2 -4 10 7 -7 9 -8 11 12 -1 -14
right_child=1 -3 4 -5 -6 6 8 -9 -10 -11 -12 -13 13 -15
leaf_value=0.00095755194024222355 0.0091835091932559541 0.0084135032187657288 -0.0061181366480051137 -0.0011278730190568209 0.0022960831028923617 -0.00081050387133708155 -0.001844876669532317 -0.0103679499175027 -0.0058255013511112818 0.0039957494370092255 -0.00011203450326290976 0.0038979934723272869 -0.0030385471163714311 0.00045491791782663771
leaf_weight=4118 146 167 229 231 129 173 146 120 122 138 18293 644 1110 1363
leaf_count=4118 146 167 229 231 129 173 146 120 122 138 18293 644 1110 1363
internal_value=4.49076e-05 0.00159172 -4.64457e-06 0.00293333 -0.00309633 -8.58347e-06 -0.0026808 -0.0048331 -0.00108765 0.0010132 6.50971e-05 0.000512725 0.00017925 -0.00111608
internal_weight=27129 902 735 377 358 26227 699 293 406 284 25528 7235 6591 2473
internal_count=27129 902 735 377 358 26227 699 293 406 284 25528 7235 6591 2473
is_linear=0
shrinkage=0.03


Tree=306
num_leaves=15
num_cat=0
split_feature=16 18 18 6 6 5 3 2 3 8 20 6 3 21
split_gain=2.78414 5.52389 2.86919 2.73218 5.23232 9.63385 4.8289 5.70399 7.85617 6.99726 6.8281 7.16096 6.28301 8.49462
threshold=0.31308285892009741 5.5497493743896493 1.4614191055297854 0.21868701279163363 0.21128669381141665 0.67951688170433056 0.058807525783777244 0.23113653063774112 0.014072624500840904 0.27774322032928472 3.5683000087738042 0.1133195459842682 0.037038749083876617 307.99346923828131
decision_type=2 2 2 2 2 2 2 2 2 2 2 2 2 2
left_child=2 -2 -1 4 6 -6 7 10 9 -9 11 -4 -12 -14
right_child=1 -3 3 -5 5 -7 -8 8 -10 -11 12 -13 13 -15
leaf_value=0.0034953837071650851 -0.00095329246958656029 0.0074864927484569223 -0.0090154560848557056 0.0002255343802241031 -0.00073319886227568814 -0.0082945621811086317 -0.0025750452197431778 -0.0021294702227231547 0.0031798274522381168 -0.011095117528851214 0.00012338967350871636 0.0004817141468898474 0.0087659224104340919 0.00070255179305369145
leaf_weight=207 146 127 141 16687 564 203 707 205 121 125 7167 139 177 335
leaf_count=207 146 127 141 16687 564 203 707 205 121 125 7167 139 177 335
internal_value=5.01719e-05 0.00303694 1.91607e-05 -8.57318e-06 -0.000403727 -0.00277521 -0.000202807 -1.96902e-06 -0.00326512 -0.00564046 0.000184873 -0.00437505 0.00035388 0.0035479
internal_weight=27051 273 26778 26571 9884 767 9117 8410 451 330 7959 280 7679 512
internal_count=27051 273 26778 26571 9884 767 9117 8410 451 330 7959 280 7679 512
is_linear=0
shrinkage=0.03


Tree=307
num_leaves=15
num_cat=0
split_feature=5 5 6 8 21 21 21 1 18 7 1 5 16 17
split_gain=2.88959 11.3006 9.71148 6.94076 6.7804 8.72093 7.08116 7.17386 6.42381 8.29922 7.82605 13.9862 10.0261 6.8651
threshold=0.48406071960926061 0.47041484713554388 0.5182480812072755 0.39827260375022894 209.05830383300784 116.33167266845705 86.340412139892592 0.0006513139232993127 6.2497580051422128 0.050175750628113754 0.037955403327941901 0.58042725920677196 0.038749065250158317 0.75999999046325695
decision_type=2 2 2 2 2 2 2 2 2 2 2 2 2 2
left_child=1 3 8 -1 5 6 7 -5 13 10 12 -12 -10 -2
right_child=2 -3 -4 4 -6 -7 -8 -9 9 -11 11 -13 -14 -15
leaf_value=0.00082156590258006766 -0.00020150549720289386 0.0039241013612969682 0.0069333904585368658 0.0013344998497362296 0.00016900128566988608 -0.0064355470603914 0.0050647180228915109 -0.006969308630051854 -0.0025795544833164194 0.00061685434240631675 -0.0061604699188665974 0.0071710921859549775 -0.0092097739975535026 0.0015993313357492143
leaf_weight=5047 14255 811 170 189 1361 403 141 178 828 874 121 157 271 2194
leaf_count=5047 14255 811 170 189 1361 403 141 178 828 874 121 157 271 2194
internal_value=0.000102743 0.000575382 -0.000100988 0.000201893 -0.00117343 -0.00316894 -0.000540042 -0.0027325 -0.000166773 -0.00166798 -0.00311517 0.00136218 -0.00424879 3.91067e-05
internal_weight=27000 8130 18870 7319 2272 911 508 367 18700 2251 1377 278 1099 16449
internal_count=27000 8130 18870 7319 2272 911 508 367 18700 2251 1377 278 1099 16449
is_linear=0
shrinkage=0.03


Tree=308
num_leaves=15
num_cat=0
split_feature=18 0 6 0 18 5 6 5 6 12 18 0 16 6
split_gain=3.03366 8.13602 7.71604 6.49541 14.9379 5.34271 5.83755 4.96873 4.89945 5.20586 4.79687 14.4986 10.2911 9.36061
threshold=5.4159700870513925 5.4383566379547128 0.60633164644241344 0.072595290839672103 5.9235315322875985 0.14891314506530764 0.5182480812072755 0.41107003390789038 0.36047467589378362 1.0000000180025095e-35 5.6303110122680673 3.3172373771667485 0.057256257161498077 0.32154963910579687
decision_type=2 2 2 2 2 2 2 2 2 2 2 2 2 2
left_child=1 5 3 4 -2 -1 7 -7 9 -9 11 12 -5 -14
right_child=2 -3 -4 10 -6 6 -8 8 -10 -11 -12 -13 13 -15
leaf_value=-0.0039124074617922985 0.0098895704681247788 -0.0070151791141431471 0.004425462675205028 0.0027178236980499836 -0.0010750835613174139 0.0024037797864067522 -0.0054494245409538655 0.00067510876929310697 -0.0022972912837907946 -0.0044952907704607732 -0.00024495866393897024 -0.0039254791741848739 -0.00548484565137187 0.0031940113662911407
leaf_weight=242 175 128 302 786 293 1251 139 8528 567 174 12759 1277 347 160
leaf_count=242 175 128 302 786 293 1251 139 8528 567 174 12759 1277 347 160
internal_value=-2.27607e-05 0.000360435 -0.000285308 -0.000376739 0.00308615 0.000450216 0.000551053 0.000632888 0.00039271 0.000569202 -0.000483434 -0.00166459 0.000574842 -0.00274151
internal_weight=27128 11029 16099 15797 468 10901 10659 10520 9269 8702 15329 2570 1293 507
internal_count=27128 11029 16099 15797 468 10901 10659 10520 9269 8702 15329 2570 1293 507
is_linear=0
shrinkage=0.03


Tree=309
num_leaves=15
num_cat=0
split_feature=5 7 8 8 17 5 7 5 21 3 7 1 5 1
split_gain=3.26798 3.28138 3.71616 9.31114 4.00648 2.47063 6.23018 4.03001 3.85746 5.49214 2.35827 3.38388 2.27511 1.96435
threshold=0.25364980101585394 0.066171247512102141 0.16177343577146533 0.26667368412017828 0.50999999046325695 0.29190194606781011 0.066171247512102141 0.34122018516063696 80.004573822021499 0.037780353799462325 0.083679791539907469 0.012588026933372022 0.1806953623890877 0.085123870521783843
decision_type=2 2 2 2 2 2 2 2 2 2 2 2 2 2
left_child=1 2 4 -4 -1 6 -2 8 -7 10 11 -10 -5 -9
right_child=5 -3 3 12 -6 7 -8 13 9 -11 -12 -13 -14 -15
leaf_value=-0.0036744212005542956 0.0053953676410939226 0.0012643121239576955 -0.011084461784818105 0.0016155781426156559 0.00208314202657142 -0.006551618495276708 -0.0020336408974518153 -1.3996333685943634e-05 -0.0014286689479826545 0.0043679863129893123 0.00036915765874172475 -0.0074742719928336723 -0.003817419447542097 0.001543087032722666
leaf_weight=200 238 258 130 121 227 141 171 24033 207 126 171 138 151 747
leaf_count=200 238 258 130 121 227 141 171 24033 207 126 171 138 151 747
internal_value=-6.4283e-05 -0.00167199 -0.00258792 -0.0046397 -0.000624925 3.3127e-06 0.0023023 -3.39135e-05 -0.00214601 -0.00113527 -0.00250811 -0.00391914 -0.001415 3.32442e-05
internal_weight=27059 1087 829 402 427 25972 409 25563 783 642 516 345 272 24780
internal_count=27059 1087 829 402 427 25972 409 25563 783 642 516 345 272 24780
is_linear=0
shrinkage=0.03


Tree=310
num_leaves=15
num_cat=0
split_feature=7 1 1 0 21 0 1 1 1 7 17 3 21 6
split_gain=4.03785 6.62596 4.62215 5.02246 4.47817 5.64267 4.32572 7.29193 5.92851 13.4156 5.4945 5.89868 7.59159 10.7351
threshold=0.049664070829749114 0.064808338880538954 0.085123870521783843 3.1854169368743901 587.50012207031261 3.7220047712326054 0.03913389518857003 0.037043061107397086 0.044636337086558349 0.076956551522016539 0.080000001937150969 0.034485526382923133 183.03992462158206 0.18447522073984149
decision_type=2 2 2 2 2 2 2 2 2 2 2 2 2 2
left_child=4 6 3 -3 -1 -6 7 10 9 -8 -2 12 13 -12
right_child=1 2 -4 -5 5 -7 8 -9 -10 -11 11 -13 -14 -15
leaf_value=-0.00039798800185912461 -0.0015838237509544384 5.9671486057341096e-05 0.0005639378164961124 -0.0075436436460586259 0.0032710029403411763 -0.0032810234413104683 0.013235871679113748 -0.0061324912345419261 0.00094190120303426831 0.0012050439762936989 0.0069265078260563311 0.0023120363827072153 0.0011098974678147922 -0.0013291076949968048
leaf_weight=14236 1011 120 234 219 596 143 125 146 877 236 145 1738 4642 2594
leaf_count=14236 1011 120 234 219 596 143 125 146 877 236 145 1738 4642 2594
internal_value=4.96494e-05 0.000457437 -0.0026774 -0.00489046 -0.000279537 0.00198963 0.000614538 0.000412122 0.00228627 0.00549475 0.000509426 0.00074224 0.000371286 -0.000880239
internal_weight=27062 12087 573 339 14975 739 11514 10276 1238 361 10130 9119 7381 2739
internal_count=27062 12087 573 339 14975 739 11514 10276 1238 361 10130 9119 7381 2739
is_linear=0
shrinkage=0.03


Tree=311
num_leaves=15
num_cat=0
split_feature=5 4 21 8 16 16 6 8 0 0 8 17 17 8
split_gain=2.64892 4.23215 3.69991 3.50593 3.47453 5.4692 5.82251 5.49454 11.7248 6.5039 4.82088 3.83657 5.26274 4.75286
threshold=0.71295815706253063 0.12133843079209329 679.47171020507824 0.28325396776199346 0.18754555284976962 0.1036578342318535 0.18935281038284305 0.25752334296703344 2.6994273662567143 1.5866391062736513 0.32530401647090917 0.68000000715255748 0.57999998331069957 0.30755393207073217
decision_type=2 2 2 2 2 2 2 2 2 2 2 2 2 2
left_child=1 2 -1 -3 5 7 -7 9 10 -2 -9 12 -10 -13
right_child=4 3 -4 -5 -6 6 -8 8 11 -11 -12 13 -14 -15
leaf_value=-0.00011062971444794169 0.0068040295484780257 -0.0065454694841748581 0.0040499068173737692 -0.00048735651977198277 -0.0027420237343286787 0.00015570245896387531 0.006266999100285703 -0.0088553503942024447 0.00066315903516825185 0.00093716403992822087 -0.0011631221737756969 -0.0063013461045920843 0.0071043127782670036 0.00076090718073828611
leaf_weight=22900 203 162 189 179 232 244 326 188 693 945 121 135 132 219
leaf_count=22900 203 162 189 179 232 244 326 188 693 945 121 135 132 219
internal_value=-1.09193e-05 -0.000125072 -7.57033e-05 -0.0034184 0.000766084 0.00102382 0.00367504 0.000444657 -0.000757673 0.0019996 -0.00590967 0.00061185 0.00173033 -0.00198258
internal_weight=26868 23430 23089 341 3438 3206 570 2636 1488 1148 309 1179 825 354
internal_count=26868 23430 23089 341 3438 3206 570 2636 1488 1148 309 1179 825 354
is_linear=0
shrinkage=0.03


Tree=312
num_leaves=15
num_cat=0
split_feature=18 7 0 17 8 3 7 1 3 7 6 8 1 8
split_gain=2.86604 6.00151 7.11721 7.0494 8.73556 7.28586 7.74407 8.68314 7.79244 7.00575 6.15136 16.0744 6.02106 7.78681
threshold=5.653017759323121 0.042656600475311286 3.7804321050643925 0.31000000238418585 0.20748110860586169 0.025978391990065578 0.014460460748523475 0.031935358420014388 0.049443742260336883 0.0092633198946714419 0.19146235287189486 0.21657690405845645 0.016059792600572113 0.26144546270370489
decision_type=2 2 2 2 2 2 2 2 2 2 2 2 2 2
left_child=1 2 3 4 -1 9 -7 8 -8 -6 11 -5 13 -3
right_child=-2 12 -4 10 5 6 7 -9 -10 -11 -12 -13 -14 -15
leaf_value=-0.0021047411499364684 0.00033164335248623362 0.0027707397985909628 -0.002667217964204886 0.00047718985796506915 -0.0021955163465018439 0.0049939401400834315 -0.0054652913131268462 -0.0093967352066265074 0.0045129922374055305 0.0031989327983336651 -0.00055967441574986359 -0.0087009407015165036 0.0015358160523152426 -0.00073903011664085724
leaf_weight=837 12967 648 1618 345 250 120 132 142 140 1482 1283 336 2398 4415
leaf_count=837 12967 648 1618 345 250 120 132 142 140 1482 1283 336 2398 4415
internal_value=9.55047e-06 -0.00028571 -0.000938181 -0.000383979 0.000506218 0.00147315 -0.00157966 -0.00352191 -0.000340654 0.00241621 -0.00178815 -0.00408164 0.000299136 -0.000287534
internal_weight=27113 14146 6685 5067 3103 2266 534 414 272 1732 1964 681 7461 5063
internal_count=27113 14146 6685 5067 3103 2266 534 414 272 1732 1964 681 7461 5063
is_linear=0
shrinkage=0.03


Tree=313
num_leaves=15
num_cat=0
split_feature=4 18 7 20 6 18 21 0 0 21 6 3 3 7
split_gain=2.70294 2.44535 3.4733 2.67887 6.35765 8.73402 6.58528 6.57578 2.2574 6.48877 4.89584 4.86503 5.31657 5.6487
threshold=0.16621556133031848 2.1100602149963383 0.14215169101953509 5.5781002044677743 0.06970407068729402 6.0090038776397714 365.30070495605474 3.0974687337875371 4.5351233482360849 462.67431640625006 0.19603664427995685 0.060067437589168556 0.033343337476253516 0.036437068134546287
decision_type=2 2 2 2 2 2 2 2 2 2 2 2 2 2
left_child=1 2 -1 4 -3 6 -6 -8 -5 10 -10 12 13 -12
right_child=-2 3 -4 8 5 -7 7 -9 9 -11 11 -13 -14 -15
leaf_value=-5.7687593668580372e-05 -0.0036511797506740703 -0.0070490354114280656 0.0063538406559337781 -7.8079988850185189e-05 0.0054108588116864361 -0.0060820067867861831 0.0037816951818088998 -0.005324828370047655 0.0068755309046564256 -0.0034001157043821876 0.0045739708495481559 0.005429234261948206 -0.0036599741403724215 -0.00091659210890863237
leaf_weight=183 182 158 125 24217 220 177 120 162 156 235 310 200 223 360
leaf_count=183 182 158 125 24217 220 177 120 162 156 235 310 200 223 360
internal_value=-5.69002e-05 -3.18577e-05 0.00260433 -6.29381e-05 -0.00172804 -0.000447392 0.0015797 -0.00145134 -8.38548e-06 0.00112538 0.00198702 0.00126117 0.00030264 0.00163888
internal_weight=27028 26846 308 26538 837 679 502 282 25701 1484 1249 1093 893 670
internal_count=27028 26846 308 26538 837 679 502 282 25701 1484 1249 1093 893 670
is_linear=0
shrinkage=0.03


Tree=314
num_leaves=15
num_cat=0
split_feature=7 21 18 6 0 16 18 7 21 20 20 0 16 16
split_gain=3.14645 3.98728 17.2633 5.60098 5.57278 7.45277 5.56228 5.36626 5.16533 6.24901 5.56998 5.07632 7.85934 5.22839
threshold=0.12285907939076425 569.15255737304699 4.5415291786193857 0.20392791181802752 4.0389919281005868 0.010358266066759826 4.5415291786193857 0.047041082754731185 305.69099426269537 54.123100280761726 2.6129750013351445 4.4024550914764413 0.071268089115619673 1.0000000180025095e-35
decision_type=2 2 2 2 2 2 2 2 2 2 2 2 2 2
left_child=1 6 4 -4 5 7 8 -3 9 -1 -10 -8 13 -13
right_child=-2 2 3 -5 -6 -7 11 -9 10 -11 -12 12 -14 -15
leaf_value=0.0056242727081541122 0.00070778503450380395 0.0069858898306653519 -0.00035404165239848255 -0.0088021157493090446 -0.0028483100326377009 -0.00012462827933314662 -0.00019787417979564564 0.00060029731762795884 -0.008094361200511678 -0.0031333116578031333 -0.0017440740104573743 0.0016715475934402917 0.0069632008100505649 -0.003144851558421838
leaf_weight=174 5136 535 126 157 121 293 16755 153 129 120 1834 1038 208 247
leaf_count=174 5136 535 126 157 121 293 16755 153 129 120 1834 1038 208 247
internal_value=3.98949e-05 -0.000116936 0.00143804 -0.00511223 0.00313568 0.00388447 -0.000222292 0.00558041 -0.00162552 0.00205713 -0.00218089 -4.83366e-05 0.00162489 0.000737148
internal_weight=27026 21890 1385 283 1102 981 20505 688 2257 294 1963 18248 1493 1285
internal_count=27026 21890 1385 283 1102 981 20505 688 2257 294 1963 18248 1493 1285
is_linear=0
shrinkage=0.03


Tree=315
num_leaves=15
num_cat=0
split_feature=7 18 6 5 1 21 18 7 18 0 21 4 5 3
split_gain=3.3651 5.62154 6.51613 15.0733 6.94899 6.20641 11.3626 5.8916 5.81781 5.75495 9.75564 5.54866 5.61526 8.38769
threshold=0.027159144170582298 3.5102863311767583 0.34257782995700842 0.47764341533184057 0.076198324561119093 303.62409973144537 6.0966689586639413 0.012993462383747103 5.3160977363586435 3.5416806936264043 323.41146850585943 0.096789982169866576 0.75867497920990001 0.038781579583883292
decision_type=2 2 2 2 2 2 2 2 2 2 2 2 2 2
left_child=1 7 4 9 -3 6 -5 -1 -6 10 -4 12 -2 -14
right_child=11 2 3 5 8 -7 -8 -9 -10 -11 -12 -13 13 -15
leaf_value=0.00035967639045471822 -0.00051561955043341341 -0.00035356329965332872 0.0038951282838871702 0.011897345922055241 -0.0016192628840242859 0.00059537179432577966 0.0021047913846115218 0.0070949726705332164 0.0058870159240439531 -0.0041803190924648969 -0.0048438728860500883 0.0025755485691557538 0.0028580325094720396 -0.0030302812463882476
leaf_weight=241 16417 6551 370 239 132 156 194 223 295 260 161 591 981 275
leaf_count=241 16417 6551 370 239 132 156 194 223 295 260 161 591 981 275
internal_value=-3.92762e-05 0.000441702 0.000262199 0.00214185 -0.000110797 0.00575364 0.00758403 0.00363781 0.00357469 -0.000566827 0.00122498 -0.000271659 -0.000367573 0.00156189
internal_weight=27086 8822 8358 1380 6978 589 433 464 427 791 531 18264 17673 1256
internal_count=27086 8822 8358 1380 6978 589 433 464 427 791 531 18264 17673 1256
is_linear=0
shrinkage=0.03


Tree=316
num_leaves=15
num_cat=0
split_feature=7 7 0 5 6 1 1 8 18 18 18 0 0 8
split_gain=3.05056 6.76961 10.2888 7.6647 7.48821 6.0093 5.96772 5.66337 5.04258 6.19593 5.96138 7.76961 7.22011 6.30291
threshold=0.030053545720875267 0.050696983933448798 1.6446080803871157 0.48110614717006689 0.20514801144599917 0.064808338880538954 0.085123870521783843 0.18499988317489627 6.4794530868530282 6.3776166439056405 5.4896833896636972 4.9063875675201425 4.4472219944000253 0.33284148573875433
decision_type=2 2 2 2 2 2 2 2 2 2 2 2 2 2
left_child=8 2 -2 4 -4 7 -7 -3 9 10 11 -1 13 -12
right_child=1 5 3 -5 -6 6 -8 -9 -10 -11 12 -13 -14 -15
leaf_value=-4.9046135511413767e-05 0.0057332942428497168 0.0063998761606801832 0.007645955714005977 -0.00197878741416266 -6.028792782442518e-05 -0.0053072333555766295 0.0010370825292609098 0.0003276685903207996 0.0052680318834978689 -0.0034046017508623911 0.0017255376896101744 -0.0076449582687020297 0.005460755665713253 -0.00058631847139085274
leaf_weight=3983 190 135 120 3797 1231 331 219 11113 192 362 3163 120 338 1593
leaf_count=3983 190 135 120 3797 1231 331 219 11113 192 362 3163 120 338 1593
internal_value=9.31003e-05 -0.000147952 -0.0010339 -0.00128898 0.000649874 0.000253163 -0.00279446 0.000403359 0.000516575 0.000418434 0.000570679 -0.000280238 0.00125566 0.00095139
internal_weight=26887 17136 5338 5148 1351 11798 550 11248 9751 9559 9197 4103 5094 4756
internal_count=26887 17136 5338 5148 1351 11798 550 11248 9751 9559 9197 4103 5094 4756
is_linear=0
shrinkage=0.03


Tree=317
num_leaves=15
num_cat=0
split_feature=1 1 4 18 3 1 18 7 18 7 17 21 21 18
split_gain=2.37525 4.77902 8.16629 4.42571 4.07253 3.66805 6.56347 6.22709 8.01699 8.18558 8.68091 6.085 4.79498 4.7169
threshold=0.041291711851954467 0.037043061107397086 0.014984435401856901 5.9636435508728036 0.010419116821140053 0.049233369529247291 6.1939525604248056 0.026064380072057251 4.7650046348571786 0.017793091014027599 0.40999999642372137 273.49301147460943 537.86889648437511 5.7680428028106698
decision_type=2 2 2 2 2 2 2 2 2 2 2 2 2 2
left_child=1 -1 3 4 -3 6 -2 8 -7 10 -10 -11 -9 -12
right_child=5 2 -4 -5 -6 7 -8 12 9 11 13 -13 -14 -15
leaf_value=3.1018661653516861e-05 0.0010939763153225144 -0.0034193252927387516 0.0030379952241200952 -0.00032539056268904136 -0.010067819631472229 -0.0032066206324845551 0.0070500607525695843 -0.0012004945418619918 0.006386401471755807 0.0098333902615672531 -0.0062300108932703728 0.001890530729146263 0.0039871923998530427 0.00061087961744953382
leaf_weight=21941 883 204 175 165 145 220 201 1927 184 213 120 149 170 328
leaf_count=21941 883 204 175 165 145 220 201 1927 184 213 120 149 170 328
internal_value=7.74934e-05 -4.65012e-05 -0.00249753 -0.00439331 -0.00628478 0.000715273 0.00222568 0.000218165 0.00192373 0.00306959 0.000991682 0.00663439 -0.000771454 -0.00127004
internal_weight=27025 22630 689 514 349 4395 1084 3311 1214 994 632 362 2097 448
internal_count=27025 22630 689 514 349 4395 1084 3311 1214 994 632 362 2097 448
is_linear=0
shrinkage=0.03


Tree=318
num_leaves=15
num_cat=0
split_feature=6 21 12 6 21 6 21 0 6 1 6 0 6 0
split_gain=4.94932 10.5484 9.11665 7.13342 8.40531 6.63763 7.42466 6.41525 5.77565 6.3315 6.25574 5.76408 7.747 5.2728
threshold=0.21772284060716632 17.032124519348148 1.0000000180025095e-35 0.2271310240030289 146.50462341308597 0.1830420717597008 365.30070495605474 3.9217450618743901 0.19047291576862338 0.061375809833407409 0.21128669381141665 3.9807316064834599 0.17744814604520801 4.2602562904357919
decision_type=2 2 2 2 2 2 2 2 2 2 2 2 2 2
left_child=1 -1 5 4 -2 11 8 -6 -7 10 -10 12 -3 -13
right_child=3 2 -4 -5 7 6 -8 -9 9 -11 -12 13 -14 -15
leaf_value=-0.0076697160444793196 0.007534363246182116 -0.00038179177507008605 -0.0082901398812166675 9.5193509240965201e-05 0.0025841580353520976 -0.0062163010913968844 0.00033355840826825028 -0.0041743869925374849 -0.0012153505308986144 0.0044173275385023525 -0.005729329317642101 0.0054917761502123446 0.0044132131871028827 0.00029549852235189557
leaf_weight=181 241 5789 127 16112 573 341 1176 157 980 126 382 326 315 376
leaf_count=181 241 5789 127 16112 573 341 1176 157 980 126 382 326 315 376
internal_value=-6.53473e-05 -0.00059097 -0.000458254 0.000246084 0.00273652 -0.000352702 -0.00152578 0.0011121 -0.00271894 -0.00189933 -0.00249771 0.00016598 -0.000130934 0.00273036
internal_weight=27202 10119 9938 17083 971 9811 3005 730 1829 1488 1362 6806 6104 702
internal_count=27202 10119 9938 17083 971 9811 3005 730 1829 1488 1362 6806 6104 702
is_linear=0
shrinkage=0.03


Tree=319
num_leaves=15
num_cat=0
split_feature=18 21 21 8 0 4 3 8 0 8 1 1 7 8
split_gain=3.48602 11.6795 15.4599 9.27987 4.99391 6.02708 4.62784 7.15644 6.51602 4.54042 4.44983 4.69777 3.99438 4.38787
threshold=4.0490739345550546 468.40444946289068 578.26361083984386 0.38694128394126898 3.4076119661331181 0.0028920134063810114 0.022192756645381454 0.36568154394626623 3.4395915269851689 0.3320628702640534 0.0006513139232993127 0.025610670447349552 0.034127505496144302 0.31782813370227819
decision_type=2 2 2 2 2 2 2 2 2 2 2 2 2 2
left_child=1 3 6 4 5 -1 8 -8 -3 -10 12 -12 -4 -14
right_child=-2 2 10 -5 -6 -7 7 -9 9 -11 11 -13 13 -15
leaf_value=-0.0056345029786174835 -1.0984473394679197e-05 -0.0059886731583633857 0.0048862700330397279 0.006240846904121378 0.0029960420763055825 0.0026008665577198068 -0.0039869572824664679 -0.013682047406020831 -0.0037909795609806706 0.0040785537079791531 -0.0069155198225582179 0.00018088654372246658 0.0037574813776773902 -0.0026443390729255041
leaf_weight=218 24297 419 228 278 227 121 162 122 129 125 127 230 156 235
leaf_count=218 24297 419 228 278 227 121 162 122 129 125 127 230 156 235
internal_value=-0.000126165 -0.0011321 -0.00241586 0.00180501 -0.000409288 -0.00269996 -0.00511478 -0.00831641 -0.00371236 8.57943e-05 0.000243093 -0.00240425 0.00177695 -7.49669e-05
internal_weight=27074 2777 1933 844 566 339 957 284 673 254 976 357 619 391
internal_count=27074 2777 1933 844 566 339 957 284 673 254 976 357 619 391
is_linear=0
shrinkage=0.03


Tree=320
num_leaves=15
num_cat=0
split_feature=6 13 6 21 5 1 6 5 5 6 4 6 20 21
split_gain=3.08778 6.94716 8.95179 6.30308 6.36069 6.5714 6.588 10.3339 5.95746 5.64483 5.15981 9.306 4.85864 8.25945
threshold=0.21772284060716632 1.0000000180025095e-35 0.1830420717597008 353.24020385742193 0.7822965979576112 0.061375809833407409 0.21023644506931308 0.69708293676376354 0.6293204426765443 0.2271310240030289 0.0049672788009047517 0.06970407068729402 115.1608009338379 350.95100402832037
decision_type=2 2 2 2 2 2 2 2 2 2 2 2 2 2
left_child=1 2 12 4 5 6 7 -4 -8 -2 11 -3 13 -1
right_child=9 10 3 -5 -6 -7 8 -9 -10 -11 -12 -13 -14 -15
leaf_value=0.0039486995897081443 0.002479178159397276 -0.012283114878122102 -0.0028430522611749098 6.1081918263114046e-05 -0.0075364523888988922 0.0043799376214022625 -0.0027454119975618974 0.00463981593115866 -0.010189230320536913 0.00010578181983351399 0.0008956911753003413 -0.001555722641672841 -0.00049073052468575045 0.00036999550962043046
leaf_weight=732 951 127 840 1198 215 126 237 202 165 15945 125 166 3195 2738
leaf_count=732 951 127 840 1198 215 126 237 202 165 15945 125 166 3195 2738
internal_value=-7.71892e-06 -0.00042354 -0.000258418 -0.00162291 -0.00275014 -0.00207284 -0.00264907 -0.00137721 -0.00588835 0.000240064 -0.00418667 -0.00633356 0.000353036 0.00112952
internal_weight=26962 10066 9648 2983 1785 1570 1444 1042 402 16896 418 293 6665 3470
internal_count=26962 10066 9648 2983 1785 1570 1444 1042 402 16896 418 293 6665 3470
is_linear=0
shrinkage=0.03


Tree=321
num_leaves=15
num_cat=0
split_feature=1 0 1 5 5 0 5 5 18 3 0 3 18 6
split_gain=3.73611 5.10563 5.58756 5.86382 8.3415 6.67439 2.64549 2.60426 9.23589 7.35384 9.53836 4.84947 3.35483 7.93542
threshold=0.076955307275056853 1.6446080803871157 0.10532209649682046 0.51284247636795055 0.60160642862319957 3.2608754634857182 0.5085570514202119 0.7332906723022462 4.0828621387481698 0.043479416519403465 3.685903906822205 0.072676029056310668 6.2436668872833261 0.30748957395553594
decision_type=2 2 2 2 2 2 2 2 2 2 2 2 2 2
left_child=7 -2 3 5 -5 -3 -4 -1 -9 12 11 -11 13 -10
right_child=1 2 6 4 -6 -7 -8 8 9 10 -12 -13 -14 -15
leaf_value=-0.00012753801813093833 0.0070281077600963466 -0.0060339070753905721 0.0010130207993835211 0.009610898092326672 0.00097550772443538963 0.0029500192743726074 -0.0046584867403648275 -0.0060945219174895126 0.0010694936762098222 -0.009026639998259563 0.0036106713491137845 -0.0012131537786348068 0.0053954366307173455 0.0087751280345165963
leaf_weight=23335 138 122 120 174 233 175 182 156 1645 150 162 136 240 125
leaf_count=23335 138 122 120 174 233 175 182 156 1645 150 162 136 240 125
internal_value=4.72317e-05 0.00172126 0.000962126 0.00242203 0.00473913 -0.000779148 -0.00242511 -2.68877e-05 0.000870139 0.00132363 -0.0021351 -0.00539582 0.00209792 0.00163686
internal_weight=27093 1144 1006 704 407 297 302 25949 2614 2458 448 286 2010 1770
internal_count=27093 1144 1006 704 407 297 302 25949 2614 2458 448 286 2010 1770
is_linear=0
shrinkage=0.03


Tree=322
num_leaves=15
num_cat=0
split_feature=0 0 18 17 21 17 17 21 5 5 0 0 6 7
split_gain=3.35647 5.86338 3.88081 7.74757 4.93211 7.67382 2.41466 8.22098 5.09291 10.5926 6.72497 5.52122 5.65915 7.1697
threshold=0.099503494799137129 0.11211621761322023 6.1091637611389169 0.60000002384185802 321.23406982421881 0.34999999403953558 0.29999999701976782 474.03674316406256 0.4082628339529038 0.3802070170640946 5.0956835746765146 2.3906528949737553 0.33831037580966955 0.037056967616081245
decision_type=2 2 2 2 2 2 2 2 2 2 2 2 2 2
left_child=2 -2 3 4 -1 -6 8 -8 9 11 -10 -3 13 -13
right_child=1 6 -4 -5 5 -7 7 -9 10 -11 -12 12 -14 -15
leaf_value=-0.0037588140692045215 -0.0049448120378973804 -0.0049596236465471004 -0.0013080835627581717 0.008828972582161039 0.00029438115716369056 0.0090609170734416693 -0.00015831211202804081 -0.0072580741875414804 0.00026228352570438544 0.0076382808157066809 -0.0066529395650032647 -0.0014038404469192028 -0.0018011576379751012 0.007778073323504409
leaf_weight=132 215 129 276 149 321 120 17927 143 6711 255 124 120 224 200
leaf_count=132 215 129 276 149 321 120 17927 143 6711 255 124 120 224 200
internal_value=-2.36592e-06 -6.79275e-05 0.00170061 0.00285184 0.00123465 0.00275467 -2.63897e-05 -0.00021649 0.000415962 0.00249509 0.000132057 0.000504381 0.00183344 0.00436623
internal_weight=27046 26048 998 722 573 441 25833 18070 7763 928 6835 673 544 320
internal_count=27046 26048 998 722 573 441 25833 18070 7763 928 6835 673 544 320
is_linear=0
shrinkage=0.03


Tree=323
num_leaves=15
num_cat=0
split_feature=8 5 18 8 21 3 17 16 3 8 9 0 21 8
split_gain=2.10667 9.6811 5.6161 5.31155 5.93369 6.19696 4.8686 4.27408 3.78743 4.08249 2.58056 9.23806 6.5345 3.34608
threshold=0.49062798917293554 0.60465541481971752 5.9828157424926767 0.46769501268863684 275.53802490234381 0.001214211340993643 0.65999999642372142 0.059425417333841331 0.032259574159979827 0.53229260444641124 1.0000000180025095e-35 3.6687867641448979 75.46802139282228 0.27581964433193212
decision_type=2 2 2 2 2 2 2 2 2 2 2 2 2 2
left_child=3 2 7 10 6 -6 -5 8 9 -2 -1 12 -12 -14
right_child=1 -3 -4 4 5 -7 -8 -9 -10 -11 11 -13 13 -15
leaf_value=8.0557092187404935e-05 0.0053333918991010174 0.0090306242736229708 0.0050151718894895867 0.0044799118994856037 -0.0015731507802909045 -0.01043991033745771 -0.0031133262373157135 -0.0043197552653742978 -0.0036669610813987673 -0.0015119364811107517 -0.0086351138812821963 0.0045576112177814279 0.0025591753407801228 -0.002595678191877053
leaf_weight=24456 180 124 168 126 147 136 176 229 123 133 138 184 137 568
leaf_count=24456 180 124 168 126 147 136 176 229 123 133 138 184 137 568
internal_value=4.28322e-06 0.00138296 0.000197448 -4.6586e-05 -0.00286066 -0.00594148 7.60795e-05 -0.00104801 0.000699908 0.00244664 1.85638e-05 -0.00145092 -0.00278154 -0.00158299
internal_weight=27025 957 833 26068 585 283 302 665 436 313 25483 1027 843 705
internal_count=27025 957 833 26068 585 283 302 665 436 313 25483 1027 843 705
is_linear=0
shrinkage=0.03


Tree=324
num_leaves=15
num_cat=0
split_feature=7 6 3 1 0 18 0 18 1 0 7 7 17 16
split_gain=3.02242 7.04832 4.91122 6.68776 5.92601 5.29053 5.56129 8.74468 10.7223 7.62307 6.06805 6.03863 8.6343 5.90676
threshold=0.074851002544164671 0.34395013749599462 0.069773353636264815 0.046601841226220138 4.0539760589599618 5.0075693130493173 2.6596298217773442 5.5825638771057138 0.021660801023244861 3.658551931381226 0.026365309022367004 0.022702814079821113 0.37000000476837164 0.073572967201471343
decision_type=2 2 2 2 2 2 2 2 2 2 2 2 2 2
left_child=1 2 5 4 -4 -1 -7 8 -8 -9 -11 12 -10 -13
right_child=-2 -3 3 -5 -6 6 7 9 11 10 -12 13 -14 -15
leaf_value=0.00066740349167019588 0.00053885151206860759 0.0011643490821738082 -0.0026844402324323626 -0.0074003140122951344 0.0028293423330364356 0.00042098865735264342 -0.0042437768109053345 -0.0013719756569831639 -0.0010830825003881029 0.0030176081812253444 -0.00028025864672786345 -0.0033774799922885734 0.0093472134742106118 0.0040194110913807524
leaf_weight=4004 8367 3075 666 189 233 3233 1393 2921 158 812 1301 437 124 120
leaf_count=4004 8367 3075 666 189 233 3233 1393 2921 158 812 1301 437 124 120
internal_value=6.52304e-05 -0.000147157 -0.000406114 -0.00234541 -0.00124765 -0.000259872 -0.000613656 -0.00107399 -0.00263477 -0.000380042 0.000991203 4.60051e-05 0.00358623 -0.00176231
internal_weight=27033 18666 15591 1088 899 14503 10499 7266 2232 5034 2113 839 282 557
internal_count=27033 18666 15591 1088 899 14503 10499 7266 2232 5034 2113 839 282 557
is_linear=0
shrinkage=0.03


Tree=325
num_leaves=15
num_cat=0
split_feature=21 18 0 18 1 21 1 6 1 7 1 1 17 6
split_gain=3.25033 4.89727 5.90764 3.15884 2.6118 3.49514 2.62887 4.02264 3.47317 8.23981 6.49679 4.12222 2.45011 2.48799
threshold=10.142099857330324 6.1582429409027108 3.7220047712326054 6.3863914012908944 0.10532209649682046 258.39614868164068 0.087196391075849547 0.27478377521038061 0.058814218267798431 0.029761935584247116 0.076955307275056853 0.075028147548437132 0.62999999523162853 0.24982403218746188
decision_type=2 2 2 2 2 2 2 2 2 2 2 2 2 2
left_child=1 -1 3 -3 6 -6 8 -8 -2 10 12 -11 13 -10
right_child=4 2 -4 -5 5 -7 7 -9 9 11 -12 -13 -14 -15
leaf_value=-0.0074909448151343639 0.00013143316510885535 0.0055481588760656966 -0.0051060437542352682 -0.0011198085432889374 -0.0053387367679301563 0.0003111933939538508 0.0053294679882895683 -0.0012451858120364741 0.00030348098021931946 -0.001897383509656927 0.0063585892584576394 -0.0064602299718547005 0.0023289274036817783 -0.0052480440379183433
leaf_weight=121 24345 121 161 127 183 206 202 138 159 627 162 248 163 128
leaf_count=121 24345 121 161 127 183 206 202 138 159 627 162 248 163 128
internal_value=-3.00241e-06 -0.00231815 -0.000715821 0.00217887 4.36218e-05 -0.00238076 8.01038e-05 0.00268156 4.53512e-05 -0.00135969 0.00130458 -0.00321998 -0.000564745 -0.00221993
internal_weight=27091 530 409 248 26561 389 26172 340 25832 1487 612 875 450 287
internal_count=27091 530 409 248 26561 389 26172 340 25832 1487 612 875 450 287
is_linear=0
shrinkage=0.03


Tree=326
num_leaves=15
num_cat=0
split_feature=7 20 0 16 0 4 20 17 18 0 18 18 7 7
split_gain=1.97503 5.17045 4.02522 5.03606 3.80653 5.24431 4.97502 13.0026 7.50466 5.27193 4.64936 11.6524 4.16829 4.04013
threshold=0.0087448912672698515 10.1564998626709 0.099503494799137129 0.11192032694816591 2.4628129005432133 0.13338557630777362 59.91267395019532 0.5900000035762788 6.0665042400360116 1.7422059178352358 3.2063069343566899 4.0490739345550546 0.060225138440728194 0.035427063703536994
decision_type=2 2 2 2 2 2 2 2 2 2 2 2 2 2
left_child=1 -1 -3 -4 6 -6 7 10 -8 -10 -2 -12 -13 -11
right_child=4 2 3 -5 5 -7 8 -9 9 13 11 12 -14 -15
leaf_value=0.0046813061882686963 0.0046877501670017155 0.00065628214945487925 -0.0020253779932409089 0.0038007779214921942 -0.00014239949785753512 0.0046690791394805656 0.00071173331649642638 -0.0084980102861300106 0.0080993648880700528 0.005480015045903586 -0.0054384451116300577 0.0071643011919524276 -9.0985799478891222e-05 -0.0003320675810934904
leaf_weight=148 193 962 2107 138 19820 201 2044 163 223 198 244 134 146 228
leaf_count=148 193 962 2107 138 19820 201 2044 163 223 198 244 134 146 228
internal_value=-2.87883e-05 -0.000709292 -0.000964963 -0.00165959 6.81073e-05 -9.29412e-05 0.000969397 -0.000984819 0.00160862 0.00440631 0.000770223 -0.000703353 0.00344596 0.00240156
internal_weight=26949 3355 3207 2245 23594 20021 3573 880 2693 649 717 524 280 426
internal_count=26949 3355 3207 2245 23594 20021 3573 880 2693 649 717 524 280 426
is_linear=0
shrinkage=0.03


Tree=327
num_leaves=15
num_cat=0
split_feature=3 20 1 5 5 17 3 7 18 7 7 1 17 18
split_gain=2.30372 8.44845 5.66646 4.35004 5.96253 4.70639 4.25219 4.12437 5.84028 2.88794 5.67872 5.6814 10.6107 5.90318
threshold=0.074084270745515837 46.119001388549812 0.049233369529247291 0.39539963006973272 0.66841042041778576 0.45000000298023229 0.095258355140686049 0.079055137932300582 5.9034545421600351 0.0092633198946714419 0.022702814079821113 0.025610670447349552 0.34000000357627874 3.6356540918350224
decision_type=2 2 2 2 2 2 2 2 2 2 2 2 2 2
left_child=9 6 3 -3 7 -6 -2 8 -5 -1 11 13 -13 -11
right_child=1 2 -4 4 5 -7 -8 -9 -10 10 -12 12 -14 -15
leaf_value=-0.00079584127571951974 -0.0097980160469619115 -0.0037365984273592715 -0.0045958007134950006 -0.0016376453701874892 0.002424791637985479 -0.0050797807743831989 -0.002440257583032636 0.0062524729447795829 0.0047209055919333227 0.00653485586007054 -5.5956962144120456e-05 -0.0010336976501919266 0.0046721036348845706 -5.0853880936335085e-05
leaf_weight=3296 125 169 213 273 121 184 165 219 240 125 18501 434 890 2121
leaf_count=3296 125 169 213 273 121 184 165 219 240 125 18501 434 890 2121
internal_value=-4.01292e-05 -0.0011046 -0.000143748 0.000658289 0.00138902 -0.00211147 -0.00572402 0.00285198 0.00135397 3.17887e-05 0.000155536 0.00125011 0.00280492 0.000329372
internal_weight=27076 1709 1419 1206 1037 305 290 732 513 25367 22071 3570 1324 2246
internal_count=27076 1709 1419 1206 1037 305 290 732 513 25367 22071 3570 1324 2246
is_linear=0
shrinkage=0.03


Tree=328
num_leaves=15
num_cat=0
split_feature=18 17 20 16 0 6 7 7 18 5 6 17 5 17
split_gain=3.25188 4.3968 8.21014 5.81643 5.53346 12.8811 5.44584 7.23811 7.61282 7.26887 5.52318 3.64789 3.06452 5.94474
threshold=6.3538272380828866 0.82999998331069957 112.9377784729004 0.05346410162746907 2.4281024932861333 0.06970407068729402 0.10581486299633981 0.026660396717488769 6.4273672103881845 0.5085570514202119 0.34257782995700842 0.94999998807907116 0.35802936553955084 0.8400000035762788
decision_type=2 2 2 2 2 2 2 2 2 2 2 2 2 2
left_child=12 -2 3 -3 5 -4 7 8 -6 -9 -8 -11 13 -1
right_child=1 2 4 -5 6 -7 10 9 -10 11 -12 -13 -14 -15
leaf_value=-0.00043972532421075392 0.0038132101951389389 -0.0022280572826101847 -0.0038799893359867605 -0.011417389150857925 -0.0041801852243952449 0.0082928997115371463 0.0063719988892972472 -0.010417561348436152 0.0052861269377171985 0.00039995102928234983 -0.0025097993300141753 -0.006156733567944505 5.4944690912297556e-05 -0.0045033533200695324
leaf_weight=2243 129 129 143 120 151 162 120 168 145 164 123 137 22836 374
leaf_count=2243 129 129 143 120 151 162 120 168 145 164 123 137 22836 374
internal_value=-0.000141339 -0.00141329 -0.00185571 -0.00679423 -0.000896943 0.00261508 -0.00196727 -0.00320531 0.000467808 -0.00550401 0.00191631 -0.00263616 -5.65748e-05 -0.00102795
internal_weight=27144 1691 1562 249 1313 305 1008 765 296 469 243 301 25453 2617
internal_count=27144 1691 1562 249 1313 305 1008 765 296 469 243 301 25453 2617
is_linear=0
shrinkage=0.03


Tree=329
num_leaves=15
num_cat=0
split_feature=7 7 16 20 20 18 18 17 21 0 1 21 16 7
split_gain=1.87055 3.42371 3.64025 4.95288 2.66326 8.80821 17.9732 13.249 6.47875 6.7402 6.52072 5.91273 5.69082 5.23515
threshold=0.41218189895153051 0.31942637264728552 0.086707729846239104 116.65724945068361 30.347350120544437 6.0152394771575937 5.6759147644042978 0.3900000005960465 290.75506591796881 4.3611650466918954 0.039985127747058875 88.435298919677749 0.036806283518671996 0.038177931681275375
decision_type=2 2 2 2 2 2 2 2 2 2 2 2 2 2
left_child=1 4 3 -3 5 6 7 8 -1 10 13 -7 -8 -10
right_child=-2 2 -4 -5 -6 11 12 -9 9 -11 -12 -13 -14 -15
leaf_value=0.0073972140558737709 0.0028186874254131499 -0.00073614998116217393 0.0012283571855061584 -0.0088328373280313344 -0.00019216363396428322 0.0001922030167826541 0.01346018417298383 -0.0073512149853158298 0.0027616228142787547 -0.004692077750868019 0.0055937489985859509 -0.0070710221896413718 0.0042665596545757301 -0.00063984520494121439
leaf_weight=136 191 136 130 133 23187 203 122 172 633 182 266 195 129 1122
leaf_count=136 191 136 130 133 23187 203 122 172 633 182 266 195 129 1122
internal_value=-0.000101441 -0.000122817 -0.00286362 -0.00482748 -8.0775e-05 0.000735569 0.00133802 0.000564841 0.00116139 0.000760551 0.00126195 -0.00340999 0.00891079 0.000591369
internal_weight=26937 26746 399 269 26347 3160 2762 2511 2339 2203 2021 398 251 1755
internal_count=26937 26746 399 269 26347 3160 2762 2511 2339 2203 2021 398 251 1755
is_linear=0
shrinkage=0.03


Tree=330
num_leaves=15
num_cat=0
split_feature=1 6 18 5 6 5 11 9 21 21 6 21 18 6
split_gain=3.10743 1.89323 6.60324 4.06894 3.42593 3.78732 1.85802 2.15883 3.61061 6.43286 12.5512 4.81747 2.75759 8.42529
threshold=0.12195742875337602 0.5340489149093629 5.9893691539764413 0.42030476033687597 0.49478559195995336 0.41805183887481695 1.0000000180025095e-35 1.0000000180025095e-35 49.979600906372077 323.41146850585943 0.28267374634742742 421.96502685546881 6.4650917053222665 0.31807410717010504
decision_type=2 2 2 2 2 2 2 2 2 2 2 2 2 2
left_child=1 4 3 -3 6 -6 7 12 -9 10 -10 -11 -1 -14
right_child=-2 2 -4 -5 5 -7 -8 8 9 11 -12 -13 13 -15
leaf_value=5.1448425065036615e-05 -0.0033967806442066072 -0.0026836015155558383 0.0054472909112100888 0.0038037633237533739 -0.0068364608057359926 0.0001857324133743532 0.0033927697068080304 -0.0060528936277165308 -0.0049193190580864585 -0.0073592156426981088 0.0070775198972230589 -0.00070283126309192889 -0.00010053472259429505 0.0087681361628150125
leaf_weight=24470 230 282 249 120 132 139 145 124 122 145 202 285 350 128
leaf_count=24470 230 282 249 120 132 139 145 124 122 145 202 285 350 128
internal_value=3.80105e-05 6.80122e-05 0.00165989 -0.000724136 2.82129e-05 -0.00329656 6.35338e-05 4.41887e-05 -0.00141363 -0.000615824 0.00255408 -0.00300621 9.57669e-05 0.00234052
internal_weight=27123 26893 651 402 26242 271 25971 25826 878 754 324 430 24948 478
internal_count=27123 26893 651 402 26242 271 25971 25826 878 754 324 430 24948 478
is_linear=0
shrinkage=0.03


Tree=331
num_leaves=15
num_cat=0
split_feature=0 0 18 18 18 0 6 5 6 5 18 7 1 1
split_gain=2.28437 5.09847 5.30111 3.53697 8.97084 3.35717 2.23283 8.15566 3.02457 3.32959 2.62109 4.08297 2.37824 5.30905
threshold=0.072595290839672103 0.16804942488670352 6.2240722179412851 5.3565340042114267 5.9171395301818857 0.099503494799137129 0.5340489149093629 0.49044576287269598 0.49478559195995336 0.44595393538475042 5.4159700870513925 0.043927038088440902 0.041291711851954467 0.035714445635676391
decision_type=2 2 2 2 2 2 2 2 2 2 2 2 2 2
left_child=3 2 5 -1 -5 -2 8 10 12 -10 -8 -12 13 -3
right_child=1 6 -4 4 -6 -7 7 -9 9 -11 11 -13 -14 -15
leaf_value=-0.0015631750870366082 0.0013221092652841073 -6.9517628496563392e-05 -0.0072334188265293564 0.0084615380389467722 -6.3651227061271523e-05 -0.003201416184273647 -0.0037888602263107894 0.0083302208825007523 -0.0060063556116074319 0.00033258286643434657 0.0040367274687376394 -0.0019086893381191289 0.00060607217608897991 -0.002415167807825002
leaf_weight=210 264 19465 163 171 301 324 120 128 156 138 210 197 4244 904
leaf_count=210 264 19465 163 171 301 324 120 128 156 138 210 197 4244 904
internal_value=-5.76173e-05 -0.000102186 -0.0025302 0.00165018 0.00308124 -0.00117642 -3.03714e-05 0.0016919 -7.59939e-05 -0.00307513 1.64166e-05 0.00117073 -3.95522e-05 -0.000174187
internal_weight=26995 26313 751 682 472 588 25562 655 24907 294 527 407 24613 20369
internal_count=26995 26313 751 682 472 588 25562 655 24907 294 527 407 24613 20369
is_linear=0
shrinkage=0.03


Tree=332
num_leaves=15
num_cat=0
split_feature=0 21 6 20 0 0 21 6 8 5 5 21 21 20
split_gain=2.29157 7.7757 4.35847 4.44494 3.32909 5.59303 5.33197 9.22731 9.12664 14.5025 6.26522 5.86757 5.31451 16.7911
threshold=4.5351233482360849 454.34812927246099 0.19603664427995685 80.934200286865249 3.9359101057052617 3.8927530050277714 209.05830383300784 0.28771443665027624 0.36157727241516119 0.50428631901741039 0.48562870919704443 112.11994934082033 202.58787536621097 119.98374938964845
decision_type=2 2 2 2 2 2 2 2 2 2 2 2 2 2
left_child=4 2 -2 -4 5 12 7 -6 11 -10 -8 -9 13 -1
right_child=1 -3 3 -5 6 -7 10 8 9 -11 -12 -13 -14 -15
leaf_value=-0.0039150491552794285 0.0069563552381142098 -0.0034027955659091252 -0.0032609364551889853 0.0022863162304299117 0.0031119640483027551 0.0035997271536546476 0.00060751040955551441 -0.0085817110488475689 -0.0033421479789575012 0.0070865603179845488 -0.002851327929762192 -0.00065595633639022705 0.00044232599414027073 3.2817557406911678e-05
leaf_weight=1129 148 266 146 950 684 410 684 198 279 203 1500 145 13564 6688
leaf_count=1129 148 266 146 950 684 410 684 198 279 203 1500 145 13564 6688
internal_value=7.64772e-05 0.00121003 0.00220605 0.0015359 9.0868e-06 0.000150293 -0.000823195 0.000547224 -0.00158512 0.00107769 -0.00176915 -0.00528874 8.3321e-05 -0.000539506
internal_weight=26994 1510 1244 1096 25484 21791 3693 1509 825 482 2184 343 21381 7817
internal_count=26994 1510 1244 1096 25484 21791 3693 1509 825 482 2184 343 21381 7817
is_linear=0
shrinkage=0.03


Tree=333
num_leaves=15
num_cat=0
split_feature=17 8 18 18 5 0 20 5 21 3 6 17 0 2
split_gain=2.32342 2.41359 5.93595 8.52647 8.33817 7.43015 6.78741 6.43014 7.49387 6.1037 7.7463 5.77427 6.6773 5.76824
threshold=0.0099999997764825838 0.33131550252437597 6.0219559669494638 5.7752783298492441 0.6752329170703889 1.9544111490249636 59.91267395019532 0.43329714238643652 165.68334960937503 0.053821386769413955 0.28655371069908148 0.81999999284744274 3.0115858316421513 0.28134980797767645
decision_type=2 2 2 2 2 2 2 2 2 2 2 2 2 2
left_child=-1 2 3 -2 6 -6 -4 8 11 10 -7 -8 -13 -9
right_child=1 -3 4 -5 5 9 7 13 -10 -11 -12 12 -14 -15
leaf_value=0.0027816712338567919 0.00020885848509496078 -0.00030176612825015125 -0.0058957604576204987 0.0024086114373170621 0.0085791708008944988 0.0034063095729537606 0.0080882551669602919 -0.0022274616512490825 -0.0042371743855477836 -0.0050447161665753181 -0.0047115559908668045 0.0053301879437640306 -0.0028370099868625402 0.0041924821299035098
leaf_weight=265 7493 13304 278 2007 120 552 153 1969 149 133 126 171 180 130
leaf_count=265 7493 13304 278 2007 120 552 153 1969 149 133 126 171 180 130
internal_value=1.2668e-05 -1.52623e-05 0.000267907 0.000674608 -0.000707139 0.00176958 -0.0014698 -0.00101282 0.00157855 0.0007156 0.00187423 0.00332261 0.00116086 -0.00182083
internal_weight=27030 26765 13461 9500 3961 931 3030 2752 653 811 678 504 351 2099
internal_count=27030 26765 13461 9500 3961 931 3030 2752 653 811 678 504 351 2099
is_linear=0
shrinkage=0.03


Tree=334
num_leaves=15
num_cat=0
split_feature=1 6 7 21 0 7 18 6 1 6 18 18 1 1
split_gain=2.03055 5.14869 4.8225 7.63287 8.28103 3.94231 4.74001 3.54792 6.31333 3.94028 3.28429 9.12724 3.24025 5.123
threshold=0.058814218267798431 0.41012059152126318 0.029467213898897174 209.05830383300784 3.0115858316421513 0.017793091014027599 5.5412447452545175 0.30430459976196295 0.086208991706371321 0.33681304752826696 5.4159700870513925 5.8772208690643319 0.041291711851954467 0.037043061107397086
decision_type=2 2 2 2 2 2 2 2 2 2 2 2 2 2
left_child=12 2 3 4 -2 6 -5 8 10 -9 -4 -12 13 -1
right_child=1 -3 7 5 -6 -7 -8 9 -10 -11 11 -13 -14 -15
leaf_value=8.6447704244254107e-05 0.010603483624255923 -0.0054964021113749163 -0.0018326982168946416 -0.00014756698724953656 0.00099494064813788747 0.0019635981281124473 -0.0071953047275462225 0.0045856311666660453 0.0013335992127701819 -0.0020484895819175685 -0.011851125423237682 -0.0018209778187086895 0.0012292685551269558 -0.0025354494325425659
leaf_weight=21797 129 189 265 228 206 267 133 144 244 171 145 184 2128 687
leaf_count=21797 129 189 265 228 206 267 133 144 244 171 145 184 2128 687
internal_value=3.20044e-05 -0.000818446 -0.000388641 0.00117517 0.00479647 -0.000779205 -0.00280693 -0.00169419 -0.00271008 0.00100852 -0.00436838 -0.0063528 0.000111802 5.78958e-06
internal_weight=26917 2305 2116 963 335 628 361 1153 838 315 594 329 24612 22484
internal_count=26917 2305 2116 963 335 628 361 1153 838 315 594 329 24612 22484
is_linear=0
shrinkage=0.03


Tree=335
num_leaves=15
num_cat=0
split_feature=5 6 6 17 17 3 5 7 17 4 17 8 8 17
split_gain=3.21075 8.96062 7.96062 6.68704 6.02843 7.4891 9.98997 7.15887 5.19405 8.15765 5.70375 5.72101 5.03901 5.95229
threshold=0.48562870919704443 0.45710200071334844 0.33831037580966955 0.8100000023841859 0.95999997854232799 0.040786622092127807 0.55815124511718761 0.057311318814754493 0.8100000023841859 0.0244028689339757 0.87999999523162853 0.4074667096138001 0.41094043850898748 0.34999999403953558
decision_type=2 2 2 2 2 2 2 2 2 2 2 2 2 2
left_child=2 4 -1 -3 -2 6 -6 -8 12 10 -10 -12 13 -4
right_child=1 3 8 -5 5 -7 7 -9 9 -11 11 -13 -14 -15
leaf_value=0.0010923568149123276 -0.00035338326889920713 0.0012571968759569169 -0.0022860588830994305 0.0093348041343103549 -0.0071443057036513734 -0.007458321927769556 0.0055989363394444809 -0.003523748786698323 -0.0053339142036740103 -0.0083808154189077659 -0.0014468246161144364 0.0060671040919558035 -0.0016642279370094838 0.0022816378067666665
leaf_weight=5012 17828 276 341 135 152 237 195 122 204 182 319 122 1044 995
leaf_count=5012 17828 276 341 135 152 237 195 122 204 182 319 122 1044 995
internal_value=-0.000149105 -0.000363907 0.000345938 0.00399073 -0.000461523 -0.0031706 -0.000948069 0.0020878 -0.000820474 -0.00286088 -0.00125083 0.000676572 -0.000106966 0.0011116
internal_weight=27164 18945 8219 411 18534 706 469 317 3207 827 645 441 2380 1336
internal_count=27164 18945 8219 411 18534 706 469 317 3207 827 645 441 2380 1336
is_linear=0
shrinkage=0.03


Tree=336
num_leaves=15
num_cat=0
split_feature=8 3 21 3 21 0 0 3 6 6 0 20 8 1
split_gain=2.22982 5.93632 7.89447 7.3793 4.3051 9.10333 11.1223 8.21843 7.65879 7.61267 7.1618 6.70615 6.22742 7.75515
threshold=0.37493221461772924 0.059463636949658401 353.24020385742193 0.076053604483604445 232.46734619140628 2.6596298217773442 1.367871940135956 0.00039135340193752205 0.22265208512544635 0.25250902771949774 4.6407568454742441 110.70455169677736 0.42572604119777685 0.0062381785828620204
decision_type=2 2 2 2 2 2 2 2 2 2 2 2 2 2
left_child=-1 4 3 -3 8 6 -6 9 -2 12 -9 -10 13 -7
right_child=1 2 -4 -5 5 7 -8 10 11 -11 -12 -13 -14 -15
leaf_value=0.0002428306870071753 -0.0086099235693836811 0.0084168918733795485 -0.0022656436802294512 0.00098163907300624848 -0.0050285417520765053 -0.0020622808646573367 0.0042869080530945208 -0.003233090594883155 -0.0045330092945198913 -0.00082521721482218321 0.0043065073200324105 -0.00055820062368458771 0.0075833840482056941 0.0050803270009833626
leaf_weight=18924 123 220 231 261 133 287 715 1186 440 1348 121 2714 189 253
leaf_count=18924 123 220 231 261 133 287 715 1186 440 1348 121 2714 189 253
internal_value=6.36317e-05 -0.000348765 0.00225973 0.00443398 -0.00059744 3.48926e-05 0.00280496 -0.000662377 -0.00141286 0.000510661 -0.00252133 -0.001119 0.00296964 0.00130007
internal_weight=27145 8221 712 481 7509 4232 848 3384 3277 2077 1307 3154 729 540
internal_count=27145 8221 712 481 7509 4232 848 3384 3277 2077 1307 3154 729 540
is_linear=0
shrinkage=0.03


Tree=337
num_leaves=15
num_cat=0
split_feature=8 18 17 5 0 3 18 6 20 3 0 18 0 0
split_gain=2.06554 8.58068 9.53826 8.42693 16.5978 8.31534 7.59708 6.43639 5.5277 10.4863 5.23578 5.10392 6.65322 5.60937
threshold=0.33284148573875433 6.0090038776397714 0.67000001668930065 0.64380353689193737 2.2553540468215947 0.048791950568556793 6.0847244262695321 0.28875081241130834 35.212524414062507 0.060606129467487342 3.0769239664077763 5.7752783298492441 3.4232897758483891 3.7310189008712773
decision_type=2 2 2 2 2 2 2 2 2 2 2 2 2 2
left_child=1 11 6 8 -5 7 -3 10 -4 -10 -6 -1 -13 -14
right_child=-2 2 3 4 5 -7 -8 -9 9 -11 -12 12 13 -15
leaf_value=0.00043756510931933522 -0.00023364941659959355 -0.0087218410675512989 -0.0060915248722584452 0.0097195281623157128 -0.00072270786255136676 -0.0056969295372778358 -0.0006365619301795959 -0.0042364616480341059 -0.0015820100666061134 0.0047019528567472466 0.0052178555945918579 0.003603889942802804 -0.003642021774421664 0.0018057208585214647
leaf_weight=7783 13129 230 194 193 213 173 190 134 2146 264 348 1147 251 502
leaf_count=7783 13129 230 194 193 213 173 190 134 2146 264 348 1147 251 502
internal_value=3.55243e-05 0.000292197 -0.000860185 -0.00036632 0.00188171 9.32773e-05 -0.00511473 0.00156498 -0.00128413 -0.000885333 0.00297589 0.000778549 0.00217051 -2.22389e-05
internal_weight=26897 13768 4085 3665 1061 868 420 695 2604 2410 561 9683 1900 753
internal_count=26897 13768 4085 3665 1061 868 420 695 2604 2410 561 9683 1900 753
is_linear=0
shrinkage=0.03


Tree=338
num_leaves=15
num_cat=0
split_feature=5 6 7 3 17 6 18 1 0 20 8 5 18 8
split_gain=2.84916 5.68415 5.2542 7.31787 7.17041 6.78412 6.41115 6.41735 5.47829 4.69078 4.64758 4.4199 4.34575 4.15416
threshold=0.73025408387184154 0.31695428490638738 0.024927274323999885 0.044546827673912055 0.46000000834465032 0.086195938289165511 6.230832815170289 0.040001604706048972 3.658551931381226 69.876499176025405 0.33552764356136328 0.81221151351928722 5.3039953708648691 0.29716458916664129
decision_type=2 2 2 2 2 2 2 2 2 2 2 2 2 2
left_child=-1 2 5 6 -5 -2 7 8 9 -4 13 12 -7 -11
right_child=1 -3 3 4 -6 11 -8 -9 -10 10 -12 -13 -14 -15
leaf_value=-0.0001275880300516354 -0.007460899221824799 0.0064312646562933538 -0.0033588926676432337 0.0021943386307205345 -0.0066513683845402247 0.0018676285561198343 0.0074909911711918227 -0.0029297870512435776 0.0061898968504741783 0.0020534389570704662 -0.0022452471014713089 0.0028950275721487256 -0.0045333777302944593 0.0080638770708631909
leaf_weight=24178 136 152 154 148 176 149 183 232 270 395 150 250 250 138
leaf_count=24178 136 152 154 148 176 149 183 232 270 395 150 250 250 138
internal_value=-2.2898e-05 0.00088522 0.000553219 0.00142649 -0.0026388 -0.00149639 0.00229771 0.00156272 0.00251318 0.00129743 0.00236409 -0.000199028 -0.0021495 0.00367009
internal_weight=26961 2783 2631 1846 324 785 1522 1339 1107 837 683 649 399 533
internal_count=26961 2783 2631 1846 324 785 1522 1339 1107 837 683 649 399 533
is_linear=0
shrinkage=0.03


Tree=339
num_leaves=15
num_cat=0
split_feature=1 20 3 18 3 17 7 4 6 5 17 18 17 5
split_gain=2.46634 6.01578 4.90567 5.25372 4.99991 2.07338 2.06843 3.12276 2.58086 2.07159 8.38499 4.92053 3.21971 3.18341
threshold=0.085123870521783843 54.123100280761726 0.0022510259877890353 5.9762141704559335 0.036422709003090865 0.43000000715255743 0.31942637264728552 0.0012881989823654296 0.41753822565078741 0.25364980101585394 0.8400000035762788 5.4061930179595956 0.28000000119209295 0.29190194606781011
decision_type=2 2 2 2 2 2 2 2 2 2 2 2 2 2
left_child=6 -2 3 5 -4 -3 9 8 -8 10 11 12 -1 -11
right_child=1 2 4 -5 -6 -7 7 -9 -10 13 -12 -13 -14 -15
leaf_value=-0.0005123325456452769 0.0071446192365291778 0.0027311413495720721 -0.0065697870384236528 0.0073067085540041007 0.0011100924680119051 -0.002700541133637584 -0.0014544051994816003 0.0010277161962903019 -0.0067311347831619317 0.0028188539660593103 -0.0075194241080103752 0.0018215942162681709 -0.0061093047752976415 2.9859689118458745e-05
leaf_weight=244 142 122 135 136 165 121 218 215 134 369 159 501 145 24316
leaf_count=244 142 122 135 136 165 121 218 215 134 369 159 501 145 24316
internal_value=2.75452e-05 0.00164169 0.000447044 0.00270009 -0.0023969 2.65596e-05 -2.31437e-05 -0.00180745 -0.0035293 1.65136e-05 -0.00128598 -0.000136581 -0.00264966 7.2113e-05
internal_weight=27122 821 679 379 300 243 26301 567 352 25734 1049 890 389 24685
internal_count=27122 821 679 379 300 243 26301 567 352 25734 1049 890 389 24685
is_linear=0
shrinkage=0.03


Tree=340
num_leaves=15
num_cat=0
split_feature=0 1 8 8 18 18 21 1 5 0 8 20 0 8
split_gain=1.88942 4.2839 7.31308 7.16295 4.84782 7.80704 4.85526 2.97564 2.89847 2.14753 9.80352 8.22676 3.01932 2.30933
threshold=4.5351233482360849 0.00097628889488987635 0.26774743199348455 0.28515475988388067 5.0918734073638925 5.9762141704559335 230.31487274169925 0.029117695055902008 0.48406071960926061 4.3611650466918954 0.40073098242282873 67.316398620605483 4.3179731369018564 0.3387188613414765
decision_type=2 2 2 2 2 2 2 2 2 2 2 2 2 2
left_child=9 3 -3 -2 -4 6 -6 -7 -5 12 11 -11 -1 -13
right_child=1 2 4 8 5 7 -8 -9 -10 10 -12 13 -14 -15
leaf_value=3.5459074501200836e-05 0.0072406657881938013 -0.0061816570984927427 -0.003298687132220009 -0.0029216645380587018 0.0098793846711252367 -0.0049078707198986389 0.0025347923300010552 0.0011071590695649841 0.0026389845897210763 -0.009869980848236341 0.0044507164286531429 0.00022409151216129682 0.0035656490840695119 -0.0045040218717366147
leaf_weight=24615 226 146 181 137 122 122 238 174 203 135 177 268 215 137
leaf_count=24615 226 146 181 137 122 122 238 174 203 135 177 268 215 137
internal_value=8.16369e-05 0.00109727 -0.0001027 0.00316397 0.000988079 0.00218687 0.00512503 -0.00141235 0.0003885 1.9853e-05 -0.00159302 -0.00359668 6.67383e-05 -0.00141072
internal_weight=27096 1549 983 566 837 656 360 296 340 25547 717 540 24830 405
internal_count=27096 1549 983 566 837 656 360 296 340 25547 717 540 24830 405
is_linear=0
shrinkage=0.03


Tree=341
num_leaves=15
num_cat=0
split_feature=1 1 20 3 1 7 3 20 7 18 3 21 21 6
split_gain=2.77284 3.85085 4.03042 5.9418 2.68497 5.39272 6.38884 4.32609 2.51411 2.06152 10.4669 5.07429 7.30302 6.16977
threshold=0.10532209649682046 0.085123870521783843 88.422248840332045 0.0022510259877890353 0.066604532301425948 0.05444315820932389 0.044243725016713149 109.66625213623048 0.017156364396214489 4.0106117725372323 0.047619290649890907 357.98431396484381 592.66882324218761 0.061232291162014015
decision_type=2 2 2 2 2 2 2 2 2 2 2 2 2 2
left_child=1 4 -3 -4 9 6 7 -6 -9 10 11 13 -13 -1
right_child=-2 2 3 -5 5 -7 -8 8 -10 -11 -12 12 -14 -15
leaf_value=0.0069989548578728881 -0.0026281573708136891 0.0071454896629736643 0.0043893056719942628 -0.0035424129155694276 0.0060052026624841087 -0.0051668800204849197 -0.0062379474340317148 -0.0033368686279775387 0.0016374260169084601 -2.3065833224753608e-05 -0.0063090815486126902 -0.0022537174769092297 0.0016312314088548639 -0.00059660678073553976
leaf_weight=173 399 122 185 149 126 283 121 146 227 22691 283 1221 671 208
leaf_count=173 399 122 185 149 126 283 121 146 227 22691 283 1221 671 208
internal_value=-0.000161397 -0.000123917 0.00259417 0.000850845 -0.000171802 -0.00177461 -0.000197255 0.00131488 -0.000328001 -0.000114135 -0.000920978 -0.000237756 -0.000875248 0.00289828
internal_weight=27005 26606 456 334 26150 903 620 499 373 25247 2556 2273 1892 381
internal_count=27005 26606 456 334 26150 903 620 499 373 25247 2556 2273 1892 381
is_linear=0
shrinkage=0.03


Tree=342
num_leaves=15
num_cat=0
split_feature=0 5 17 7 18 18 0 17 3 3 5 8 5 3
split_gain=2.09419 5.63399 12.0178 10.2709 8.6567 9.13143 14.6862 9.42192 7.891 8.85617 6.77586 8.54218 6.24471 7.74347
threshold=3.6423991918563847 0.41573485732078558 0.68999999761581432 0.060906734317541129 5.7190785408020028 5.335886001586915 4.777416706085206 0.37999999523162847 0.012245368212461473 0.021530486643314365 0.59273099899292003 0.31625668704509741 0.73998197913169872 0.043783728033304221
decision_type=2 2 2 2 2 2 2 2 2 2 2 2 2 2
left_child=-1 2 -2 -4 5 7 -7 12 10 -10 -6 -12 13 -3
right_child=1 4 3 -5 8 6 -8 -9 9 -11 11 -13 -14 -15
leaf_value=0.00018632047960193436 3.3950742422225506e-06 -0.00010497650591692903 -0.0018819511902499167 -0.010428592341396429 -0.0019212852002365383 -0.0041507976389638448 0.0066637408626931049 0.0058705712872298872 0.0086278516659513121 0.0018028338632231757 -0.0010177024501962992 0.005869769193520097 0.0042570357918405213 -0.0045438817241490728
leaf_weight=18689 883 1725 283 228 954 1131 121 222 193 1299 363 286 218 440
leaf_count=18689 883 1725 283 228 954 1131 121 222 193 1299 363 286 218 440
internal_value=9.8794e-06 -0.000385096 -0.00212212 -0.00575943 -3.55163e-05 -0.000983266 -0.00308327 3.00007e-05 0.00114525 0.00271156 -0.000316495 0.00203913 -0.000525259 -0.0010155
internal_weight=27035 8346 1394 511 6952 3857 1252 2605 3095 1492 1603 649 2383 2165
internal_count=27035 8346 1394 511 6952 3857 1252 2605 3095 1492 1603 649 2383 2165
is_linear=0
shrinkage=0.03


Tree=343
num_leaves=15
num_cat=0
split_feature=2 5 5 0 8 2 21 17 21 21 8 8 1 5
split_gain=1.61899 4.10389 5.54101 2.82489 9.10831 2.58328 1.55551 4.24802 9.89374 6.94619 4.44727 4.23302 3.83169 3.87044
threshold=0.62214842438697826 0.51435920596122753 0.44400463998317724 3.5986520051956181 0.34028902649879461 0.54205957055091869 632.81069946289074 0.070000000298023238 454.34812927246099 527.10876464843761 0.30931656062603002 0.3574091643095017 0.0012526003993116321 0.48887714743614202
decision_type=2 2 2 2 2 2 2 2 2 2 2 2 2 2
left_child=5 2 -2 4 -3 6 7 8 11 10 -10 -1 13 -11
right_child=1 3 -4 -5 -6 -7 -8 -9 9 12 -12 -13 -14 -15
leaf_value=-3.2275946056149129e-05 0.00057365708240312543 0.0020335918662574468 0.0083574478496545156 0.0028771434979080884 -0.0072735947626716563 -0.004028055697770698 0.0015198231267489165 7.2996753202626209e-05 -0.011016550105602409 0.0044388455702778946 -0.0036095571389887478 0.0070626050488765005 -0.0039877556563310684 -0.0014742391876538959
leaf_weight=169 194 232 139 170 153 138 599 23932 125 137 184 132 310 329
leaf_count=169 194 232 139 170 153 138 599 23932 125 137 184 132 310 329
internal_value=3.60891e-05 0.00129212 0.00389831 -0.00029244 -0.00171094 -6.95838e-06 1.52255e-05 -2.06649e-05 -0.00163237 -0.00296567 -0.00673362 0.00314366 -0.00143178 0.000292824
internal_weight=26943 888 333 555 385 26055 25917 25318 1386 1085 309 301 776 466
internal_count=26943 888 333 555 385 26055 25917 25318 1386 1085 309 301 776 466
is_linear=0
shrinkage=0.03


Tree=344
num_leaves=15
num_cat=0
split_feature=7 5 7 7 16 5 6 6 1 0 21 6 0 18
split_gain=3.60081 5.50976 1.95877 2.33 7.1726 6.49054 3.53136 3.21513 1.91093 2.21847 7.61008 4.51434 4.1529 4.02504
threshold=0.37452168762683874 0.46678628027439123 0.31942637264728552 0.24039407074451449 0.036132480949163444 0.45242440700531011 0.2618167400360108 0.277668446302414 0.13071165233850482 4.4024550914764413 454.34812927246099 0.17744814604520801 4.3611650466918954 5.9762141704559335
decision_type=2 2 2 2 2 2 2 2 2 2 2 2 2 2
left_child=2 -2 3 8 6 -6 -5 -7 9 12 13 -12 -1 -11
right_child=1 -3 -4 4 5 7 -8 -9 -10 10 11 -13 -14 -15
leaf_value=-0.00010223576191303838 0.0078933961239571748 -0.00043215663886509055 -0.0024366181559484536 -0.0055562304933978752 -0.0013133562455715782 0.0099836358205895627 0.00047255054434391713 0.0038197912642603375 -0.0032487579704645803 0.0029046323901940887 -0.0074458544039063988 -0.00040396122279208761 -0.0043910747233596517 -0.00010372711905296554
leaf_weight=23150 125 158 302 127 149 122 257 219 165 1018 130 210 200 657
leaf_count=23150 125 158 302 127 149 122 257 219 165 1018 130 210 200 657
internal_value=-1.81395e-05 0.0033184 -5.41109e-05 -2.64044e-05 0.00149225 0.00388141 -0.00156713 0.00613744 -7.86763e-05 -5.74186e-05 0.000896401 -0.00316534 -0.000139903 0.00172784
internal_weight=26989 283 26706 26404 874 490 384 341 25530 25365 2015 340 23350 1675
internal_count=26989 283 26706 26404 874 490 384 341 25530 25365 2015 340 23350 1675
is_linear=0
shrinkage=0.03


Tree=345
num_leaves=15
num_cat=0
split_feature=18 8 8 7 16 8 8 1 18 17 18 21 18 8
split_gain=2.78581 4.18065 3.37647 1.86876 7.03246 5.48442 4.07487 5.08776 11.5133 5.03929 7.47623 6.63465 13.5752 3.62018
threshold=2.294391512870789 0.36054873466491705 0.27375826239585882 0.0078230625949800032 0.083208281546831145 0.40374892950057989 0.36402103304862982 0.033333711326122291 5.6382279396057138 0.40000000596046453 5.9103374481201181 180.92637634277347 6.2497580051422128 1.0000000180025095e-35
decision_type=2 2 2 2 2 2 2 2 2 2 2 2 2 2
left_child=1 2 -1 4 5 6 7 9 -9 13 -11 12 -12 -2
right_child=3 -3 -4 -5 -6 -7 -8 8 -10 10 11 -13 -14 -15
leaf_value=0.0036532722780736912 -0.00091235735460894261 0.0062393829104222037 -0.0029596873963679614 0.00011028536622716638 0.0054910015155667366 -0.0061277486924851566 0.0046182628680020571 0.0015040377672914773 -0.010314185348182141 0.0035644361361970795 0.0057246470811004009 -0.0045939757355709411 -0.0030451652517345233 -0.0050077422765829318
leaf_weight=126 615 158 143 23555 153 172 120 141 149 505 277 299 359 281
leaf_count=126 615 158 143 23555 153 172 120 141 149 505 277 299 359 281
internal_value=5.827e-05 0.00244807 0.000147974 1.94925e-05 -0.000675948 -0.00100814 -0.000676912 -0.000927201 -0.00463998 -0.000457357 0.000641664 -0.000947509 0.000789252 -0.0022174
internal_weight=27053 427 269 26626 3071 2918 2746 2626 290 2336 1440 935 636 896
internal_count=27053 427 269 26626 3071 2918 2746 2626 290 2336 1440 935 636 896
is_linear=0
shrinkage=0.03


Tree=346
num_leaves=15
num_cat=0
split_feature=5 0 6 7 1 0 21 1 1 8 6 21 7 7
split_gain=1.98796 7.21392 9.95325 11.2347 8.88503 7.08148 6.76261 5.91012 5.90417 5.50619 5.06499 6.45198 6.62355 7.3543
threshold=0.44400463998317724 3.6143207550048833 0.30748957395553594 0.031282395124435432 0.030207763426005844 3.8812707662582402 152.85262298583987 0.02115292847156525 0.015733740292489532 0.2962587326765061 0.34541614353656774 510.29969787597662 0.025782733224332336 0.0092633198946714419
decision_type=2 2 2 2 2 2 2 2 2 2 2 2 2 2
left_child=1 4 3 8 7 -5 -4 -1 -3 -7 -2 12 13 -12
right_child=10 2 6 5 -6 9 -8 -9 -10 -11 11 -13 -14 -15
leaf_value=0.00073153897937538494 9.7761421921695852e-05 4.6286880589869554e-05 -0.0067959398505527792 -0.002262529349453481 -0.002356205200770236 0.010256569499324542 -0.0018843877901024869 0.0055475686377486639 -0.0085731063049752261 0.0026994810857306146 -0.0010911539476804153 -0.0051889767700673212 0.00097202846696582321 0.0064722262857171394
leaf_weight=2941 18120 142 405 163 837 123 671 244 139 287 154 121 2131 445
leaf_count=2941 18120 142 405 163 837 123 671 244 139 287 154 121 2131 445
internal_value=0.000145536 -0.000338155 -0.00184337 0.000574227 0.000385531 0.00297748 -0.00375595 0.00110861 -0.00429274 0.00506287 0.000282865 0.00145709 0.00176061 0.00453478
internal_weight=26923 5952 1930 854 4022 573 1076 3185 281 410 20971 2851 2730 599
internal_count=26923 5952 1930 854 4022 573 1076 3185 281 410 20971 2851 2730 599
is_linear=0
shrinkage=0.03


Tree=347
num_leaves=15
num_cat=0
split_feature=1 5 1 0 0 1 7 16 17 5 7 18 18 0
split_gain=2.58242 7.48885 8.90639 8.35749 4.06282 3.39056 6.83569 4.81553 3.70932 4.88891 3.2592 7.36159 8.31454 4.29255
threshold=0.085123870521783843 0.51284247636795055 0.10000649094581605 3.1343572139739995 3.2608754634857182 0.062505125999450697 0.05444315820932389 0.056163463741540916 0.62000000476837169 0.56793826818466198 0.22884199023246768 6.1995439529418954 5.9893691539764413 2.875473260879517
decision_type=2 2 2 2 2 2 2 2 2 2 2 2 2 2
left_child=5 4 -3 -4 -2 10 8 -8 9 -7 -1 12 13 -12
right_child=1 2 3 -5 -6 6 7 -9 -10 -11 11 -13 -14 -15
leaf_value=-0.00011230246413918711 -0.0047191787501459298 0.0083337114343370218 0.0050404502592944342 -0.0052835602152609181 0.0018906991434714839 0.0011034939065590269 -0.0023085458458993922 -0.0095815679075937372 0.0024164448670557794 -0.005036637243670033 0.0036542420649991665 -0.0036127321898983596 0.0088726343689676437 -3.3638272303802776e-05
leaf_weight=23450 188 221 148 126 144 243 215 132 306 217 442 231 142 779
leaf_count=23450 188 221 148 126 144 243 215 132 306 217 442 231 142 779
internal_value=-4.28116e-05 0.00160261 0.00392492 0.000283306 -0.00186673 -9.51309e-05 -0.00171155 -0.00517203 -0.000120561 -0.00181606 -2.29673e-05 0.00128752 0.00212818 0.00131083
internal_weight=26984 827 495 274 332 26157 1113 347 766 460 25044 1594 1363 1221
internal_count=26984 827 495 274 332 26157 1113 347 766 460 25044 1594 1363 1221
is_linear=0
shrinkage=0.03


Tree=348
num_leaves=15
num_cat=0
split_feature=8 5 18 6 0 9 0 8 0 0 7 7 7 8
split_gain=2.95155 13.8307 5.52676 4.1145 4.50794 3.49128 7.55879 7.73051 8.9361 3.27263 3.41288 3.14038 3.92941 9.03645
threshold=0.46769501268863684 0.60465541481971752 5.7961018085479745 0.47726763784885412 3.510560274124146 1.0000000180025095e-35 3.5648421049118046 0.36651439964771276 2.4107743501663212 4.1481850147247323 0.25055037438869482 0.35314604640007025 0.17264457792043689 0.25369866192340856
decision_type=2 2 2 2 2 2 2 2 2 2 2 2 2 2
left_child=5 2 9 4 -4 11 7 8 -7 10 -2 12 -1 -14
right_child=1 -3 3 -5 -6 6 -8 -9 -10 -11 -12 -13 13 -15
leaf_value=0.00024000385507283976 -0.0054609071131562813 0.0060041466908323637 -0.005042701122928755 0.0043295627561586395 0.0020781218247800594 -0.0022143775051341233 0.0036591410795405793 0.00093910494805415836 -0.01073009528969777 0.000797947173713822 -0.00090351238252892008 -0.0030259909032541044 -0.0060808261825866594 0.0020497013715018277
leaf_weight=22048 571 210 157 158 154 341 203 314 162 132 202 244 126 2068
leaf_count=22048 571 210 157 158 154 341 203 314 162 132 202 244 126 2068
internal_value=0.000176463 -0.00107808 -0.00217837 0.000462495 -0.00153954 0.000254571 -0.0014609 -0.0027476 -0.00503563 -0.00354197 -0.00428343 0.000326315 0.000360673 0.00157001
internal_weight=27090 1584 1374 469 311 25506 1020 817 503 905 773 24486 24242 2194
internal_count=27090 1584 1374 469 311 25506 1020 817 503 905 773 24486 24242 2194
is_linear=0
shrinkage=0.03


Tree=349
num_leaves=15
num_cat=0
split_feature=1 18 0 5 18 18 8 1 18 20 6 6 5 21
split_gain=2.97527 9.40955 11.5286 15.1407 9.06631 12.796 9.39304 7.34008 8.5169 6.36588 5.61725 9.0704 8.99902 7.21598
threshold=0.03913389518857003 6.127253770828248 4.1209416389465341 0.58042725920677196 5.9960372447967538 5.8772208690643319 0.35589021444320684 0.037043061107397086 5.7820127010345468 3.370575070381165 0.25531370937824255 0.21614840626716617 0.64173731207847606 372.72924804687506
decision_type=2 2 2 2 2 2 2 2 2 2 2 2 2 2
left_child=7 4 3 -3 5 9 -6 -1 -9 -2 11 -11 -12 -13
right_child=1 2 -4 -5 6 -7 -8 8 -10 10 12 13 -14 -15
leaf_value=-0.00018334191073759033 0.0064368454019893846 0.0012932333724717769 -0.0029344709893073294 0.0097275128845073378 -0.0078495943449901472 0.0062819742545903671 0.0012085550055972167 -0.0084433032206973988 0.0013632844954280924 -0.00018188644439765062 8.3992473860436097e-05 -0.0085224457985776311 0.0075867019809613169 -0.0011974103510512281
leaf_weight=21812 121 459 216 326 252 299 170 201 128 1201 1125 250 160 234
leaf_count=21812 121 459 216 326 252 299 170 201 128 1201 1125 250 160 234
internal_value=-0.000104001 0.000571652 0.00315243 0.00483527 -0.000109282 0.000409049 -0.00422915 -0.00025097 -0.00466468 -0.000168282 -0.000447745 -0.00158506 0.00104397 -0.00502946
internal_weight=26954 4813 1001 785 3812 3390 422 22141 329 3091 2970 1685 1285 484
internal_count=26954 4813 1001 785 3812 3390 422 22141 329 3091 2970 1685 1285 484
is_linear=0
shrinkage=0.03


Tree=350
num_leaves=15
num_cat=0
split_feature=0 18 16 1 1 1 0 21 1 21 21 18 5 18
split_gain=1.75376 5.37243 4.71102 5.84711 5.51657 5.06497 3.97811 3.07467 2.95141 2.67422 4.03833 2.32656 3.60554 2.1658
threshold=4.5351233482360849 5.0511212348937997 0.088897868990898146 0.037955403327941901 0.0092850108630955237 0.058814218267798431 4.9063875675201425 3.3120750188827519 0.027024216018617157 8.9183998107910174 13.191074848175051 5.6149256229400644 0.49213244020938879 6.0090038776397714
decision_type=2 2 2 2 2 2 2 2 2 2 2 2 2 2
left_child=7 6 3 4 11 -5 -2 -1 -6 -9 -11 -3 -13 -12
right_child=1 2 -4 5 8 -7 -8 9 -10 10 13 12 -14 -15
leaf_value=-0.0037390870569753969 0.0011404321159222232 -0.0012745823828503489 0.0075675248837069374 0.0083731808128816605 -0.0058737882379509372 0.00081179644279335715 -0.0047994918935000894 0.0035346816596530982 0.00020022009583794376 -0.0042330354380167344 0.00023347316257063769 -8.754528661330159e-05 0.0067871064359420223 -0.00040229341489818473
leaf_weight=188 196 120 123 163 162 154 202 193 126 193 18550 125 147 6511
leaf_count=188 196 120 123 163 162 154 202 193 126 193 18550 125 147 6511
internal_value=9.19516e-05 0.00108102 0.00214281 0.00143913 -0.000136872 0.00476947 -0.00189645 3.31838e-05 -0.00325834 6.1782e-05 3.45465e-05 0.00216861 0.00368325 6.82498e-05
internal_weight=27153 1518 1120 997 680 317 398 25635 288 25447 25254 392 272 25061
internal_count=27153 1518 1120 997 680 317 398 25635 288 25447 25254 392 272 25061
is_linear=0
shrinkage=0.03


Tree=351
num_leaves=15
num_cat=0
split_feature=21 0 0 4 7 6 5 0 16 17 6 0 5 5
split_gain=2.55728 6.21777 2.13568 5.92405 4.9702 4.68396 4.69053 4.88635 4.58177 8.51789 13.882 8.8497 7.62929 5.54847
threshold=7.2487499713897714 3.2026226520538335 2.984124064445496 0.11547392606735231 0.0092633198946714419 0.28560109436511999 0.74706071615219127 2.0275120735168461 0.058398796245455749 0.46999999880790716 0.32397456467151647 2.0610206127166752 0.23871187120676043 0.41805183887481695
decision_type=2 2 2 2 2 2 2 2 2 2 2 2 2 2
left_child=1 -1 4 -4 5 6 7 -2 12 10 -10 -11 -6 -14
right_child=2 -3 3 -5 8 -7 -8 -9 9 11 -12 -13 13 -15
leaf_value=-0.0077076639882613755 -0.00042767605368387016 0.0007817877974417624 -0.0001987055514992259 0.0046501650481646801 -0.004648272288876207 -0.0042689339519574937 -0.005620920587857456 0.0041747802112382859 0.00025878178248171915 0.0039726703224084916 0.0080872415336645555 -0.0025249777484178883 0.0040743123454665643 0.0011704287857189925
leaf_weight=124 1836 193 16146 225 177 294 133 229 1296 214 237 1373 697 3845
leaf_count=124 1836 193 16146 225 177 294 133 229 1296 214 237 1373 697 3845
internal_value=5.04335e-05 -0.00260713 8.24656e-05 -0.000130664 0.000420101 -0.000745916 -0.000266064 9.15686e-05 0.000791014 -0.000100997 0.00149141 -0.00163907 0.00138026 0.00162004
internal_weight=27019 317 26702 16371 10331 2492 2198 2065 7839 3120 1533 1587 4719 4542
internal_count=27019 317 26702 16371 10331 2492 2198 2065 7839 3120 1533 1587 4719 4542
is_linear=0
shrinkage=0.03


Tree=352
num_leaves=15
num_cat=0
split_feature=2 18 11 18 21 0 8 8 5 5 8 7 18 21
split_gain=2.57132 3.10159 2.26388 2.26254 3.73258 2.24842 1.99067 4.09426 4.5382 8.0729 6.42347 3.73965 3.59125 10.9651
threshold=0.97996357083320629 5.653017759323121 1.0000000180025095e-35 6.4650917053222665 30.310575485229496 3.2530759572982793 0.33131550252437597 0.34461377561092382 0.39172653853893286 0.5114172399044038 0.33955448865890508 0.005042311269789935 4.0490739345550546 534.03945922851574
decision_type=2 2 2 2 2 2 2 2 2 2 2 2 2 2
left_child=2 -2 3 6 -5 -6 12 8 -8 10 -10 -9 13 -1
right_child=1 -3 -4 4 5 -7 7 11 9 -11 -12 -13 -14 -15
leaf_value=-0.0043283824088292556 0.0046495262787667226 -0.00044180678429751137 -0.0034667719672833168 -0.00087460292295176302 0.0067024291252003763 0.001227266274750806 -0.0064770244221442827 -0.0038402979915253513 0.0057116494341938042 -0.0026014061528503688 -0.0025199238666454736 -7.0839916511253193e-05 0.00034936081967927129 0.0011045163270570631
leaf_weight=591 225 201 170 230 149 125 162 237 222 1002 133 11194 11669 758
leaf_count=591 225 201 170 230 149 125 162 237 222 1002 133 11194 11669 758
internal_value=-2.86567e-05 0.00227002 -6.58311e-05 -4.33402e-05 0.0019375 0.00427139 -8.21509e-05 -0.00034544 -0.00180609 -0.00122674 0.00263554 -0.000150637 0.000179795 -0.00128284
internal_weight=27068 426 26642 26472 504 274 25968 12950 1519 1357 355 11431 13018 1349
internal_count=27068 426 26642 26472 504 274 25968 12950 1519 1357 355 11431 13018 1349
is_linear=0
shrinkage=0.03


Tree=353
num_leaves=15
num_cat=0
split_feature=16 16 21 18 18 7 6 5 20 5 8 21 7 7
split_gain=2.23168 5.74896 4.08516 6.61172 5.59464 6.29302 7.39602 7.56296 8.46806 6.82975 8.6715 11.6163 7.11184 7.41606
threshold=0.028144223615527156 0.033323077484965331 578.26361083984386 4.5415291786193857 5.7752783298492441 0.23443692177534106 0.30323863029479986 0.86471140384674083 20.335225105285648 0.49213244020938879 0.35424181818962103 202.58787536621097 0.061642965301871307 0.035108832642436034
decision_type=2 2 2 2 2 2 2 2 2 2 2 2 2 2
left_child=2 -2 4 -4 -1 6 7 8 -6 -8 -11 12 13 -12
right_child=1 -3 3 -5 5 -7 9 -9 -10 10 11 -13 -14 -15
leaf_value=-0.00040171016077102291 -0.0045534982225258966 -0.00019712338764705926 0.0030528945979117665 -0.003598201707574398 0.0071628893544334622 -0.0042897520106635048 0.00070964795837953436 0.0067701228047977353 -0.00037311453766816088 0.00072288349096551836 0.0090594785608189097 -0.0011339752352935914 0.013516816094142759 0.00080371180896443367
leaf_weight=8328 275 10397 889 154 134 211 1344 144 3880 488 242 162 149 164
leaf_count=8328 275 10397 889 154 134 211 1344 144 3880 488 242 162 149 164
internal_value=2.56601e-05 -0.00031146 0.000246557 0.00205837 0.000121975 0.000752229 0.000913926 0.000133279 -0.000112941 0.00218459 0.00381993 0.00590822 0.00795555 0.00577498
internal_weight=26961 10672 16289 1043 15246 6918 6707 4158 4014 2549 1205 717 555 406
internal_count=26961 10672 16289 1043 15246 6918 6707 4158 4014 2549 1205 717 555 406
is_linear=0
shrinkage=0.03


Tree=354
num_leaves=15
num_cat=0
split_feature=16 21 16 8 16 17 3 2 0 20 0 5 3 6
split_gain=2.00219 7.00197 5.16749 12.3642 3.71842 3.57477 3.28772 3.52882 4.89021 3.38948 4.82133 8.34389 6.07307 6.35808
threshold=0.12502931803464892 41.397123336791999 0.11110140383243562 0.34533280134201055 0.11433933675289155 0.50999999046325695 0.084830462932586684 0.36345028877258306 4.1481850147247323 12.141599655151369 2.9461891651153569 0.38862559199333196 0.02325841132551432 0.24982403218746188
decision_type=2 2 2 2 2 2 2 2 2 2 2 2 2 2
left_child=2 -2 -1 -4 -5 -6 7 8 9 -3 12 -12 13 -11
right_child=1 6 3 4 5 -7 -8 -9 -10 10 11 -13 -14 -15
leaf_value=7.7550606443547101e-05 -0.0055589089358256388 0.0034885443784424676 0.0054989424361496751 0.0027954398550799476 -8.5089615307241205e-05 -0.0062562035615012892 -0.0049621084391498777 -0.0039943763488462488 0.0049585456858419448 -0.0023695888674192247 -0.0085172048783252567 -0.00082635390614780419 0.0068128360403662035 0.0023110658630572686
leaf_weight=22535 234 213 513 144 186 150 122 185 179 475 138 1146 136 568
leaf_count=22535 234 213 513 144 186 150 122 185 179 475 138 1146 136 568
internal_value=7.28037e-05 -0.000607606 0.000171121 0.00228358 -0.00117411 -0.00289139 -0.000232993 -3.53701e-05 0.000227703 -9.74051e-05 -0.000413957 -0.00168277 0.000969128 0.000178281
internal_weight=26924 3396 23528 993 480 336 3162 3040 2855 2676 2463 1284 1179 1043
internal_count=26924 3396 23528 993 480 336 3162 3040 2855 2676 2463 1284 1179 1043
is_linear=0
shrinkage=0.03


Tree=355
num_leaves=15
num_cat=0
split_feature=17 4 21 21 3 8 17 21 16 8 4 21 8 21
split_gain=2.20964 6.02635 6.39221 7.9452 8.18898 5.76901 3.64409 9.59214 8.46324 5.82698 3.91444 3.19622 3.1285 6.17283
threshold=0.089999999850988402 0.079981919378042235 632.81069946289074 462.67431640625006 0.0058044702745974073 0.3722475022077561 0.14000000059604648 587.50012207031261 0.069897308945655837 0.19907387346029284 0.030686133541166786 355.81625366210943 0.3471453338861466 520.36300659179699
decision_type=2 2 2 2 2 2 2 2 2 2 2 2 2 2
left_child=1 2 3 5 12 11 8 -8 9 -2 -11 -1 13 -5
right_child=6 -3 -4 4 -6 -7 7 -9 -10 10 -12 -13 -14 -15
leaf_value=0.0027055056643716636 -0.0025660039366158685 0.0053134873582825169 0.0018828077141091 -0.0081986894419671386 -0.0061754445274005594 0.0063101444474501622 0.00010616752482533193 -0.007067192891625048 -0.0023575634171885489 0.0049390933680545212 -0.00015295921476299448 -0.0036119462927657361 0.00098488236361361564 -0.00093694964747238372
leaf_weight=121 140 132 485 134 491 146 23039 164 348 699 168 164 324 442
leaf_count=121 140 132 485 134 491 146 23039 164 348 699 168 164 324 442
internal_value=5.68454e-05 -0.000803436 -0.00116416 -0.00197817 -0.00307839 0.00156722 0.000142431 5.39542e-05 0.00165174 0.00304208 0.00395718 -0.000929397 -0.00136399 -0.00268233
internal_weight=26997 2439 2307 1822 1391 431 24558 23203 1355 1007 867 285 900 576
internal_count=26997 2439 2307 1822 1391 431 24558 23203 1355 1007 867 285 900 576
is_linear=0
shrinkage=0.03


Tree=356
num_leaves=15
num_cat=0
split_feature=7 20 6 8 18 21 21 18 21 20 1 16 3 3
split_gain=2.69806 5.2035 9.08944 6.74757 8.70397 9.23518 8.67203 6.16497 9.31303 5.81072 5.57588 5.27414 10.118 7.87675
threshold=0.049664070829749114 14.174540996551515 1.0000000180025095e-35 0.31350943446159368 6.3030354976654062 209.05830383300784 266.87844848632818 6.0090038776397714 346.34062194824224 7.1029000282287607 0.056238448247313506 0.076307065784931197 0.054055672138929374 0.001214211340993643
decision_type=2 2 2 2 2 2 2 2 2 2 2 2 2 2
left_child=-1 7 -3 10 5 -5 -7 8 -2 -10 -4 12 13 -8
right_child=1 2 3 4 -6 6 11 -9 9 -11 -12 -13 -14 -15
leaf_value=-0.00029361104322540973 0.004602997394871306 0.0074134198627462226 0.0019044245989972826 -0.0018093724077767265 0.0033727609173539335 0.0031169427033941742 0.001266046847877399 -0.0067940334225709588 -0.000535731201632401 -0.0062344506610478951 -0.002489659685347425 -0.0019118112481047575 0.0063707299693845408 -0.0025902181936679181
leaf_weight=15024 226 164 3027 2595 594 872 1355 170 530 227 280 1119 239 729
leaf_count=15024 226 164 3027 2595 594 872 1355 170 530 227 280 1119 239 729
internal_value=-2.49728e-05 0.000307824 0.000509444 0.000401324 -9.64757e-05 -0.000396966 0.00045375 -0.00160507 -0.000677851 -0.00227429 0.00152919 -0.000224489 0.000590662 -8.58767e-05
internal_weight=27151 12127 10974 10810 7503 6909 4314 1153 983 757 3307 3442 2323 2084
internal_count=27151 12127 10974 10810 7503 6909 4314 1153 983 757 3307 3442 2323 2084
is_linear=0
shrinkage=0.03


Tree=357
num_leaves=15
num_cat=0
split_feature=16 16 21 18 20 18 21 8 7 8 7 18 18 21
split_gain=3.1577 3.85875 6.90247 4.09195 3.52005 3.2457 8.35173 4.33681 3.14617 5.18236 5.98367 4.88693 5.52237 8.45639
threshold=0.20008224248886111 0.16670507192611697 202.58787536621097 6.0345494747161874 112.9377784729004 6.1698489189147958 204.516960144043 0.2892217636108399 0.049664070829749114 0.22369663417339328 0.094981607049703612 6.4794530868530282 6.3030354976654062 118.62879943847658
decision_type=2 2 2 2 2 2 2 2 2 2 2 2 2 2
left_child=1 8 3 -3 -4 6 -2 -8 11 10 -10 12 -1 -14
right_child=5 2 4 -5 -6 -7 7 -9 9 -11 -12 -13 13 -15
leaf_value=-0.00022998934840166174 -0.003267244150736915 -0.0023603085375560277 -0.0026299593545180476 -0.010129147005155681 0.0029383491358518526 0.0050833247740952906 -0.0008387424218820296 0.0043389914481072938 0.0057971030082729349 0.00020699714168986879 -0.0011719184617022041 0.0037715217485618032 -0.0034605918158289455 0.0043772512735063013
leaf_weight=12913 306 127 205 120 194 186 212 450 313 10492 168 252 950 138
leaf_count=12913 306 127 205 120 194 186 212 450 313 10492 168 252 950 138
internal_value=-2.46118e-05 -9.32225e-05 -0.00237368 -0.00626073 8.02971e-05 0.00150737 0.000797658 0.00268701 -3.43646e-05 0.000347384 0.003376 -0.000328282 -0.000403393 -0.00245098
internal_weight=27026 25872 646 247 399 1154 968 662 25226 10973 481 14253 14001 1088
internal_count=27026 25872 646 247 399 1154 968 662 25226 10973 481 14253 14001 1088
is_linear=0
shrinkage=0.03


Tree=358
num_leaves=15
num_cat=0
split_feature=21 18 18 3 1 7 20 7 0 1 21 1 21 0
split_gain=1.90305 14.9611 8.8304 4.56611 6.66286 1.85286 7.87486 7.25212 6.80148 8.94888 5.76003 6.40608 5.78697 5.18759
threshold=15.311575412750246 5.9828157424926767 6.269367218017579 0.040786622092127807 0.0053424690850079068 0.050696983933448798 17.573824882507328 0.029210248030722145 2.4460488557815556 0.01786158420145512 468.40444946289068 0.024897129274904731 457.15705871582037 3.991338968276978
decision_type=2 2 2 2 2 2 2 2 2 2 2 2 2 2
left_child=1 -1 -3 4 -4 6 7 8 -2 -10 12 -12 13 -7
right_child=5 2 3 -5 -6 10 -8 -9 9 -11 11 -13 -14 -15
leaf_value=-0.0073256308715196044 -0.00013301139360997807 0.0093337225075811152 -0.0003670053034809164 -0.0027630668725144186 0.0086938845691835777 0.00082125505477879826 -0.00042006526705261381 -0.0011704034910396763 0.0096384249290295682 0.0001647234646320019 -0.0020667881759642293 0.0016122046852342306 0.0058206096961895097 -0.0010471397651739432
leaf_weight=136 204 165 171 158 122 7499 13780 328 272 133 1629 572 182 1623
leaf_count=136 204 165 171 158 122 7499 13780 328 272 133 1629 572 182 1623
internal_value=2.69439e-05 0.00150987 0.00350384 0.001292 0.00348836 -1.58634e-05 -0.000238797 0.00241511 0.00434003 0.00656726 0.000269289 -0.0011092 0.000595811 0.000488436
internal_weight=26974 752 616 451 293 26222 14717 937 609 405 11505 2201 9304 9122
internal_count=26974 752 616 451 293 26222 14717 937 609 405 11505 2201 9304 9122
is_linear=0
shrinkage=0.03


Tree=359
num_leaves=15
num_cat=0
split_feature=21 17 3 5 20 21 7 8 8 5 16 8 20 18
split_gain=2.82862 2.40172 7.14034 6.50444 5.0183 7.15755 4.62389 5.81835 7.04922 5.05485 3.64021 3.31154 2.87725 11.5339
threshold=679.47171020507824 0.080000001937150969 0.041258582845330245 0.51567196846008312 15.501840114593508 448.96221923828131 0.029210248030722145 0.38875970244407659 0.27375826239585882 0.54100856184959423 0.0018821899429894986 0.28325396776199346 48.273050308227546 6.0090038776397714
decision_type=2 2 2 2 2 2 2 2 2 2 2 2 2 2
left_child=1 2 4 -4 6 -6 9 8 -8 -1 -10 -7 13 -3
right_child=-2 12 3 -5 5 11 7 -9 10 -11 -12 -13 -14 -15
leaf_value=-0.0029107945459330175 0.0033780324151760546 0.0020998514718404198 4.9520150241733063e-05 -0.0088992087990045557 0.0075564628744842072 -0.0025465453087998298 0.00079101826925945327 0.0011115911010065101 -0.010806861567186717 0.0053923387376024669 -0.0039994477081847736 0.001536990794725716 -5.7437274728048327e-05 -0.002707279525011941
leaf_weight=122 216 1968 123 175 133 266 122 182 158 133 141 520 22105 577
leaf_count=122 216 1968 123 175 133 266 122 182 158 133 141 520 22105 577
internal_value=-2.02563e-06 -2.99711e-05 -0.00100892 -0.00526574 -0.00028229 0.00125498 -0.00192658 -0.00335051 -0.0052699 0.00144028 -0.00771526 0.000147669 5.26235e-05 0.00100681
internal_weight=26941 26725 2075 298 1777 919 858 603 421 255 299 786 24650 2545
internal_count=26941 26725 2075 298 1777 919 858 603 421 255 299 786 24650 2545
is_linear=0
shrinkage=0.03


Tree=360
num_leaves=15
num_cat=0
split_feature=8 6 18 21 7 21 7 0 16 0 0 18 0 16
split_gain=2.29049 7.74891 7.65151 5.69498 9.64365 5.59188 5.49242 9.45189 5.33488 8.83794 5.28656 5.24975 6.47246 6.16348
threshold=0.26992103457450872 0.21772284060716632 6.2436668872833261 556.54278564453136 0.16685996204614642 457.15705871582037 1.0000000180025095e-35 3.0024769306182866 0.059936545789241798 2.6876529455184941 4.3822233676910409 5.1313288211822519 3.5178520679473881 0.067877873778343215
decision_type=2 2 2 2 2 2 2 2 2 2 2 2 2 2
left_child=3 2 10 4 5 11 -7 -8 9 -5 -2 12 13 -1
right_child=1 -3 -4 8 -6 6 7 -9 -10 -11 -12 -13 -14 -15
leaf_value=-0.00101646400645821 -0.0006827369790438979 0.00019022253210625338 -0.0072275659680987392 0.0012138228024161923 -0.0067273139189613059 -0.0054445325388321969 0.0040480523549512714 -0.0035090686761443998 -0.0020608704146060689 0.0089761545527289859 -0.0046197104374963291 0.00036643496029682866 0.0070573097189533928 0.0067221510004518287
leaf_weight=346 4851 14499 175 326 172 262 256 342 143 219 323 4699 242 121
leaf_count=346 4851 14499 175 326 172 262 256 342 143 219 323 4699 242 121
internal_value=-4.21175e-06 -0.000169879 -0.00114524 0.000456887 0.000178673 0.000373391 -0.00186682 -0.000267173 0.00304102 0.00438624 -0.000932735 0.000731032 0.00312797 0.00103859
internal_weight=26976 19848 5349 7128 6440 6268 860 598 688 545 5174 5408 709 467
internal_count=26976 19848 5349 7128 6440 6268 860 598 688 545 5174 5408 709 467
is_linear=0
shrinkage=0.03


Tree=361
num_leaves=15
num_cat=0
split_feature=5 5 1 6 18 18 0 0 3 3 3 0 3 6
split_gain=2.85688 8.52577 6.92204 5.96417 4.87173 8.70189 6.03467 4.5892 4.01503 8.01672 7.79569 7.06524 4.68543 4.58727
threshold=0.48246838152408605 0.47041484713554388 1.0000000180025095e-35 0.5182480812072755 3.1259334087371831 4.7468895912170419 3.1766262054443364 1.6446080803871157 0.028080228716135028 0.089825127273798003 0.060606129467487342 3.3088430166244511 0.010132503230124714 0.36614634096622473
decision_type=2 2 2 2 2 2 2 2 2 2 2 2 2 2
left_child=1 2 4 -2 -1 6 -6 -4 11 10 13 -7 -13 -10
right_child=3 -3 7 -5 5 8 -8 -9 9 -11 -12 12 -14 -15
leaf_value=0.0051494970335525178 -0.00029810015373003438 0.0035813910550595292 0.0045412441564345717 0.0052819598925797715 -0.0053556394730568729 0.0018522279349071585 0.0010018255944994866 -0.0011530461714194442 0.0048160766284673362 -0.0036339993896581289 0.010163286647293716 -0.00054062504602011251 -0.0067400122322435448 -0.0015216499703890848
leaf_weight=228 18753 699 128 169 328 1719 223 3084 276 123 163 815 122 159
leaf_count=228 18753 699 128 169 328 1719 223 3084 276 123 163 815 122 159
internal_value=-4.53568e-05 0.000427198 0.000125735 -0.00024688 0.000933625 0.00068268 -0.00279678 -0.00091942 0.00125369 0.00323147 0.00466202 0.000711743 -0.00137929 0.00250856
internal_weight=26989 8067 7368 18922 4156 3928 551 3212 3377 721 598 2656 937 435
internal_count=26989 8067 7368 18922 4156 3928 551 3212 3377 721 598 2656 937 435
is_linear=0
shrinkage=0.03


Tree=362
num_leaves=15
num_cat=0
split_feature=7 8 9 8 21 8 0 7 21 17 0 0 7 21
split_gain=2.1169 5.38945 6.74556 5.81737 10.137 4.63233 5.79093 4.03428 3.85661 3.80052 3.30808 5.38613 8.18894 6.31588
threshold=0.0092633198946714419 0.41094043850898748 1.0000000180025095e-35 0.31705275177955633 226.15012359619143 0.18877658247947696 1.367871940135956 0.0062329014763236055 213.19264984130862 0.51999998092651378 1.0586304068565371 2.5816127061843877 0.14686124026775363 477.09057617187506
decision_type=2 2 2 2 2 2 2 2 2 2 2 2 2 2
left_child=1 2 3 7 -5 6 -2 -1 -8 -9 -7 12 -12 -14
right_child=5 -3 -4 4 -6 10 8 9 -10 -11 11 -13 13 -15
leaf_value=-0.00018418712070146704 0.0083697277464531358 -0.005519223465046917 -0.0065785869382420517 -0.0022226060542558865 0.006946367562510246 -0.0028200518199587008 0.0042278855247076287 -0.0066540903934898471 -0.00071295848702857499 -4.8522664098224296e-05 0.0018205816040006311 -0.00011352113915717238 -0.00029115180379021155 -0.0072540915682911874
leaf_weight=2389 120 190 146 184 253 352 230 175 357 139 2983 18918 539 145
leaf_count=2389 120 190 146 184 253 352 230 175 357 139 2983 18918 539 145
internal_value=1.75839e-05 -0.000673138 -0.000384972 -8.6988e-05 0.00310428 0.000119251 0.00250236 -0.000607706 0.00124233 -0.00377656 4.52654e-05 9.05373e-05 0.00114199 -0.00180914
internal_weight=27120 3476 3286 3140 437 23644 707 2703 587 314 22937 22585 3667 684
internal_count=27120 3476 3286 3140 437 23644 707 2703 587 314 22937 22585 3667 684
is_linear=0
shrinkage=0.03


Tree=363
num_leaves=15
num_cat=0
split_feature=8 18 18 1 0 8 18 6 16 7 8 4 8 3
split_gain=2.78378 10.123 4.55735 9.69953 5.77212 2.7612 5.82905 6.18046 2.651 2.30805 8.11977 6.74519 6.48458 4.88552
threshold=0.49637776613235479 5.9828157424926767 5.023210048675538 0.024380390532314781 3.049923419952393 0.47354353964328771 5.4530422687530526 0.37651677429676061 0.059425417333841331 0.083679791539907469 0.4571340829133988 0.07697706297039987 0.45990407466888433 0.051930004730820663
decision_type=2 2 2 2 2 2 2 2 2 2 2 2 2 2
left_child=5 2 4 8 -2 9 -7 -8 -4 12 11 13 -1 -11
right_child=1 -3 3 -5 -6 6 7 -9 -10 10 -12 -13 -14 -15
leaf_value=-0.00026532706523337782 0.0077411479806879478 0.0081074452547090382 -0.0024267997927797428 0.0046235856612759606 -0.00064396326764714707 -0.0056969615426857639 -0.0038424658685547414 0.0049831326901722617 -0.0083192538171199953 7.3914245543420012e-05 -0.0045088217851891156 0.004288237702762058 0.004375914643696425 0.0025233148213192396
leaf_weight=18339 122 170 163 133 175 232 134 142 122 5442 281 425 270 842
leaf_count=18339 122 170 163 133 175 232 134 142 122 5442 281 425 270 842
internal_value=-9.68422e-06 0.00164025 5.69717e-05 -0.00195317 0.00287156 -6.59186e-05 -0.00224515 0.000706113 -0.00504913 -2.22428e-05 0.000442356 0.000652934 -0.000196829 0.000403857
internal_weight=26992 885 715 418 297 26107 508 276 285 25599 6990 6709 18609 6284
internal_count=26992 885 715 418 297 26107 508 276 285 25599 6990 6709 18609 6284
is_linear=0
shrinkage=0.03


Tree=364
num_leaves=15
num_cat=0
split_feature=5 6 7 1 7 3 16 0 0 8 8 8 21 0
split_gain=2.63 7.70017 8.2591 7.01466 7.31086 7.43607 7.06222 5.71681 6.56481 5.60515 5.58035 8.86628 8.09346 6.79101
threshold=0.48406071960926061 0.5182480812072755 0.35314604640007025 0.0079375691711902636 0.16069459915161136 0.030017189681530002 0.062516491860151305 4.4024550914764413 1.6446080803871157 0.36320367455482488 0.39827260375022894 0.37394054234027868 241.18049621582034 3.2608754634857182
decision_type=2 2 2 2 2 2 2 2 2 2 2 2 2 2
left_child=3 2 -2 10 7 6 -6 8 -5 -9 11 -1 -13 -12
right_child=1 -3 -4 4 5 -7 -8 9 -10 -11 13 12 -14 -15
leaf_value=0.0011107393015556538 -0.00030705143416484863 0.0057667002484818259 -0.006911605924833566 0.0045631460519167623 -0.0031954063694858595 0.0089707708423297228 0.0057142565893044056 -0.0022729915856138055 -0.0022038051819879972 0.0049568224965183599 0.0013444662705071038 0.0012619138890268089 0.0093558826647392925 -0.0028365121518997448
leaf_weight=3070 18579 181 167 132 194 122 129 158 2325 234 769 209 237 633
leaf_count=3070 18579 181 167 132 194 122 129 158 2325 234 769 209 237 633
internal_value=-0.000113035 -0.000307545 -0.000367716 0.000335183 -0.000735502 0.00282025 0.000395806 -0.00129486 -0.00183173 0.00205084 0.00105233 0.00168977 0.00561901 -0.000546608
internal_weight=27139 18927 18746 8212 3294 445 323 2849 2457 392 4918 3516 446 1402
internal_count=27139 18927 18746 8212 3294 445 323 2849 2457 392 4918 3516 446 1402
is_linear=0
shrinkage=0.03


Tree=365
num_leaves=15
num_cat=0
split_feature=0 21 18 5 0 17 0 17 8 21 8 8 17 6
split_gain=3.45298 4.09769 10.8815 3.48997 2.70413 4.39221 2.64766 5.4251 13.7437 13.0195 10.9919 10.2744 8.56437 7.74447
threshold=0.092653002589941039 266.87844848632818 6.0219559669494638 0.54100856184959423 0.11211621761322023 0.49000000953674322 2.533472061157227 0.74000000953674328 0.29440855979919439 97.186775207519545 0.28515475988388067 0.16177343577146533 0.93000000715255748 0.48555366694927221
decision_type=2 2 2 2 2 2 2 2 2 2 2 2 2 2
left_child=1 2 -1 -3 5 -2 7 10 11 -10 -6 -9 -13 -12
right_child=4 3 -4 -5 6 -7 -8 8 9 -11 13 12 -14 -15
leaf_value=0.010683222773950547 0.00031234751629204019 -0.0030238044627792951 0.00047515538642989866 0.0021245547458254078 -0.0018418466975574645 -0.0065759136160169944 -0.00017380306489262739 0.0001795675220089161 -0.0034625201069110175 0.0061757962416720989 0.0019339741215905802 0.0051375469841676846 0.01463787016247145 -0.0043559118002952299
leaf_weight=139 188 201 272 274 1623 144 20826 214 454 169 2049 270 127 188
leaf_count=139 188 201 272 274 1623 144 20826 214 454 169 2049 270 127 188
internal_value=3.78132e-06 0.00184046 0.00401443 -6.28186e-05 -5.85449e-05 -0.00272857 -2.38258e-05 0.000588901 0.00231609 -0.000819599 3.44542e-05 0.00549407 0.00832096 0.00139683
internal_weight=27138 886 411 475 26252 332 25920 5094 1234 623 3860 611 397 2237
internal_count=27138 886 411 475 26252 332 25920 5094 1234 623 3860 611 397 2237
is_linear=0
shrinkage=0.03


Tree=366
num_leaves=15
num_cat=0
split_feature=9 8 0 18 6 5 21 8 18 21 7 18 16 21
split_gain=2.36865 7.40826 4.83914 7.86404 5.11103 6.74384 3.78262 2.64664 5.95874 6.23331 5.70972 5.93752 8.48851 5.83216
threshold=1.0000000180025095e-35 0.39714545011520391 3.5648421049118046 6.0966689586639413 0.33541324734687811 0.54100856184959423 303.62409973144537 0.39827260375022894 4.4452226161956796 454.34812927246099 0.0082523128949105757 4.8550567626953134 0.01365147950127721 465.69387817382818
decision_type=2 2 2 2 2 2 2 2 2 2 2 2 2 2
left_child=7 2 3 4 5 -2 -3 -1 9 -9 -10 12 -12 -13
right_child=1 6 -4 -5 -6 -7 -8 8 10 -11 11 13 -14 -15
leaf_value=0.0002656147580291547 0.00092481028595741126 0.0052580283780492114 0.0019913251171603994 -0.0096001817453803331 0.0022856158401861962 -0.0077388994421391764 -0.00075089891522177061 0.0052374942325874255 -0.0071458158269888366 -0.0001898474694462493 0.00063014465210911043 -0.00058901564576740973 -0.0076253044862197089 0.0050888968962518608
leaf_weight=20522 136 181 146 163 161 191 189 305 123 493 200 3858 248 165
leaf_count=20522 136 181 146 163 161 191 189 305 123 493 200 3858 248 165
internal_value=5.0564e-05 -0.00126863 -0.00289171 -0.00399367 -0.00204262 -0.00417598 0.00221952 0.000110205 -0.000480983 0.00190421 -0.000896921 -0.00071722 -0.00397356 -0.000350113
internal_weight=27081 1167 797 651 488 327 370 25914 5392 798 4594 4471 448 4023
internal_count=27081 1167 797 651 488 327 370 25914 5392 798 4594 4471 448 4023
is_linear=0
shrinkage=0.03


Tree=367
num_leaves=15
num_cat=0
split_feature=7 8 7 21 6 0 5 17 5 20 4 20 20 21
split_gain=2.26044 5.47054 6.83852 5.43772 9.28175 9.06689 8.13064 8.83928 7.92404 7.07063 6.55616 9.71998 7.62361 7.15786
threshold=0.049664070829749114 0.22921660542488101 0.12447616085410119 209.05830383300784 0.19389531761407855 3.1433485746383671 0.41573485732078558 0.080000001937150969 0.35802936553955084 12.141599655151369 0.033692397177219398 87.790000915527358 12.59167528152466 279.96437072753912
decision_type=2 2 2 2 2 2 2 2 2 2 2 2 2 2
left_child=-1 2 -2 4 5 -3 -5 9 -6 -8 12 -12 -9 -13
right_child=1 3 -4 6 8 -7 7 10 -10 -11 11 13 -14 -15
leaf_value=-0.00022930982556345519 0.0047363577376531392 -0.00060742836633440229 -0.0025180470975897 0.0029438137267156972 -0.0046917874151393242 0.01028930469419557 -0.0050892873579651233 0.0065593449030730677 -0.00053190892209391998 0.00014109355269318233 -0.0061128276859866064 0.0049451581425879387 0.00093966435003208957 -0.0017777531968375432
leaf_weight=14966 486 140 150 1194 458 129 456 226 3769 469 283 213 3721 407
leaf_count=14966 486 140 150 1194 458 129 456 226 3769 469 283 213 3721 407
internal_value=1.71797e-05 0.000321996 0.00301912 0.000171127 -0.000641865 0.00471055 0.000695707 0.00022876 -0.000987647 -0.00245084 0.000741815 -0.00155824 0.00126933 0.000552976
internal_weight=27067 12101 636 11465 4496 269 6969 5775 4227 925 4850 903 3947 620
internal_count=27067 12101 636 11465 4496 269 6969 5775 4227 925 4850 903 3947 620
is_linear=0
shrinkage=0.03


Tree=368
num_leaves=15
num_cat=0
split_feature=6 8 8 5 18 16 0 5 0 18 6 6 8 12
split_gain=2.53799 6.85326 12.0162 6.02291 7.56255 6.16672 8.40764 5.98275 9.32925 10.091 16.5152 9.47577 5.88529 5.4086
threshold=0.29887701570987707 0.35424181818962103 0.39954300224781042 0.42695474624633795 6.0966689586639413 0.13968053460121158 2.4628129005432133 0.52685129642486583 3.059041023254395 5.9960372447967538 0.35718111693859106 0.34835226833820349 0.3722475022077561 1.0000000180025095e-35
decision_type=2 2 2 2 2 2 2 2 2 2 2 2 2 2
left_child=13 -2 3 4 12 6 -5 -4 11 -10 -11 -9 -3 -1
right_child=1 2 7 5 -6 -7 -8 8 9 10 -12 -13 -14 -15
leaf_value=0.00029315071577222724 -0.0014390896514432038 -0.0024655394788766112 -0.0015891697855550352 -0.0030642622172672418 -0.0057427680075293544 -0.0021144643372608698 0.0051634022435192569 -0.0075317334088267759 0.00043776354256581951 0.00051856283406666716 0.015698856222918254 0.0016713797818837604 0.0047567707325686659 -0.0042780929985870532
leaf_weight=18086 3396 166 2384 123 159 155 966 182 457 134 120 215 247 231
leaf_count=18086 3396 166 2384 123 159 155 966 182 457 134 120 215 247 231
internal_value=3.39396e-05 -0.000387703 0.000285683 0.00226162 -0.000285468 0.00342924 0.00422435 -0.000743658 0.00107453 0.00312386 0.00785497 -0.00258888 0.00185909 0.00023435
internal_weight=27021 8704 5308 1816 572 1244 1089 3492 1108 711 254 397 413 18317
internal_count=27021 8704 5308 1816 572 1244 1089 3492 1108 711 254 397 413 18317
is_linear=0
shrinkage=0.03


Tree=369
num_leaves=15
num_cat=0
split_feature=16 5 16 18 17 7 7 6 5 5 3 7 8 3
split_gain=2.10776 2.89642 2.52553 2.16384 7.29963 5.37072 9.75247 7.5867 7.34949 9.14851 7.72957 7.25626 5.76756 5.76246
threshold=0.30609922111034399 0.60160642862319957 0.26371102035045629 6.2497580051422128 0.75000000000000011 0.25841680169105535 0.08858028426766397 0.45134343206882482 0.80570062994956981 0.7332906723022462 0.00083872635150328289 0.012613173108547928 0.35424181818962103 0.020604558289051059
decision_type=2 2 2 2 2 2 2 2 2 2 2 2 2 2
left_child=2 -2 3 -1 -5 6 7 8 9 10 11 -6 -8 -12
right_child=1 -3 -4 4 5 -7 12 -9 -10 -11 13 -13 -14 -15
leaf_value=9.3591705073418519e-05 0.0046594000217914022 -0.0011769313289413566 -0.0032491895074554539 0.0063498186029547861 -0.00048231835680573543 -0.0066768832886979603 -6.0080449975100509e-05 0.0048374976202944257 0.0049237343766504807 -0.010296961632824562 0.0048462447413507312 -0.0054834442618289809 0.0054747711176650988 -0.0011632481031336103
leaf_weight=23430 193 122 213 121 416 139 381 146 121 124 182 701 300 614
leaf_count=23430 193 122 213 121 416 139 381 146 121 124 182 701 300 614
internal_value=-4.49561e-06 0.00241591 -3.32952e-05 -7.01215e-06 -0.000732433 -0.00101645 -0.000742144 -0.00167416 -0.00212487 -0.00255459 -0.0020272 -0.00363134 0.00240031 0.000232456
internal_weight=27203 315 26888 26675 3245 3124 2985 2304 2158 2037 1913 1117 681 796
internal_count=27203 315 26888 26675 3245 3124 2985 2304 2158 2037 1913 1117 681 796
is_linear=0
shrinkage=0.03


Tree=370
num_leaves=15
num_cat=0
split_feature=7 7 5 21 18 5 18 0 3 5 7 21 16 4
split_gain=3.12176 5.92427 6.49618 5.29076 12.9168 9.37095 5.46025 6.96528 5.6784 11.2309 6.47096 10.3111 7.65167 7.46454
threshold=0.049664070829749114 0.051744882017374046 0.58042725920677196 43.342350006103523 6.3384702205657968 0.48406071960926061 4.9938595294952401 4.7248785495758066 0.034196157008409507 0.69477012753486644 0.0092633198946714419 560.93472290039074 0.01365147950127721 0.062396986410021789
decision_type=2 2 2 2 2 2 2 2 2 2 2 2 2 2
left_child=3 2 -2 4 -1 -6 7 8 10 -10 -5 13 -13 -12
right_child=1 -3 -4 6 5 -7 -8 -9 9 -11 11 12 -14 -15
leaf_value=0.0045665273411798742 0.00048815472749993202 0.00024596955093918313 0.0083429861662241856 -0.00096782526791229734 0.0050883269340107982 -0.0041303135774649093 -0.00079996118712052087 -0.0055266723450687191 -0.0037418523136973562 0.0062458446711818796 0.00178078552512934 0.0080704519750488118 -0.00011002419565418928 -0.0046970643072250136
leaf_weight=624 211 11665 168 756 128 389 10191 157 500 122 1391 382 140 176
leaf_count=624 211 11665 168 756 128 389 10191 157 500 122 1391 382 140 176
internal_value=7.38598e-06 0.000366773 0.00403328 -0.000282052 0.00167692 -0.00182107 -0.000444395 0.000555214 0.000838189 -0.00174867 0.00140583 0.0022651 0.00589623 0.00104059
internal_weight=27000 12044 379 14956 1141 517 13815 3624 3467 622 2845 2089 522 1567
internal_count=27000 12044 379 14956 1141 517 13815 3624 3467 622 2845 2089 522 1567
is_linear=0
shrinkage=0.03


Tree=371
num_leaves=15
num_cat=0
split_feature=6 5 8 5 16 6 6 17 0 6 20 8 1 0
split_gain=2.64791 5.79443 5.44194 2.65162 2.40359 9.83705 11.5307 7.61679 9.02989 9.0947 7.43253 6.77591 6.75753 6.11861
threshold=0.5340489149093629 0.45242440700531011 0.39056292176246649 0.2757838517427445 0.055177986621856696 1.0000000180025095e-35 0.098962634801864638 0.54000002145767223 3.3854099512100224 0.3681181818246842 115.1608009338379 0.3722475022077561 0.071145854890346541 3.2928869724273686
decision_type=2 2 2 2 2 2 2 2 2 2 2 2 2 2
left_child=4 2 3 -2 -1 -6 -7 12 10 -10 11 -9 -8 -12
right_child=1 -3 -4 -5 5 6 7 8 9 -11 13 -13 -14 -15
leaf_value=0.00016191350664620765 -3.8240450390038036e-05 0.0061489951157011093 -0.0032879158506967029 0.0061781422301594698 0.0051039175780007622 -0.0072423943397044747 0.000696998916602686 -0.0034211936540224494 0.0013730376013289742 -0.0043446066493095662 -0.0012420716548991219 -0.011849337214831638 -0.0057081317459308691 -0.006761854175468999
leaf_weight=17750 121 195 224 121 273 226 3979 257 1353 302 1762 129 149 197
leaf_count=17750 121 195 224 121 273 226 3979 257 1353 302 1762 129 149 197
internal_value=9.42748e-06 0.00187762 4.39382e-05 0.0031321 -3.77358e-05 -0.000448369 -0.000632756 -0.000444635 -0.00137678 0.000319754 -0.00257225 -0.00635336 0.00045918 -0.00181295
internal_weight=27038 661 466 242 26377 8627 8354 8128 4000 1655 2345 386 4128 1959
internal_count=27038 661 466 242 26377 8627 8354 8128 4000 1655 2345 386 4128 1959
is_linear=0
shrinkage=0.03


Tree=372
num_leaves=15
num_cat=0
split_feature=3 3 3 5 0 3 0 5 16 5 5 6 0 17
split_gain=2.12728 1.79117 4.24026 5.43186 4.78768 5.42094 3.54952 8.21026 4.67903 5.36758 6.89845 3.38726 4.03454 3.34624
threshold=0.15605062246322635 0.061360986903309829 0.068965785205364241 0.5954205095767976 4.0263161659240732 0.080011837184429183 3.658551931381226 0.53525912761688244 0.13333727419376376 0.6186041831970216 0.68616682291030895 0.2271310240030289 3.1766262054443364 0.50000000000000011
decision_type=2 2 2 2 2 2 2 2 2 2 2 2 2 2
left_child=1 -1 3 -3 6 -6 8 -8 9 11 -11 -4 -13 -7
right_child=-2 2 4 -5 5 13 7 -9 -10 10 -12 12 -14 -15
leaf_value=-0.0001540225100218947 -0.0038129298133856575 0.0057225026358850304 0.0063769202628203769 -0.00058218165524831077 -0.0020173872674537695 0.0014529849386705858 -0.0091751581153063019 0.00032023909046242319 -0.0053327750538335033 -0.0076994632975046712 0.0012350803170578949 0.003722315032549483 -0.0021059000373880388 0.0074666400450271557
leaf_weight=24628 133 295 146 207 156 159 133 201 124 124 193 234 189 177
leaf_count=24628 133 295 146 207 156 159 133 201 124 124 193 234 189 177
internal_value=-9.76714e-05 -7.86438e-05 0.000714014 0.00314266 4.32411e-05 0.0025602 -0.000884219 -0.00354042 7.28158e-06 0.00078038 -0.00232511 0.00251569 0.00112404 0.00468392
internal_weight=27099 26966 2338 502 1836 492 1344 334 1010 886 317 569 423 336
internal_count=27099 26966 2338 502 1836 492 1344 334 1010 886 317 569 423 336
is_linear=0
shrinkage=0.03


Tree=373
num_leaves=15
num_cat=0
split_feature=16 16 5 18 21 8 3 4 8 0 0 8 6 0
split_gain=3.02341 3.62285 3.29397 2.90123 11.2408 7.39518 11.1876 8.92514 7.4792 6.23312 13.8712 9.12142 7.72583 10.0112
threshold=0.29928679764270788 0.26371102035045629 0.60160642862319957 6.2564725875854501 180.92637634277347 0.33706641197204595 0.023600996471941475 0.025338153354823593 0.4074667096138001 2.5816127061843877 0.30409194529056555 0.28818196058273321 0.31807410717010504 3.6240111589431767
decision_type=2 2 2 2 2 2 2 2 2 2 2 2 2 2
left_child=1 3 -2 -1 5 9 7 -7 -8 10 -5 -12 13 -11
right_child=2 -3 -4 4 -6 6 8 -9 -10 12 11 -13 -14 -15
leaf_value=9.2919203668151404e-05 0.0053210342993273169 -0.0046060886248373073 -0.00075697996355459198 -0.0056128979144143415 0.0076841104829641566 -0.0031769292744714618 0.0014524098847906895 0.0049894543179317113 0.0096572686360863538 -0.0048076122349981123 0.0071530829268280699 -0.0028973040881752968 -0.0078434739708299599 0.0018390807481082445
leaf_weight=23458 191 151 134 232 127 629 288 144 150 533 233 120 305 325
leaf_count=23458 191 151 134 232 127 629 288 144 150 533 233 120 305 325
internal_value=-1.24239e-05 -4.7695e-05 0.00284152 -2.09013e-05 -0.00088485 -0.00126497 0.000535928 -0.00163335 0.00433958 -0.00251059 1.69727e-05 0.00374377 -0.00377661 -0.00229386
internal_weight=27020 26695 325 26544 3086 2959 1211 773 438 1748 585 353 1163 858
internal_count=27020 26695 325 26544 3086 2959 1211 773 438 1748 585 353 1163 858
is_linear=0
shrinkage=0.03


Tree=374
num_leaves=15
num_cat=0
split_feature=0 18 3 0 18 18 7 18 7 0 16 9 18 18
split_gain=1.84324 1.58431 2.25809 1.85097 6.19739 5.79257 5.29227 1.87339 11.5491 1.83851 6.01883 6.6842 5.09354 11.4943
threshold=5.684272527694703 1.4614191055297854 0.15605062246322635 4.839562416076661 4.9938595294952401 5.8503060340881357 0.037056967616081245 2.4107307195663457 0.043479228392243392 3.7804321050643925 0.06563692539930345 1.0000000180025095e-35 5.2151527404785165 5.7190785408020028
decision_type=2 2 2 2 2 2 2 2 2 2 2 2 2 2
left_child=1 -1 3 7 -5 -6 -7 8 -3 -9 11 12 -11 -14
right_child=-2 2 -4 4 5 6 -8 9 -10 10 -12 -13 13 -15
leaf_value=0.0025216950971719831 -0.0028919156247894594 0.0047278870398178695 -0.0040705734085003352 -0.0034065494138725144 0.0070107983375465831 0.0045080508412369954 -0.0040036126297280077 8.285340441972041e-05 -0.0070295007148999588 0.00030245727447090277 0.0012935000919892746 0.0053584914109376554 -0.0044993759299575839 -0.00061639451617239718
leaf_weight=210 201 120 121 162 206 127 126 19735 185 1351 1280 138 1022 2073
leaf_count=210 201 120 121 162 206 127 126 19735 185 1351 1280 138 1022 2073
internal_value=-6.49532e-05 -4.32608e-05 -6.39448e-05 -4.4904e-05 0.00156705 0.00334023 0.000273603 -8.38425e-05 -0.002402 -5.57591e-05 -0.000521926 -0.00102971 -0.00123379 -0.00190378
internal_weight=27057 26856 26646 26525 621 459 253 25904 305 25599 5864 4584 4446 3095
internal_count=27057 26856 26646 26525 621 459 253 25904 305 25599 5864 4584 4446 3095
is_linear=0
shrinkage=0.03


Tree=375
num_leaves=15
num_cat=0
split_feature=6 6 6 16 18 0 0 8 21 16 0 8 8 0
split_gain=2.73298 6.62835 5.54362 8.66478 4.06595 7.50953 4.78467 7.56683 7.14561 6.26444 6.00202 8.47812 7.84987 7.69562
threshold=0.34395013749599462 0.33831037580966955 0.33396850526332861 0.00087501222151331614 4.8697805404663095 3.3172373771667485 3.5800411701202397 0.47724147140979772 206.65666961669925 0.099575594067573561 3.0115858316421513 0.25879281759262091 0.44315503537654882 3.2928869724273686
decision_type=2 2 2 2 2 2 2 2 2 2 2 2 2 2
left_child=1 2 -1 -4 5 -2 8 9 10 -8 11 -6 13 -12
right_child=4 -3 3 -5 6 -7 7 -9 -10 -11 12 -13 -14 -15
leaf_value=-8.4905033748325058e-05 -0.0052948361479716634 -0.0039944518172034963 0.0093212470443298414 -0.00095269070724926649 0.0058848981513745253 0.001955618109021868 -0.0003538121224010658 0.0043392611874558274 0.0032995980845541726 -0.0059658689567228199 0.0049137955005850867 -0.0021980788578055042 0.0093027738985117705 -0.0022442824854546329
leaf_weight=21062 267 381 139 150 130 240 1290 263 1331 203 240 866 121 297
leaf_count=21062 267 381 139 150 130 240 1290 263 1331 203 240 866 121 297
internal_value=5.01486e-05 -9.82638e-05 -2.7819e-05 0.00406324 0.000664234 -0.00187709 0.000937692 -0.000304466 0.00166771 -0.00113424 0.000348518 -0.00111895 0.00256147 0.000970676
internal_weight=26980 21732 21351 289 5248 507 4741 1756 2985 1493 1654 996 658 537
internal_count=26980 21732 21351 289 5248 507 4741 1756 2985 1493 1654 996 658 537
is_linear=0
shrinkage=0.03


Tree=376
num_leaves=15
num_cat=0
split_feature=7 7 20 16 18 16 6 6 3 5 18 5 5 0
split_gain=2.53928 4.24358 6.68921 4.3593 3.44954 12.173 11.9324 8.62037 7.97254 7.85484 7.12672 9.62165 10.3928 6.89797
threshold=0.12285907939076425 0.13420987874269488 91.868801116943374 0.015197400934994222 5.7820127010345468 0.0065698358230292806 0.31002445518970495 0.31002445518970495 0.023033386096358303 0.66427344083786022 6.2240722179412851 0.61137145757675182 0.43329714238643652 3.0024769306182866
decision_type=2 2 2 2 2 2 2 2 2 2 2 2 2 2
left_child=4 2 -2 -4 8 6 10 -7 -1 -8 13 12 -12 -6
right_child=1 -3 3 -5 5 7 9 -9 -10 -11 11 -13 -14 -15
leaf_value=9.9739306770073362e-05 0.007231212557166476 0.00038226808707157695 -0.0034839403435330965 0.0030906810128578433 0.0027771626358482617 6.8400271524893534e-05 0.0026029302875986687 -0.0030907233531955757 -0.0015847482253736984 0.0099091289863766467 0.0036588840952284539 0.0023159553847837311 -0.0048671072370422459 -0.00031742558581224141
leaf_weight=9097 215 4539 140 238 1238 2263 1800 1179 3497 139 153 388 711 1353
leaf_count=9097 215 4539 140 238 1238 2263 1800 1179 3497 139 153 388 711 1353
internal_value=9.56071e-05 0.00069569 0.00307146 0.000641943 -4.56705e-05 0.000394983 0.00123546 -0.00101662 -0.000368439 0.00315082 0.00026621 -0.00158836 -0.00334493 0.00116369
internal_weight=26950 5132 593 378 21818 9224 5782 3442 12594 1939 3843 1252 864 2591
internal_count=26950 5132 593 378 21818 9224 5782 3442 12594 1939 3843 1252 864 2591
is_linear=0
shrinkage=0.03


Tree=377
num_leaves=15
num_cat=0
split_feature=7 20 8 17 6 7 0 7 0 1 18 17 7 4
split_gain=2.86944 6.85136 7.94361 5.23488 6.22404 11.06 8.49524 11.8433 9.03363 6.51003 9.01063 10.6488 4.71822 5.66033
threshold=0.027159144170582298 17.254125595092777 0.32795792818069464 0.90999999642372142 0.40676088631153112 0.14438427239656451 2.6747463941574101 0.10410510003566743 3.606695413589478 0.030207763426005844 6.4273672103881845 0.94999998807907116 0.044807469472289092 0.094009205698966994
decision_type=2 2 2 2 2 2 2 2 2 2 2 2 2 2
left_child=1 2 -1 12 6 -6 -5 9 -9 10 11 -8 13 -2
right_child=3 -3 -4 4 5 -7 7 8 -10 -11 -12 -13 -14 -15
leaf_value=0.0010734746476830264 -0.0010437096016089869 0.00024311512572488297 0.0084947787614003054 -0.0080269195067636454 0.008740632993722101 -0.0038257948847673835 -0.0044814560009537362 -0.0017953174705438028 0.0071530041694175452 -0.0080915701611242678 -0.0081128347808922269 0.004994627458121007 0.0002794634972861377 0.0048082325516976172
leaf_weight=382 4459 8279 193 213 123 120 206 203 195 215 152 211 11991 149
leaf_count=382 4459 8279 193 213 123 120 206 203 195 215 152 211 11991 149
internal_value=2.11261e-05 0.000464089 0.00361621 -0.000193999 -0.00180933 0.00258297 -0.00258093 -0.00156987 0.00262326 -0.00370166 -0.00198687 0.000315764 -3.41007e-05 -0.00084948
internal_weight=27091 8854 575 18237 1638 243 1395 1182 398 784 569 417 16599 4608
internal_count=27091 8854 575 18237 1638 243 1395 1182 398 784 569 417 16599 4608
is_linear=0
shrinkage=0.03


Tree=378
num_leaves=15
num_cat=0
split_feature=4 18 17 5 5 21 8 7 3 18 7 5 8 16
split_gain=2.74513 1.96047 12.2792 6.01108 5.65605 6.47403 3.16214 9.10767 6.11585 6.15029 4.77004 4.37243 4.16969 4.11727
threshold=0.17085693031549457 6.3101017475128183 0.8100000023841859 0.74343645572662365 0.64921772480010997 45.249000549316413 0.31782813370227819 0.0289154751226306 0.00083872635150328289 6.4273672103881845 0.053365448489785201 0.47938425838947302 0.25001704692840582 0.0028117960318923001
decision_type=2 2 2 2 2 2 2 2 2 2 2 2 2 2
left_child=1 -1 -3 4 6 -6 7 12 9 10 -8 -9 -4 -10
right_child=-2 2 3 -5 5 -7 8 11 13 -11 -12 -13 -14 -15
leaf_value=4.6244329837570776e-05 -0.0037448876833610506 0.0081234392060704399 -0.0004876315222218577 -0.004578784257241353 0.008939165185254656 -0.00026706559239671781 -0.0069107678278914984 -0.00065909172776791689 0.00080486952133297391 0.004505807393961731 0.00022512881416962717 -0.0076345069927405201 0.0058074406919165931 0.0065511578709401101
leaf_weight=24594 161 192 271 201 147 125 158 134 217 123 174 203 140 231
leaf_count=24594 161 192 271 201 147 125 158 134 217 123 174 203 140 231
internal_value=0.000101207 0.000124909 0.000958365 0.000293117 0.000812903 0.00477991 0.000146885 -0.00129097 0.00133848 -0.00110742 -0.00322302 -0.00491109 0.0017007 0.0038074
internal_weight=27071 26910 2316 2124 1923 272 1651 748 903 455 332 337 411 448
internal_count=27071 26910 2316 2124 1923 272 1651 748 903 455 332 337 411 448
is_linear=0
shrinkage=0.03


Tree=379
num_leaves=15
num_cat=0
split_feature=8 18 18 8 0 18 16 17 7 18 18 0 8 17
split_gain=1.80546 4.9799 5.41645 6.48418 4.4825 2.00892 1.83257 5.25679 5.0525 7.02658 7.87507 6.26051 6.04721 4.99584
threshold=0.49062798917293554 5.9828157424926767 5.271644353866578 0.52316793799400341 2.7911496162414555 6.5227863788604745 0.12502931803464892 0.87999999523162853 0.097659464925527587 6.1392128467559823 5.8564896583557138 2.1503489017486577 0.31350943446159368 0.35999999940395361
decision_type=2 2 2 2 2 2 2 2 2 2 2 2 2 2
left_child=5 2 4 -4 -2 6 -1 8 9 10 11 -8 -12 -10
right_child=1 -3 3 -5 -6 -7 7 -9 13 -11 12 -13 -14 -15
leaf_value=0.00014638149461074993 0.0074276169416913757 0.0054941882545467679 0.0016284262178456767 -0.0061349694560925211 0.00056055576034811554 0.0029698185517374322 0.0061875456710538219 -0.00417529549047615 -0.0043549481297377492 0.0060725953684625574 -0.00038497594329427279 0.00030631137042245917 -0.0081891010608813302 -4.856634272050254e-05
leaf_weight=22665 120 204 190 189 274 209 184 330 430 191 202 1184 156 548
leaf_count=22665 120 204 190 189 274 209 184 330 430 191 202 1184 156 548
internal_value=0.000122605 0.00138543 0.000272759 -0.0022725 0.00271892 7.50755e-05 5.11384e-05 -0.000617412 -0.00020535 0.000689773 7.82872e-05 0.00111701 -0.00385161 -0.00195449
internal_weight=27076 977 773 379 394 26099 25890 3225 2895 1917 1726 1368 358 978
internal_count=27076 977 773 379 394 26099 25890 3225 2895 1917 1726 1368 358 978
is_linear=0
shrinkage=0.03


Tree=380
num_leaves=15
num_cat=0
split_feature=5 6 0 7 7 0 21 6 12 18 16 18 0 17
split_gain=3.26769 7.59911 5.8323 6.91179 7.33001 5.91508 5.70683 5.06037 6.41923 12.838 5.49641 5.82146 8.153 6.18049
threshold=0.44400463998317724 0.33831037580966955 3.5800411701202397 0.072016049176454558 0.037399979308247573 3.4002484083175664 195.96199798583987 0.34541614353656774 1.0000000180025095e-35 4.9485793113708505 0.09156315773725511 6.269367218017579 3.606695413589478 0.28999999165534979
decision_type=2 2 2 2 2 2 2 2 2 2 2 2 2 2
left_child=1 -1 5 4 -4 -3 -5 8 -2 -10 11 13 -13 -9
right_child=7 2 3 6 -6 -7 -8 10 9 -11 -12 12 -14 -15
leaf_value=0.00030081366507623896 6.7075757946049298e-05 -0.0015447685312599652 -0.0043021049202828067 -0.01053353458904894 0.0034136421349961 0.0036309721963419636 -0.0031588589625543193 -0.0012788486159019893 -0.011493389924628821 0.0018811188293481938 -0.0010194374430660528 0.0022282409844192599 -0.0066502758601450591 0.0035152896144876838
leaf_weight=3453 17980 1424 287 187 174 226 198 284 122 129 672 231 149 1549
leaf_count=3453 17980 1424 287 187 174 226 198 284 122 129 672 231 149 1549
internal_value=9.83145e-06 -0.000610911 -0.00187028 -0.0038882 -0.00138449 -0.000827021 -0.00682997 0.000184816 -6.76185e-08 -0.00471715 0.00135112 0.00207164 -0.00129423 0.00277104
internal_weight=27065 5949 2496 846 461 1650 385 21116 18231 251 2885 2213 380 1833
internal_count=27065 5949 2496 846 461 1650 385 21116 18231 251 2885 2213 380 1833
is_linear=0
shrinkage=0.03


Tree=381
num_leaves=15
num_cat=0
split_feature=21 4 0 0 5 0 7 21 0 15 0 5 7 20
split_gain=3.35019 8.28562 6.96704 7.12853 12.9969 7.0728 2.89891 2.0795 3.73441 2.05621 3.47774 1.89431 4.05057 1.88223
threshold=21.781149864196781 0.029359601438045505 1.9904733300209048 2.8963439464569096 0.6926737129688264 3.7912116050720219 0.41218189895153051 28.289275169372562 3.1692296266555791 1.0000000180025095e-35 3.2530759572982793 0.85256338119506847 0.038177931681275375 9.0563998222351092
decision_type=2 2 2 2 2 2 2 2 2 2 2 2 2 2
left_child=1 2 -1 -4 5 -5 7 8 -2 11 -11 13 -13 -9
right_child=6 -3 3 4 -6 -7 -8 9 -10 10 -12 12 -14 -15
leaf_value=-0.0058255556450431583 0.0014376366019248962 0.0083111434193038989 0.0072582112011258249 -0.00096692442019831286 -0.0084383863789428554 0.0060366619947469892 0.0037112149699122863 0.00099026479389812999 -0.0053688399154314045 -0.0062092593024538545 0.00057478726945166822 -0.00068454778447345481 0.0044072681644892336 -0.00014498349445000227
leaf_weight=126 120 140 157 276 121 238 176 1388 172 125 141 301 257 23304
leaf_count=126 120 140 157 276 121 238 176 1388 172 125 141 301 257 23304
internal_value=-4.69993e-06 0.00164606 0.000590085 0.0016409 0.000206198 0.0023029 -7.22184e-05 -9.87337e-05 -0.00259455 -6.96694e-05 -0.00266895 -4.1764e-05 0.00167892 -8.09807e-05
internal_weight=27042 1058 918 792 635 514 25984 25808 292 25516 266 25250 558 24692
internal_count=27042 1058 918 792 635 514 25984 25808 292 25516 266 25250 558 24692
is_linear=0
shrinkage=0.03


Tree=382
num_leaves=15
num_cat=0
split_feature=7 18 7 3 20 8 6 3 4 4 6 1 18 6
split_gain=5.19478 5.18646 4.35982 3.90215 4.51673 10.2145 4.12184 3.47858 4.49937 5.12452 4.64774 8.01455 6.19456 7.04472
threshold=0.027159144170582298 6.4794530868530282 0.028365635313093666 0.089825127273798003 14.690649986267092 0.32795792818069464 0.23198406398296359 0.078013297170400633 0.10029448941349985 0.022156744264066223 0.39221957325935369 0.035714445635676391 6.2436668872833261 0.31695428490638738
decision_type=2 2 2 2 2 2 2 2 2 2 2 2 2 2
left_child=1 3 -2 4 5 -1 -5 8 9 10 12 -12 -6 -14
right_child=2 -3 -4 6 7 -7 -8 -9 -10 -11 11 -13 13 -15
leaf_value=-1.8345379464895718e-05 -0.003456457420620208 0.0055411104546980025 -0.00023374083173093558 0.00087819274836813642 0.00028106922321219179 0.0089766448798953846 -0.006011878895639841 0.0052382275832578871 -0.0039982243663404119 0.0023898171884706898 0.0049389192784290584 -0.0034605561342576272 -0.0013241475674102229 -0.0090875120121719586
leaf_weight=297 381 181 17886 144 5173 179 163 128 204 1063 398 133 653 121
leaf_count=297 381 181 17886 144 5173 179 163 128 204 1063 398 133 653 121
internal_value=-1.30258e-05 0.00058391 -0.000301885 0.000477114 0.000599884 0.00342237 -0.00281777 0.000427173 0.000344333 0.00046438 0.000146828 0.00282244 -9.42438e-05 -0.00258834
internal_weight=27104 8837 18267 8656 8349 476 307 7873 7745 7541 6478 531 5947 774
internal_count=27104 8837 18267 8656 8349 476 307 7873 7745 7541 6478 531 5947 774
is_linear=0
shrinkage=0.03


Tree=383
num_leaves=15
num_cat=0
split_feature=7 17 21 5 16 8 5 8 6 8 8 7 21 0
split_gain=2.01521 6.37843 6.59161 8.49404 4.96476 6.03448 10.1901 10.234 4.76 5.45306 4.72159 4.34896 6.23164 6.98926
threshold=0.080234304070472731 0.79000002145767223 75.46802139282228 0.4356063604354859 0.12886025756597522 0.37303501367568975 0.43779082596302038 0.4146565049886704 0.24543095380067828 0.34368270635604864 0.32795792818069464 0.107332281768322 355.81625366210943 3.4865688085556035
decision_type=2 2 2 2 2 2 2 2 2 2 2 2 2 2
left_child=-1 11 4 -4 5 8 -7 -8 -3 -10 -5 12 13 -2
right_child=1 2 3 10 -6 6 7 -9 9 -11 -12 -13 -14 -15
leaf_value=-0.00023407834983846189 0.0061769704527052287 0.0039808411339635214 0.0025095086817070841 -0.011067359777413965 -0.004394274355649058 -0.0031366362910606521 0.013047592848252791 0.0011413440784017971 -0.00034799179330556877 -0.0074189668802622077 -0.0038083708614110945 0.00032035778167874079 -3.3559228370634716e-06 0.0007030080953442056
leaf_weight=19094 490 122 120 131 196 129 125 132 310 139 220 4664 672 367
leaf_count=19094 490 122 120 131 196 129 125 132 310 139 220 4664 672 367
internal_value=-6.79822e-05 0.000337619 -0.00133318 -0.00430327 -0.000106554 0.000789875 0.00366302 0.00707081 -0.00116733 -0.0025946 -0.00663496 0.000776476 0.00216222 0.00385049
internal_weight=26911 7817 1624 471 1153 957 386 257 571 449 351 6193 1529 857
internal_count=26911 7817 1624 471 1153 957 386 257 571 449 351 6193 1529 857
is_linear=0
shrinkage=0.03


Tree=384
num_leaves=15
num_cat=0
split_feature=16 16 17 17 16 20 17 0 6 5 3 20 21 20
split_gain=2.05958 3.28484 3.02796 3.43391 3.00891 4.80871 4.33848 2.72483 2.41187 7.34953 11.9266 4.78853 6.17491 4.78761
threshold=0.20008224248886111 0.19420305639505389 0.61000001430511486 0.78000000119209301 0.28577414155006414 65.896720886230483 0.4200000017881394 2.778872132301331 0.21689374744892123 0.75079885125160228 0.032251458615064628 4.7327177524566659 247.47693634033206 2.8754498958587651
decision_type=2 2 2 2 2 2 2 2 2 2 2 2 2 2
left_child=1 8 4 -4 5 -2 -7 -5 13 11 -11 12 -10 -1
right_child=2 -3 3 7 -6 6 -8 -9 9 10 -12 -13 -14 -15
leaf_value=-0.003279381263684481 -0.00012473370785984461 -0.0040980639173494888 -0.0037904673322485365 0.0046674732047540602 -0.0004445089564184879 0.0091313648894818904 0.0017122532760549803 -0.0013718584518052533 -0.00067984917669518458 0.0061032642673498859 -0.0030384955951139208 -2.567312197630546e-05 0.0073067634563852586 -0.0002631935296767037
leaf_weight=495 176 176 183 123 217 172 123 138 164 428 179 15314 179 9013
leaf_count=495 176 176 183 123 217 172 123 138 164 428 179 15314 179 9013
internal_value=-1.59576e-05 -7.07057e-05 0.00123379 -0.000693423 0.00247354 0.00380849 0.00611807 0.0015085 -4.24129e-05 0.000179476 0.00340462 5.33944e-05 0.00353319 -0.000421862
internal_weight=27080 25948 1132 444 688 471 295 261 25772 16264 607 15657 343 9508
internal_count=27080 25948 1132 444 688 471 295 261 25772 16264 607 15657 343 9508
is_linear=0
shrinkage=0.03


Tree=385
num_leaves=15
num_cat=0
split_feature=5 21 6 18 21 17 8 18 3 8 6 17 5 7
split_gain=2.10557 4.79469 11.3898 9.16634 3.63535 3.34175 8.6554 7.19102 5.228 4.63451 5.8717 5.57887 4.3043 5.11649
threshold=0.35802936553955084 80.004573822021499 0.38933137059211737 6.2240722179412851 122.81356811523439 0.50000000000000011 0.29716458916664129 5.8832786083221444 0.00083872635150328289 0.28818196058273321 0.5182480812072755 0.35999999940395361 0.31990608572959905 0.13420987874269488
decision_type=2 2 2 2 2 2 2 2 2 2 2 2 2 2
left_child=1 2 -1 4 -3 9 7 -7 -8 11 12 -6 13 -11
right_child=-2 3 -4 -5 5 6 8 -9 -10 10 -12 -13 -14 -15
leaf_value=-6.1204696471809687e-05 -8.667719560177307e-05 -0.0053558734761477971 -0.010092927448795084 0.0070510149078792054 -0.0017308547940051641 0.0099563054051250224 -0.0040763096282479998 0.0010196284157493246 0.0028371524624526499 0.0050107792076287848 -0.0057211451067965711 -0.0091029912697623925 -0.0021894166862051704 -0.0019752682129453338
leaf_weight=269 24433 148 159 134 308 130 292 206 143 292 136 129 238 135
leaf_count=269 24433 148 159 134 308 130 292 206 143 292 136 129 238 135
internal_value=-0.000174898 -0.000966041 -0.00386146 -0.000417894 -0.000897121 -0.00055617 0.000990306 0.00457256 -0.00179719 -0.00151939 -0.000157625 -0.00398543 0.00101438 0.00280478
internal_weight=27152 2719 428 2291 2157 2009 771 336 435 1238 801 437 665 427
internal_count=27152 2719 428 2291 2157 2009 771 336 435 1238 801 437 665 427
is_linear=0
shrinkage=0.03


Tree=386
num_leaves=15
num_cat=0
split_feature=3 17 3 6 7 8 21 7 5 6 18 18 7 21
split_gain=2.35024 7.47883 4.97444 4.89058 4.65625 6.8256 6.9321 9.655 7.56598 7.87924 6.88133 6.42221 5.42967 5.26664
threshold=0.04255660995841027 0.080000001937150969 0.039995765313506133 0.021830224432051185 0.0062329014763236055 0.25505250692367559 424.75166320800787 0.092322289943695082 0.74706071615219127 0.18595822900533679 5.74021339416504 5.5068097114562997 0.026064380072057251 523.72967529296886
decision_type=2 2 2 2 2 2 2 2 2 2 2 2 2 2
left_child=2 3 -1 -2 -3 -6 8 13 9 -7 11 -11 -12 -8
right_child=1 4 -4 -5 5 6 7 -9 -10 10 12 -13 -14 -15
leaf_value=0.00013022497458156486 -0.0012234779757365017 0.0041824008392937042 0.0039626869036210252 -0.0088187976811940853 -0.0030378805190226553 -0.0071206073137695218 0.0030428383075993002 0.0092115457851194328 -0.0063590327845791956 0.00033705616923101036 0.005382828166747981 -0.0050442316378169552 0.00071370486218594895 -0.0041412798223494406
leaf_weight=22541 153 199 304 151 744 129 266 162 180 506 277 324 1103 134
leaf_count=22541 153 199 304 151 744 129 266 162 180 506 277 324 1103 134
internal_value=6.06174e-05 -0.000579982 0.00018208 -0.00507781 -0.000234306 -0.000469251 0.000154939 0.0031522 -0.000518683 -5.66277e-05 0.000370847 -0.00178122 0.00166696 0.000614744
internal_weight=27173 4328 22845 304 4024 3825 3081 562 2519 2339 2210 830 1380 400
internal_count=27173 4328 22845 304 4024 3825 3081 562 2519 2339 2210 830 1380 400
is_linear=0
shrinkage=0.03


Tree=387
num_leaves=15
num_cat=0
split_feature=16 18 18 18 7 0 8 5 7 21 0 21 21 7
split_gain=2.03696 8.8207 9.30921 7.50463 7.9605 8.68348 9.52421 8.24538 7.51223 7.47976 8.03277 7.39852 6.48447 6.34856
threshold=0.0065698358230292806 5.7820127010345468 6.1818702220916757 5.5905334949493417 0.07806993275880815 3.7804321050643925 0.22369663417339328 0.49044576287269598 0.066171247512102141 537.86889648437511 1.7856748104095461 178.83235168457034 395.55538940429693 0.14438427239656451
decision_type=2 2 2 2 2 2 2 2 2 2 2 2 2 2
left_child=1 3 -3 4 5 9 -7 12 -5 -1 -11 -10 -8 -4
right_child=-2 2 13 8 -6 6 7 -9 11 10 -12 -13 -14 -15
leaf_value=-0.00059295225281840174 -0.00035920389368556278 0.0019591830215614052 7.073042793929035e-05 -0.0011975037411911928 0.0017928365022165755 0.0047497671675713112 0.0035742936424911021 -0.0050511821483126941 -0.012098673592954873 -0.0011084554730889631 0.0044676545156550635 -0.0029233142218423624 -0.0037738896067905717 -0.0053357671014964579
leaf_weight=3262 11784 3798 2374 1140 1628 139 220 875 120 369 616 228 203 208
leaf_count=3262 11784 3798 2374 1140 1628 139 220 875 120 369 616 228 203 208
internal_value=-6.3339e-05 0.000166379 0.00101527 -0.000449297 -5.34985e-05 -0.000583433 -0.00259489 -0.00339662 -0.00238755 9.94064e-05 0.00238369 -0.00621379 4.49697e-05 -0.000374275
internal_weight=26964 15180 6380 8800 7312 5684 1437 1298 1488 4247 985 348 423 2582
internal_count=26964 15180 6380 8800 7312 5684 1437 1298 1488 4247 985 348 423 2582
is_linear=0
shrinkage=0.03


Tree=388
num_leaves=15
num_cat=0
split_feature=2 3 21 6 21 17 6 5 3 18 2 1 6 9
split_gain=4.25229 8.47869 7.31227 6.15321 6.25956 9.40459 2.93118 7.04469 4.26019 6.75907 2.67548 6.58304 2.93006 2.88694
threshold=0.43229667842388159 0.020224712789058689 286.40841674804693 0.37227036058902746 377.69544982910162 0.53000000119209301 0.5340489149093629 0.42030476033687597 0.0029931900789961223 5.8094398975372323 0.15241578966379168 0.00097628889488987635 0.26840458810329443 1.0000000180025095e-35
decision_type=2 2 2 2 2 2 2 2 2 2 2 2 2 2
left_child=6 3 -3 4 5 -2 10 8 9 -8 13 -12 -13 -1
right_child=1 2 -4 -5 -6 -7 7 -9 -10 -11 11 12 -14 -15
leaf_value=-2.3483111546198373e-05 -0.013896946453727608 -0.0023468389459192114 0.0051269291151356229 0.0020619505661473208 -0.00099504061124753196 -0.0039890758035900564 -0.0025415659787302665 0.0062790948569370775 -0.0048685460844717452 0.0063300753345458659 -0.00072393315803940194 0.0087100308349436911 0.0022476616643560942 -0.001716302221575268
leaf_weight=23552 124 230 232 135 235 280 160 221 123 141 359 126 131 938
leaf_count=23552 124 230 232 135 235 280 160 221 123 141 359 126 131 938
internal_value=-7.05357e-05 -0.00178578 0.00142093 -0.0036967 -0.00491988 -0.00716282 1.21235e-05 0.00200113 -0.000275854 0.00164978 -3.93644e-05 0.00190529 0.00552174 -8.86575e-05
internal_weight=26987 1236 462 774 639 404 25751 645 424 301 25106 616 257 24490
internal_count=26987 1236 462 774 639 404 25751 645 424 301 25106 616 257 24490
is_linear=0
shrinkage=0.03


Tree=389
num_leaves=15
num_cat=0
split_feature=7 7 7 21 18 4 18 16 5 16 18 21 1 16
split_gain=3.09088 2.67622 2.3958 5.58116 6.79752 4.48852 3.84803 2.19902 6.43507 4.0225 5.61751 2.28563 8.91442 7.17824
threshold=0.41218189895153051 0.31942637264728552 0.24039407074451449 264.75207519531256 6.2059640884399423 0.031259309500455863 5.8832786083221444 0.30609922111034399 0.5983358919620515 0.24249132722616198 5.4256112575531015 54.180625915527351 0.037043061107397086 0.14673258364200595
decision_type=2 2 2 2 2 2 2 2 2 2 2 2 2 2
left_child=1 2 7 4 6 -5 -4 9 -9 11 -11 12 13 -1
right_child=-2 -3 3 5 -6 -7 -8 8 -10 10 -12 -13 -14 -15
leaf_value=0.0021611277241888219 0.0037333124546477425 -0.0025438848007479464 0.0034161675151119218 0.0010347355310938188 -0.001375292686902931 -0.0055514912712791072 0.010684422433823348 0.006520531786023639 -0.0025894702170789242 0.00081766973081012729 -0.0065647755358987508 -0.00015155950037180535 -0.0029047809981572578 -0.0051647535598901813
leaf_weight=1857 190 379 153 345 137 122 120 155 120 169 198 22606 465 124
leaf_count=1857 190 379 153 345 137 122 120 155 120 169 198 22606 465 124
internal_value=-3.00935e-05 -5.73134e-05 -2.13739e-05 0.00151602 0.00404823 -0.000726445 0.00674571 -7.41339e-05 0.00257 -0.00010324 -0.00319993 -5.72452e-05 0.000812941 0.00169072
internal_weight=27140 26950 26571 877 410 467 273 25694 275 25419 367 25052 2446 1981
internal_count=27140 26950 26571 877 410 467 273 25694 275 25419 367 25052 2446 1981
is_linear=0
shrinkage=0.03


Tree=390
num_leaves=15
num_cat=0
split_feature=16 16 1 16 21 8 7 7 4 18 21 17 21 4
split_gain=2.46146 3.60051 2.72865 2.43157 2.28022 3.34839 6.55081 1.81475 2.85113 1.79656 3.72205 1.50913 2.67457 13.1191
threshold=0.20008224248886111 0.24249132722616198 0.039373340085148818 0.19420305639505389 118.62879943847658 0.30096393823623663 0.06230531074106694 0.35314604640007025 0.0020634994143620138 4.8856325149536142 249.8354187011719 0.99000000953674328 23.687749862670902 0.027780144475400451
decision_type=2 2 2 2 2 2 2 2 2 2 2 2 2 2
left_child=3 9 4 7 -3 -6 -7 11 -9 -2 -11 12 13 -1
right_child=1 2 -4 -5 5 6 -8 8 -10 10 -12 -13 -14 -15
leaf_value=5.9133713664270412e-05 0.00024666849162429571 -0.0027215231296473315 -0.0040390301819890739 -0.0034524483244473994 -0.0016228877684241448 0.0086017523385170432 -0.00041153357934021616 -0.0044890970256285089 0.0010335381107870489 0.0019244444761486528 0.0084256189763754485 -0.0022434645691414867 -5.1012285335927566e-05 0.010276032546118124
leaf_weight=726 120 121 120 185 158 130 156 198 141 204 129 266 24239 129
leaf_count=726 120 121 120 185 158 130 156 198 141 204 129 266 24239 129
internal_value=-1.09567e-05 0.00135147 -2.51329e-05 -7.11059e-05 0.000855328 0.00184955 0.00376282 -4.60977e-05 -0.00221044 0.00341064 0.0045303 -1.67359e-05 7.30998e-06 0.00165141
internal_weight=27022 1138 685 25884 565 444 286 25699 339 453 333 25360 25094 855
internal_count=27022 1138 685 25884 565 444 286 25699 339 453 333 25360 25094 855
is_linear=0
shrinkage=0.03


Tree=391
num_leaves=15
num_cat=0
split_feature=16 0 16 17 7 5 5 0 7 6 8 16 18 5
split_gain=2.00991 4.55017 4.40187 3.92994 6.8501 4.37515 5.24572 3.92953 5.73389 3.62029 3.32413 3.02913 4.07818 2.53918
threshold=0.22228738665580752 2.3010358810424809 0.16670507192611697 0.69999998807907116 0.096161898225545897 0.67710891366004955 0.53392663598060619 3.0769239664077763 0.05780602619051934 0.29567094147205358 0.38694128394126898 0.16200762987136844 5.5328719615936288 0.59117040038108837
decision_type=2 2 2 2 2 2 2 2 2 2 2 2 2 2
left_child=2 -2 11 4 5 6 -4 8 -3 -9 -6 -1 -13 -5
right_child=1 7 3 13 10 -7 -8 9 -10 -11 -12 12 -14 -15
leaf_value=-4.2628156327655735e-05 0.0050959230135941645 -0.0064429918736876807 0.0038166184788890954 -0.0024115817773502405 -0.0073424035838154838 0.0062854205883507213 -0.0039832781057234593 0.0049945818650652656 0.0013058289163922327 -0.0014969952408409881 -0.00076652606110308918 -0.00070738517856668861 0.006877283294145998 -0.0081239052449872846
leaf_weight=24894 216 148 140 167 152 121 162 195 193 123 126 121 128 124
leaf_count=24894 216 148 140 167 152 121 162 195 193 123 126 121 128 124
internal_value=-3.94358e-05 0.00137077 -8.69026e-05 -0.00204191 -0.000811625 0.00158917 -0.000364162 0.000120598 -0.0021018 0.00249938 -0.00442817 -9.37849e-06 0.00325019 -0.00494181
internal_weight=27010 875 26135 992 701 423 302 659 341 318 278 25143 249 291
internal_count=27010 875 26135 992 701 423 302 659 341 318 278 25143 249 291
is_linear=0
shrinkage=0.03


Tree=392
num_leaves=15
num_cat=0
split_feature=3 2 3 7 6 7 20 21 21 20 2 21 18 8
split_gain=2.7604 9.49666 8.75658 8.21789 7.82829 8.86228 9.2648 6.5467 6.81323 6.82745 6.33282 10.5358 6.4356 6.98312
threshold=0.014072624500840904 0.27228939533233648 0.019619220867753032 0.18643162399530414 0.27379813790321356 0.0062329014763236055 6.0210499763488778 443.37510681152349 314.49552917480474 111.22195053100587 0.25484658777713781 88.435298919677749 5.9960372447967538 0.33044701814651495
decision_type=2 2 2 2 2 2 2 2 2 2 2 2 2 2
left_child=10 2 -2 4 5 -4 -7 8 -6 -10 12 -12 13 -1
right_child=1 -3 3 -5 7 6 -8 -9 9 -11 11 -13 -14 -15
leaf_value=0.00096097929727741388 0.0036429546060135912 0.0038599752446587909 0.0052289477338358249 0.0029551997285027307 0.00037882843624580348 -0.0085519852263054672 -0.001333399774539185 -0.003618970030944768 0.010222290916933024 0.0022792454172555422 0.0047836553567636607 -0.0039375379831599654 -0.0010349638768987683 -0.00044993055811765937
leaf_weight=6385 591 665 171 697 2134 163 3486 281 122 438 143 804 4710 6236
leaf_count=6385 591 665 171 697 2134 163 3486 281 122 438 143 804 4710 6236
internal_value=-1.0391e-05 0.000427719 0.00014313 -0.000135196 -0.000454134 -0.00135198 -0.00166711 0.000699069 0.00115534 0.00408484 -0.000220134 -0.0026024 -8.92486e-05 0.000263951
internal_weight=27026 8748 8083 7492 6795 3820 3649 2975 2694 560 18278 947 17331 12621
internal_count=27026 8748 8083 7492 6795 3820 3649 2975 2694 560 18278 947 17331 12621
is_linear=0
shrinkage=0.03


Tree=393
num_leaves=15
num_cat=0
split_feature=21 16 1 4 3 18 7 0 21 16 6 18 1 7
split_gain=3.33748 8.79035 7.85495 13.7397 12.1019 9.94441 9.18813 6.37222 11.1013 5.70686 5.3583 5.58443 5.00093 7.05347
threshold=66.969722747802749 0.13001478463411334 0.024390777572989467 0.051965976133942611 0.016549615189433101 6.1392128467559823 0.23443692177534106 1.1846225857734682 8.9183998107910174 0.19420305639505389 0.39518135786056524 6.0345494747161874 0.0106713161803782 0.11911866068840028
decision_type=2 2 2 2 2 2 2 2 2 2 2 2 2 2
left_child=1 2 3 6 -4 -6 7 -1 -9 -3 11 -10 13 -13
right_child=-2 9 4 -5 5 -7 -8 8 10 -11 -12 12 -14 -15
leaf_value=-0.0023378131174544362 -0.00018598087541747566 -0.0069159315490344569 0.0023117140076043675 0.010918059445684776 -0.011711854705139994 -0.0016256911333568972 -0.0059858416261581275 0.0092873206206067344 0.004896777837596086 0.00031793576617706188 0.0067180280830294349 -0.0025402567197285271 0.0050181785202585158 0.0052012377517441141
leaf_weight=228 23944 196 487 154 120 304 125 212 264 191 176 570 139 125
leaf_count=228 23944 196 487 154 120 304 125 212 264 191 176 570 139 125
internal_value=-6.28129e-05 0.000832231 0.00139939 0.00245234 -0.000904975 -0.0045835 0.00171573 0.00229317 0.00300917 -0.00338721 0.00193223 0.00113814 -7.37414e-05 -0.0011207
internal_weight=27235 3291 2904 1993 911 424 1839 1714 1486 387 1274 1098 834 695
internal_count=27235 3291 2904 1993 911 424 1839 1714 1486 387 1274 1098 834 695
is_linear=0
shrinkage=0.03


Tree=394
num_leaves=15
num_cat=0
split_feature=7 18 18 0 0 5 20 1 5 21 0 21 7 21
split_gain=2.50535 6.34456 6.44022 4.50168 6.28055 4.75931 3.99073 1.73237 5.55789 5.62386 4.97761 8.9104 6.35021 5.61431
threshold=0.25055037438869482 6.2240722179412851 5.8971426486969003 2.875473260879517 3.7220047712326054 0.48730662465095526 77.488750457763686 0.024098584428429607 0.34122018516063696 219.61387634277347 2.6596298217773442 142.10720062255862 0.029467213898897174 13.191074848175051
decision_type=2 2 2 2 2 2 2 2 2 2 2 2 2 2
left_child=7 2 3 6 5 -5 -2 -1 9 -9 11 12 -10 -12
right_child=1 -3 -4 4 -6 -7 -8 8 10 -11 13 -13 -14 -15
leaf_value=0.00017367173531905757 0.00037335069515480248 -0.0039968292134662346 0.007329440528081487 0.00083571952944170799 0.0038738748950219184 -0.005819290247955927 0.0067944280280682594 -0.0069814529777756209 0.011137401432622797 -0.00056662051651343813 -0.006440438624271857 0.00020048035890615637 0.0020496409322340522 -0.00036327297249789335
leaf_weight=17864 162 167 179 181 194 200 185 217 125 278 135 967 154 6077
leaf_count=17864 162 167 179 181 194 200 185 217 125 278 135 967 154 6077
internal_value=7.3772e-05 0.00137301 0.0022019 0.00117226 -0.000459672 -0.00268785 0.00384458 9.70639e-06 -0.00035847 -0.00342047 -0.000153084 0.00157364 0.00624562 -0.000500416
internal_weight=27085 1268 1101 922 575 381 347 25817 7953 495 7458 1246 279 6212
internal_count=27085 1268 1101 922 575 381 347 25817 7953 495 7458 1246 279 6212
is_linear=0
shrinkage=0.03


Tree=395
num_leaves=15
num_cat=0
split_feature=9 5 21 21 21 18 1 11 18 0 18 0 0 20
split_gain=1.8302 6.72439 3.02824 7.20146 4.50573 3.56066 2.66564 2.28683 2.31509 8.47189 2.38494 9.40368 17.3176 4.53035
threshold=1.0000000180025095e-35 0.67710891366004955 318.91099548339849 430.17074584960943 81.809627532958999 5.9034545421600351 0.022473209537565712 1.0000000180025095e-35 6.4650917053222665 3.393236637115479 6.3691570758819589 4.1081619262695321 3.5648421049118046 119.98374938964845
decision_type=2 2 2 2 2 2 2 2 2 2 2 2 2 2
left_child=7 2 4 -4 -2 -6 -5 8 10 -10 -1 12 13 -12
right_child=1 -3 3 6 5 -7 -8 -9 9 -11 11 -13 -14 -15
leaf_value=1.9472233603225105e-05 -0.0024462097211661593 -0.006301845234666704 -0.0070228214821338288 -0.0021658155160645641 0.0074371332731097929 0.0010183175911919939 0.0036407874155148169 -0.0039405384522519611 0.0051035567109415413 -0.0029807022372112862 -0.007488038234666667 -0.008951414934444157 0.0085805134929987717 -0.0011916231020984256
leaf_weight=24358 177 191 158 130 120 211 146 128 302 184 127 127 153 478
leaf_count=24358 177 191 158 130 120 211 146 128 302 184 127 127 153 478
internal_value=-6.86872e-05 -0.00124615 -0.000193197 -0.00202129 0.00137308 0.00342142 0.000915921 -1.68622e-05 3.41962e-06 0.00204366 -3.62579e-05 -0.00156162 -0.000272941 -0.00256389
internal_weight=26990 1133 942 434 508 331 276 25857 25729 486 25243 885 758 605
internal_count=26990 1133 942 434 508 331 276 25857 25729 486 25243 885 758 605
is_linear=0
shrinkage=0.03


Tree=396
num_leaves=15
num_cat=0
split_feature=3 8 18 16 1 0 3 16 1 3 8 20 21 21
split_gain=2.5779 6.83412 10.0598 8.77094 9.46934 7.08538 6.64837 6.02094 7.18556 5.71782 6.14996 5.54716 5.53898 5.33335
threshold=0.056117495521903045 0.30842262506484991 6.1151351928710946 0.081466820091009154 0.0082635222934186476 3.5178520679473881 0.04255660995841027 0.066665738821029677 0.048784300684928901 0.036942468956112869 0.42013067007064825 46.119001388549812 30.310575485229496 454.34812927246099
decision_type=2 2 2 2 2 2 2 2 2 2 2 2 2 2
left_child=6 3 7 4 11 -5 9 8 -3 -1 -11 -2 -8 -14
right_child=1 2 -4 5 -6 -7 12 -9 -10 10 -12 -13 13 -15
leaf_value=-0.00013036240830077459 -0.0054958186837701269 0.0034039655395740284 0.0062588149241474995 -0.00036622455265993871 -0.006317894939009262 0.0089754912829399097 -0.0080978076751235615 -0.0022244746980828569 -0.0035035473358689135 0.0038482508678264297 -0.003302071948353677 0.0015309754688654781 -0.00060341574557102055 -0.0054585858882775194
leaf_weight=22025 125 728 382 175 340 120 124 414 162 596 128 450 1035 249
leaf_count=22025 125 728 382 175 340 120 124 414 162 596 128 450 1035 249
internal_value=-6.64613e-05 0.000778559 0.00201072 -0.000939523 -0.00238863 0.00352005 -0.000167905 0.000747104 0.00213409 -4.38719e-05 0.00257013 -3.07976e-05 -0.00216465 -0.00156248
internal_weight=27053 2896 1686 1210 915 295 24157 1304 890 22749 724 575 1408 1284
internal_count=27053 2896 1686 1210 915 295 24157 1304 890 22749 724 575 1408 1284
is_linear=0
shrinkage=0.03


Tree=397
num_leaves=15
num_cat=0
split_feature=7 20 5 18 8 7 5 16 17 1 17 5 18 1
split_gain=3.38794 7.3278 8.71361 5.5602 4.73349 4.16109 4.67234 6.0822 5.663 12.9285 7.65054 6.26194 6.3347 4.46487
threshold=0.025782733224332336 17.254125595092777 0.4559237807989121 6.4056370258331308 0.33706641197204595 0.016555990092456344 0.45242440700531011 0.1661728918552399 0.5600000023841859 0.053924946114420898 0.46000000834465032 0.5731833577156068 6.2240722179412851 0.048417160287499435
decision_type=2 2 2 2 2 2 2 2 2 2 2 2 2 2
left_child=1 2 -1 -2 -5 -3 -7 8 10 11 13 -10 -13 -8
right_child=3 5 -4 4 -6 6 7 -9 9 -11 -12 12 -14 -15
leaf_value=-0.0022130569614857046 -0.00011936391284558753 -0.00025219607891236833 0.0062582911387298991 -0.0048829300024730259 0.00013360460032307511 -0.0010749515439122566 0.0029316853528053477 -0.0041883088699804331 0.0056581363363845932 0.012487849434837698 -0.0043124096936363486 0.0027093547607861491 -0.0045121141820407768 -0.0024773962405743076
leaf_weight=149 18115 4975 384 411 285 637 768 137 328 132 209 323 159 163
leaf_count=149 18115 4975 384 411 285 637 768 137 328 132 209 323 159 163
internal_value=2.51113e-06 0.000504682 0.00389157 -0.000220845 -0.00284244 0.000271824 0.00118349 0.00183277 0.00223805 0.0039532 0.000809724 0.00249428 0.000305301 0.00197649
internal_weight=27175 8364 533 18811 696 7831 2856 2219 2082 942 1140 810 482 931
internal_count=27175 8364 533 18811 696 7831 2856 2219 2082 942 1140 810 482 931
is_linear=0
shrinkage=0.03


Tree=398
num_leaves=15
num_cat=0
split_feature=4 6 6 0 17 18 8 5 18 5 16 21 21 8
split_gain=3.90752 1.43188 10.4545 4.52251 9.17182 5.67743 5.90401 5.92326 7.1961 5.26898 12.7419 7.06971 6.35354 6.73817
threshold=0.17085693031549457 0.33831037580966955 0.34113429486751562 4.1636977195739755 0.8400000035762788 4.8697805404663095 0.30480059981346136 0.46160456538200384 6.0408840179443368 0.52140796184539806 0.099575594067573561 206.65666961669925 161.69440460205081 0.42150425910949713
decision_type=2 2 2 2 2 2 2 2 2 2 2 2 2 2
left_child=1 -1 -3 5 -5 -4 7 -7 -9 11 -11 12 13 -8
right_child=-2 2 3 4 -6 6 9 8 -10 10 -12 -13 -14 -15
leaf_value=0.00015538493248741115 -0.0046745798880902098 -0.0071009968628119955 -0.0028995781214270076 -0.00032738072141707934 -0.0076718818484715103 0.005181059429215755 -0.0033125980436879104 0.0040740896076769447 -0.0035646096766750153 0.0036619417241191541 -0.003795814391235591 0.00096155207429272547 -0.0064638093533427154 0.0018483175388792005
leaf_weight=21211 154 196 466 597 201 442 556 217 217 789 274 1056 264 379
leaf_count=21211 154 196 466 597 201 442 556 217 217 789 274 1056 264 379
internal_value=1.45542e-05 4.22989e-05 -0.000381706 -0.000134134 -0.00221356 0.000223947 0.000574045 0.00275714 0.000257641 -5.60398e-06 0.00173085 -0.000826182 -0.00239815 -0.00122193
internal_weight=27019 26865 5654 5458 798 4660 4194 876 434 3318 1063 2255 1199 935
internal_count=27019 26865 5654 5458 798 4660 4194 876 434 3318 1063 2255 1199 935
is_linear=0
shrinkage=0.03


Tree=399
num_leaves=15
num_cat=0
split_feature=20 0 5 0 1 0 17 5 1 5 16 17 16 17
split_gain=1.83563 6.96022 9.98867 7.22502 7.94686 7.57813 10.2012 6.93328 6.70534 6.38464 4.89535 4.68424 8.4942 10.6708
threshold=55.620950698852546 1.2894383668899538 0.5437486767768861 4.4219677448272714 0.0012526003993116321 3.5022120475769047 0.79000002145767223 0.74343645572662365 0.040687805041670806 0.4082628339529038 0.090438801795244231 0.059999998658895499 0.00087501222151331614 0.8100000023841859
decision_type=2 2 2 2 2 2 2 2 2 2 2 2 2 2
left_child=1 2 -1 5 -5 7 9 8 11 -7 -11 -3 -13 -14
right_child=-2 3 -4 4 -6 6 -8 -9 -10 10 -12 12 13 -15
leaf_value=-0.0087885789418890633 -7.8662349954427917e-05 -0.0017562092871129034 0.001283361804449842 0.0026341441886509362 -0.0062819716062024232 0.0078503829993916523 0.010794358576908159 -0.0045353598998756038 0.0044922130882250636 0.00053480170229235101 0.0058561846968730458 0.0037537376516120049 0.00058763449826011694 -0.0083064533918699689
leaf_weight=164 21909 769 184 137 245 151 131 238 368 987 180 642 870 136
leaf_count=164 21909 769 184 137 245 151 131 238 368 987 180 642 870 136
internal_value=4.16536e-05 0.000547971 -0.00352044 0.000842972 -0.00309159 0.00118214 0.00296191 0.000325573 0.000748361 0.00214556 0.00137706 0.000170245 0.00107177 -0.000649881
internal_weight=27111 5202 348 4854 382 4472 1449 3023 2785 1318 1167 2417 1648 1006
internal_count=27111 5202 348 4854 382 4472 1449 3023 2785 1318 1167 2417 1648 1006
is_linear=0
shrinkage=0.03


end of trees

feature_importances:
t_log=689
remaining_s=677
wps=602
novelty=493
topic_sim=436
promise_sim=426
redundancy=416
pct=405
you_rate=326
numeral_rate=293
filler_rate=284
complexity=231
since_last_hook=206
cta=35
greeting=27
question=26
outro=14
hook=11
is_intro=2
loop_close=1

parameters:
[boosting: gbdt]
[objective: regression]
[metric: l2]
[tree_learner: serial]
[device_type: cpu]
[data_sample_strategy: bagging]
[data: ]
[valid: ]
[num_iterations: 400]
[learning_rate: 0.03]
[num_leaves: 15]
[num_threads: 0]
[seed: 7]
[deterministic: 0]
[force_col_wise: 0]
[force_row_wise: 0]
[histogram_pool_size: -1]
[max_depth: -1]
[min_data_in_leaf: 120]
[min_sum_hessian_in_leaf: 0.001]
[bagging_fraction: 0.8]
[pos_bagging_fraction: 1]
[neg_bagging_fraction: 1]
[bagging_freq: 1]
[bagging_seed: 17422]
[bagging_by_query: 0]
[feature_fraction: 0.8]
[feature_fraction_bynode: 1]
[feature_fraction_seed: 7040]
[extra_trees: 0]
[extra_seed: 6516]
[early_stopping_round: 0]
[early_stopping_min_delta: 0]
[first_metric_only: 0]
[max_delta_step: 0]
[lambda_l1: 0]
[lambda_l2: 5]
[linear_lambda: 0]
[min_gain_to_split: 0]
[drop_rate: 0.1]
[max_drop: 50]
[skip_drop: 0.5]
[xgboost_dart_mode: 0]
[uniform_drop: 0]
[drop_seed: 15215]
[top_rate: 0.2]
[other_rate: 0.1]
[min_data_per_group: 100]
[max_cat_threshold: 32]
[cat_l2: 10]
[cat_smooth: 10]
[max_cat_to_onehot: 4]
[top_k: 20]
[monotone_constraints: ]
[monotone_constraints_method: basic]
[monotone_penalty: 0]
[feature_contri: ]
[forcedsplits_filename: ]
[refit_decay_rate: 0.9]
[cegb_tradeoff: 1]
[cegb_penalty_split: 0]
[cegb_penalty_feature_lazy: ]
[cegb_penalty_feature_coupled: ]
[path_smooth: 0]
[interaction_constraints: ]
[verbosity: -1]
[saved_feature_importance_type: 0]
[use_quantized_grad: 0]
[num_grad_quant_bins: 4]
[quant_train_renew_leaf: 0]
[stochastic_rounding: 1]
[linear_tree: 0]
[max_bin: 255]
[max_bin_by_feature: ]
[min_data_in_bin: 3]
[bin_construct_sample_cnt: 200000]
[data_random_seed: 61]
[is_enable_sparse: 1]
[enable_bundle: 1]
[use_missing: 1]
[zero_as_missing: 0]
[feature_pre_filter: 1]
[pre_partition: 0]
[two_round: 0]
[header: 0]
[label_column: ]
[weight_column: ]
[group_column: ]
[ignore_column: ]
[categorical_feature: ]
[forcedbins_filename: ]
[precise_float_parser: 0]
[parser_config_file: ]
[objective_seed: 15521]
[num_class: 1]
[is_unbalance: 0]
[scale_pos_weight: 1]
[sigmoid: 1]
[boost_from_average: 1]
[reg_sqrt: 0]
[alpha: 0.9]
[fair_c: 1]
[poisson_max_delta_step: 0.7]
[tweedie_variance_power: 1.5]
[lambdarank_truncation_level: 30]
[lambdarank_norm: 1]
[label_gain: ]
[lambdarank_position_bias_regularization: 0]
[eval_at: ]
[multi_error_top_k: 1]
[auc_mu_weights: ]
[num_machines: 1]
[local_listen_port: 12400]
[time_out: 120]
[machine_list_filename: ]
[machines: ]
[gpu_platform_id: -1]
[gpu_device_id: -1]
[gpu_device_id_list: ]
[gpu_use_dp: 0]
[num_gpu: 1]

end of parameters

pandas_categorical:null
