tree
version=v4
num_class=1
num_tree_per_iteration=1
label_index=0
max_feature_idx=17
objective=regression
feature_names=wps filler_rate question you_rate numeral_rate novelty redundancy promise_sim topic_sim cta sponsor outro greeting hook loop_open loop_close complexity since_last_hook
feature_infos=[0:7.3555822372436523] [0:1] [0:1] [0:1] [0:1] [0:1] [0:1] [0:0.80263149738311768] [0:0.65993249416351318] [0:1] none none [0:1] [0:1] none [0:1] [0:1] [0:120]
tree_sizes=770 786 774 781 774 774 778 782 776 777 788 772 777 767 772 774 782 771 776 783 778 768 763 775 775 778 772 770 775 771 774 776 768 779 783 778 770 769 788 782 775 768 774 781 775 779 767 765 761 769 758 778 781 783 770 770 766 781 767 771 774 780 782 783 771 777 780 776 779 757 765 780 774 781 776 766 771 767 784 771 778 780 778 775 778 766 776 764 780 775 776 788 783 767 769 770 767 781 781 770 778 763 768 776 783 768 777 774 763 782 765 784 777 767 769 771 770 778 770 775 766 763 779 777 775 780 775 766 777 780 779 772 783 774 780 774 782 779 782 770 782 774 782 774 778 780 774 765 772 763 778 780 775 783 780 766 777 777 776 782 765 786 771 776 781 786 769 754 763 782 772 767 768 781 771 774 786 770 775 769 761 775 766 768 766 762 779 774 766 770 767 772 780 770 776 776 787 782 780 795

Tree=0
num_leaves=7
num_cat=0
split_feature=4 0 5 7 7 8
split_gain=29.2312 22.6446 12.4482 17.5206 10.8425 10.405
threshold=0.0067474031820893296 2.9151314496994023 0.52158334851264965 1.0000000180025095e-35 0.20536644011735919 0.22632567584514621
decision_type=2 2 2 2 2 2
left_child=1 2 -1 -4 -2 -5
right_child=4 -3 3 5 -6 -7
leaf_value=-0.0014169018220600686 0.0036509199618953809 -0.0028882726351325341 0.015552808415420937 0.0098036980504083594 0.01437807982149316 0.0009920653477448443
leaf_weight=621 1084 2165 101 142 88 680
leaf_count=621 1084 2165 101 142 88 680
internal_value=0.000394553 -0.000911477 0.00186077 0.00406175 0.00451403 0.00256434
internal_weight=4881 3709 1544 923 1172 822
internal_count=4881 3709 1544 923 1172 822
is_linear=0
shrinkage=1


Tree=1
num_leaves=7
num_cat=0
split_feature=4 7 6 6 1 5
split_gain=29.1112 17.338 11.0049 9.55108 9.42951 8.46794
threshold=0.0054920080583542594 0.25502377748489385 0.19126150757074359 0.10132208466529848 1.0000000180025095e-35 0.62594541907310497
decision_type=2 2 2 2 2 2
left_child=1 2 3 5 -4 -1
right_child=-2 -3 4 -5 -6 -7
leaf_value=0.00068462775668547474 0.0040515965077132995 -0.010360809081159838 -1.3231281242388787e-05 0.0044163972315626734 -0.0036506742804034197 -0.0099808773401610807
leaf_weight=289 1194 177 1255 554 1307 82
leaf_count=289 1194 177 1255 554 1307 82
internal_value=-6.67259e-06 -0.00133287 -0.000860437 0.00193732 -0.00187236 -0.00177408
internal_weight=4858 3664 3487 925 2562 371
internal_count=4858 3664 3487 925 2562 371
is_linear=0
shrinkage=0.03


Tree=2
num_leaves=7
num_cat=0
split_feature=4 0 0 7 17 6
split_gain=25.6921 17.5738 14.0695 11.2899 15.1314 11.1623
threshold=0.0059072773437947044 2.9151314496994023 4.3437170982360849 0.061623524874448783 119.98500061035158 0.1140962913632393
decision_type=2 2 2 2 2 2
left_child=1 3 -2 4 5 -1
right_child=2 -3 -4 -5 -6 -7
leaf_value=-0.00023953235623511398 0.005066766346413564 -0.0028439959722121656 -0.0056785962008303256 -0.0025165962826992783 0.00071286414486202473 0.012017855698131429
leaf_weight=94 1068 2145 118 471 762 225
leaf_count=94 1068 2145 118 471 762 225
internal_value=0.000145835 -0.00108734 0.00397831 0.00134185 0.00302685 0.008458
internal_weight=4883 3697 1186 1552 1081 319
internal_count=4883 3697 1186 1552 1081 319
is_linear=0
shrinkage=0.03


Tree=3
num_leaves=7
num_cat=0
split_feature=4 7 0 6 7 6
split_gain=21.4035 13.3487 11.6863 11.237 10.9467 10.5889
threshold=0.0059072773437947044 0.24967052787542346 2.9057801961898808 0.10132208466529848 0.12417064234614374 0.18753177672624591
decision_type=2 2 2 2 2 2
left_child=1 2 3 -1 -2 -4
right_child=4 -3 5 -5 -6 -7
leaf_value=-0.0041803357272368405 0.0018639487718825139 -0.0089373672295187129 0.002513031501011649 0.0025562574461635763 0.0088351092806551613 -0.0032491236195309049
leaf_weight=271 940 187 342 1157 255 1682
leaf_count=271 940 187 342 1157 255 1682
internal_value=-9.3008e-05 -0.00123727 -0.000807825 0.00126769 0.00338213 -0.00227169
internal_weight=4834 3639 3452 1428 1195 2024
internal_count=4834 3639 3452 1428 1195 2024
is_linear=0
shrinkage=0.03


Tree=4
num_leaves=7
num_cat=0
split_feature=4 0 17 8 7 17
split_gain=29.527 8.80194 13.7967 9.96247 8.42309 9.524
threshold=0.02381030842661858 3.2284388542175297 3.0805399417877202 0.36090455949306494 0.033269226551055915 97.292499542236342
decision_type=2 2 2 2 2 2
left_child=1 2 -1 -3 -5 -6
right_child=-2 3 -4 4 5 -7
leaf_value=-0.011802472204239254 0.0047308747644207554 -0.0042555970628330771 0.00067858434079731504 -0.0040132001214934626 -0.0041740089251599728 0.0057101507313152555
leaf_weight=78 944 1215 2007 250 119 300
leaf_count=78 944 1215 2007 250 119 300
internal_value=-2.35602e-05 -0.0011589 0.000184549 -0.00264223 0.000297705 0.00288684
internal_weight=4913 3969 2085 1884 669 419
internal_count=4913 3969 2085 1884 669 419
is_linear=0
shrinkage=0.03


Tree=5
num_leaves=7
num_cat=0
split_feature=4 0 17 0 7 5
split_gain=20.3024 11.7135 9.95418 7.81451 9.7029 16.7338
threshold=0.0012152607669122519 3.2284388542175297 3.0805399417877202 1.6992253065109255 0.040890736505389221 0.74634754657745372
decision_type=2 2 2 2 2 2
left_child=1 2 -1 -4 5 -5
right_child=-2 -3 3 4 -6 -7
leaf_value=-0.010203303483780473 0.0029872445866630862 -0.0032528310355767393 -0.0025444315419744512 0.002431230267378571 -0.00045833087869206942 0.016111047251615673
leaf_weight=75 1274 1667 513 515 771 91
leaf_count=75 1274 1667 513 515 771 91
internal_value=-0.00026412 -0.00140714 0.000162922 0.000600116 0.00177658 0.00460049
internal_weight=4906 3632 1965 1890 1377 606
internal_count=4906 3632 1965 1890 1377 606
is_linear=0
shrinkage=0.03


Tree=6
num_leaves=7
num_cat=0
split_feature=4 1 7 6 6 4
split_gain=29.4986 14.5782 14.3126 10.3589 15.3051 9.28939
threshold=0.0024603927740827207 0.009161527734249832 0.20536644011735919 0.19126150757074359 0.17589653283357623 0.070024434477090849
decision_type=2 2 2 2 2 2
left_child=1 -1 5 4 -3 -2
right_child=2 3 -4 -5 -6 -7
leaf_value=0.00016612868522785068 0.0012207993211983382 -0.0027365184916926938 0.014940077485136535 -0.0050066226222267194 0.011915802592086756 0.0072380836479509101
leaf_weight=2078 807 248 93 1183 81 320
leaf_count=2078 807 248 93 1183 81 320
internal_value=-9.58687e-05 -0.00146576 0.00392473 -0.00370168 0.000995269 0.00295377
internal_weight=4810 3590 1220 1512 329 1127
internal_count=4810 3590 1220 1512 329 1127
is_linear=0
shrinkage=0.03


Tree=7
num_leaves=7
num_cat=0
split_feature=4 6 6 17 1 6
split_gain=26.8122 15.5448 10.1235 9.84032 12.4163 8.50491
threshold=0.0054920080583542594 0.40087644755840307 0.058281134814023978 2.9534034729003911 0.009161527734249832 0.19021021574735644
decision_type=2 2 2 2 2 2
left_child=3 2 -2 -1 -5 -6
right_child=1 -3 -4 4 5 -7
leaf_value=-0.0096341743476448527 0.012448996109120985 0.012730621649043077 0.0016410476460144193 0.00050673632606321195 0.0012712795981119766 -0.0042163044257822893
leaf_weight=119 80 149 983 2027 319 1209
leaf_count=119 80 149 983 2027 319 1209
internal_value=-4.73549e-05 0.00381268 0.00250891 -0.00132418 -0.00103287 -0.00307025
internal_weight=4886 1212 1063 3674 3555 1528
internal_count=4886 1212 1063 3674 3555 1528
is_linear=0
shrinkage=0.03


Tree=8
num_leaves=7
num_cat=0
split_feature=0 5 6 16 6 6
split_gain=12.7147 11.6392 11.3656 11.3309 14.6102 8.53801
threshold=3.379879474639893 0.33716784417629247 0.058281134814023978 0.042257089167833335 0.40087644755840307 0.18831763416528705
decision_type=2 2 2 2 2 2
left_child=1 -1 -2 4 5 -3
right_child=2 3 -4 -5 -6 -7
leaf_value=-0.0037699877522835317 0.008567413984527511 0.005628079935103533 -0.0021861235007561964 -0.0007809012368445137 0.012047017130364731 0.00099619765570380472
leaf_weight=334 88 547 1858 808 159 1028
leaf_count=334 88 547 1858 808 159 1028
internal_value=0.000191134 0.00145734 -0.00167913 0.00215022 0.00351437 0.00261758
internal_weight=4822 2876 1946 2542 1734 1575
internal_count=4822 2876 1946 2542 1734 1575
is_linear=0
shrinkage=0.03


Tree=9
num_leaves=7
num_cat=0
split_feature=4 0 8 0 17 17
split_gain=19.7646 11.0523 11.6172 9.37726 9.13852 8.14135
threshold=0.0012152607669122519 4.3767399787902841 0.44865545630455023 3.2284388542175297 10.342500209808351 13.102499961853029
decision_type=2 2 2 2 2 2
left_child=3 2 5 4 -1 -2
right_child=1 -3 -4 -5 -6 -7
leaf_value=-0.0075256124848070054 0.013242005856762475 -0.0052113314964271221 0.014738158054868965 -0.0028953669690107335 0.00070017988717097979 0.0024825574970561677
leaf_weight=125 63 125 80 1638 1866 1009
leaf_count=125 63 125 80 1638 1866 1009
internal_value=-8.80352e-05 0.0031147 0.00403674 -0.00121777 0.000166186 0.00317342
internal_weight=4906 1277 1152 3629 1991 1072
internal_count=4906 1277 1152 3629 1991 1072
is_linear=0
shrinkage=0.03


Tree=10
num_leaves=7
num_cat=0
split_feature=4 1 0 6 5 6
split_gain=9.55367 8.24935 14.0278 11.3704 9.53228 8.04591
threshold=0.0024603927740827207 1.0000000180025095e-35 3.2729531526565556 0.082261845469474806 0.55814906954765331 0.25448918342590338
decision_type=2 2 2 2 2 2
left_child=1 2 3 -1 5 -3
right_child=-2 4 -4 -5 -6 -7
leaf_value=-0.0033010020316005914 0.0022729426309060444 0.00023068690099395237 -0.0027677101461692842 0.0039447472373977666 -2.3517950241942216e-05 -0.0063548793442483511
leaf_weight=239 1246 229 713 979 824 608
leaf_count=239 1246 229 713 979 824 608
internal_value=1.47358e-05 -0.000770666 0.000562485 0.00251528 -0.00231756 -0.00456242
internal_weight=4838 3592 1931 1218 1661 837
internal_count=4838 3592 1931 1218 1661 837
is_linear=0
shrinkage=0.03


Tree=11
num_leaves=7
num_cat=0
split_feature=4 0 6 6 8 0
split_gain=21.5779 14.0916 14.2725 14.6129 14.1863 14.0564
threshold=0.0064424655865877875 2.9151314496994023 0.32200004160404211 0.10132208466529848 0.43096046149730688 2.3228595256805424
decision_type=2 2 2 2 2 2
left_child=1 2 3 -1 5 -5
right_child=-2 -3 -4 4 -6 -7
leaf_value=-0.0032573664648889644 0.00329986129847491 -0.0028921275860099792 -0.0041752143897476066 1.305903613140335e-05 0.017845982502383943 0.0080100546724112369
leaf_weight=293 1188 2171 378 477 61 333
leaf_count=293 1188 2171 378 477 61 333
internal_value=-0.000210927 -0.00133716 0.00085438 0.00249857 0.00444238 0.00332968
internal_weight=4901 3713 1542 1164 871 810
internal_count=4901 3713 1542 1164 871 810
is_linear=0
shrinkage=0.03


Tree=12
num_leaves=7
num_cat=0
split_feature=4 7 1 6 8 1
split_gain=16.8228 8.77857 8.67672 21.2306 12.2336 10.2661
threshold=0.0059072773437947044 0.23002395033836368 0.035932321101427085 0.23136179894208911 0.35169918835163122 0.027291251346468929
decision_type=2 2 2 2 2 2
left_child=2 -2 5 4 -4 -1
right_child=1 -3 3 -5 -6 -7
leaf_value=-0.00083078009880958002 0.0023679525503128786 0.012936890848275076 -0.001141586473228477 -0.0074772549022772052 0.011997635119166874 0.0054374948230259202
leaf_weight=2550 1109 71 244 516 81 254
leaf_count=2550 1109 71 244 516 81 254
internal_value=-4.99663e-05 0.00305578 -0.0010582 -0.00372117 0.00226528 -0.000254301
internal_weight=4825 1180 3645 841 325 2804
internal_count=4825 1180 3645 841 325 2804
is_linear=0
shrinkage=0.03


Tree=13
num_leaves=7
num_cat=0
split_feature=5 7 0 8 9 8
split_gain=14.2955 20.6338 13.2627 11.9858 8.69286 7.65601
threshold=0.74634754657745372 0.04718329198658467 3.1364792585372929 0.24897765368223193 1.0000000180025095e-35 0.44551086425781256
decision_type=2 2 2 2 2 2
left_child=4 2 3 -2 5 -1
right_child=1 -3 -4 -5 -6 -7
leaf_value=-0.00071842974294149676 0.0078906382454356338 -0.002296156246718284 0.0022430807020424343 0.024548932094871995 -0.0096963794060672317 0.003310260860880532
leaf_weight=3857 96 206 118 70 85 472
leaf_count=3857 96 206 118 70 85 472
internal_value=7.35952e-05 0.00490815 0.0100831 0.0154276 -0.000468037 -0.000275861
internal_weight=4904 490 284 166 4414 4329
internal_count=4904 490 284 166 4414 4329
is_linear=0
shrinkage=0.03


Tree=14
num_leaves=7
num_cat=0
split_feature=0 6 7 5 7 5
split_gain=10.947 13.5914 12.1335 20.3507 16.6338 15.5886
threshold=2.9151314496994023 0.40347713232040411 0.061623524874448783 0.74634754657745372 0.033838273957371719 0.84374806284904491
decision_type=2 2 2 2 2 2
left_child=2 -2 3 4 -1 -5
right_child=1 -3 -4 5 -6 -7
leaf_value=-0.00032402990291675903 -0.0019507247805898439 0.003641603874279949 -0.0017706295544158155 0.019969574525797118 0.0075565556406282479 0.0011002415663781849
leaf_weight=833 2553 457 591 103 334 63
leaf_count=833 2553 457 591 103 334 63
internal_value=3.21599e-05 -0.00109703 0.00179698 0.00337942 0.00195404 0.0130499
internal_weight=4934 3010 1924 1333 1167 166
internal_count=4934 3010 1924 1333 1167 166
is_linear=0
shrinkage=0.03


Tree=15
num_leaves=7
num_cat=0
split_feature=4 3 0 16 0 7
split_gain=14.424 15.2448 9.45145 9.2751 7.25859 13.1634
threshold=0.043453106656670577 0.042568512260913856 3.386482954025269 0.062452405691146858 1.6992253065109255 0.011992023326456549
decision_type=2 2 2 2 2 2
left_child=2 -2 3 4 5 -1
right_child=1 -3 -4 -5 -6 -7
leaf_value=0.002872110413363803 0.0025746129838888519 0.01714074067406457 -0.0022908366563725055 -0.0023274664976045468 0.0028189600897534886 -0.0069685160001087508
leaf_weight=276 537 69 1711 707 1366 212
leaf_count=276 537 69 1711 707 1366 212
internal_value=4.81902e-05 0.00435983 -0.000567814 0.000585555 0.00169967 -0.00143023
internal_weight=4878 606 4272 2561 1854 488
internal_count=4878 606 4272 2561 1854 488
is_linear=0
shrinkage=0.03


Tree=16
num_leaves=7
num_cat=0
split_feature=4 13 0 3 1 0
split_gain=15.0743 10.67 11.0774 9.33397 8.37254 9.78509
threshold=0.070024434477090849 1.0000000180025095e-35 3.6548581123352055 0.0010768235079012813 0.0061552850529551515 3.5963453054428105
decision_type=2 2 2 2 2 2
left_child=1 2 4 -2 5 -1
right_child=3 -3 -4 -5 -6 -7
leaf_value=0.0015013438836225679 0.0028643594950747988 -0.0086482353452191074 -0.002683027920050705 0.013701803296152502 -0.0011598973868695165 0.011982279707943754
leaf_weight=1841 265 134 1181 95 1287 79
leaf_count=1841 265 134 1181 95 1287 79
internal_value=7.93666e-06 -0.000464937 -0.000205478 0.00587276 0.000709653 0.00196259
internal_weight=4882 4522 4388 360 3207 1920
internal_count=4882 4522 4388 360 3207 1920
is_linear=0
shrinkage=0.03


Tree=17
num_leaves=7
num_cat=0
split_feature=0 4 17 8 4 0
split_gain=12.1127 7.30629 6.83918 7.54464 12.5724 12.3776
threshold=2.9151314496994023 0.0067474031820893296 2.9534034729003911 0.31227385997772222 0.026270747184753421 2.412019014358521
decision_type=2 2 2 2 2 2
left_child=2 -2 -1 5 -5 -4
right_child=1 -3 3 4 -6 -7
leaf_value=-0.0076022828301853121 -0.0022189666097597372 0.0011457470004973401 0.001805066310258057 -0.0015047370096575468 0.0078311316188940903 0.0093762407905243449
leaf_weight=63 2125 795 699 745 152 266
leaf_count=63 2125 795 699 745 152 266
internal_value=-8.53801e-05 -0.0013025 0.00175943 0.0020957 0.000111901 0.00392962
internal_weight=4845 2920 1925 1862 897 965
internal_count=4845 2920 1925 1862 897 965
is_linear=0
shrinkage=0.03


Tree=18
num_leaves=7
num_cat=0
split_feature=4 7 0 6 6 7
split_gain=14.3877 12.3407 9.3452 10.4725 9.24062 21.2905
threshold=0.041622422635555274 0.12248472869396211 3.4058623313903813 0.058281134814023978 0.10132208466529848 1.0000000180025095e-35
decision_type=2 2 2 2 2 2
left_child=2 -2 4 -4 -1 -6
right_child=1 -3 3 -5 5 -7
leaf_value=-0.0036310274015641363 0.0023275036145951051 0.01264112559478919 0.0090270066846876509 -0.0026083772908285815 0.018157113276755631 0.00098489987274049946
leaf_weight=363 502 128 68 1578 62 2192
leaf_count=363 502 128 68 1578 62 2192
internal_value=0.00029305 0.00450601 -0.000334104 -0.00210181 0.000779609 0.00149639
internal_weight=4893 630 4263 1646 2617 2254
internal_count=4893 630 4263 1646 2617 2254
is_linear=0
shrinkage=0.03


Tree=19
num_leaves=7
num_cat=0
split_feature=4 6 7 7 9 3
split_gain=11.2759 8.0161 7.89189 7.04358 5.9265 5.28214
threshold=0.056760221719741828 0.57489266991615307 0.25502377748489385 0.12248472869396211 1.0000000180025095e-35 0.0048240404576063165
decision_type=2 2 2 2 2 2
left_child=1 2 4 -2 5 -1
right_child=3 -3 -4 -5 -6 -7
leaf_value=-0.001405696538149517 0.0021690365004319429 0.007136727227396996 -0.0072922537875426711 0.01123249493059561 -0.0078386300374545803 0.00082381131994467441
leaf_weight=2484 367 107 167 94 98 1549
leaf_count=2484 367 107 167 94 98 1549
internal_value=-0.000320676 -0.000789322 -0.000994707 0.00411781 -0.000731614 -0.000549424
internal_weight=4866 4405 4298 461 4131 4033
internal_count=4866 4405 4298 461 4131 4033
is_linear=0
shrinkage=0.03


Tree=20
num_leaves=7
num_cat=0
split_feature=6 9 16 6 1 0
split_gain=6.49305 4.84768 4.07562 8.26174 12.5311 7.71957
threshold=0.58999255299568187 1.0000000180025095e-35 0.02353999670594931 0.40087644755840307 0.023498926311731342 3.2549971342086796
decision_type=2 2 2 2 2 2
left_child=1 2 3 -1 5 -5
right_child=-2 -3 -4 4 -6 -7
leaf_value=-0.00024279925773474753 0.0071385374199599031 -0.0070475976504385468 -0.0015665308447138618 0.015076272700913249 -0.0040112145964733576 0.0034535913244515908
leaf_weight=2731 97 95 1655 95 94 114
leaf_count=2731 97 95 1655 95 94 114
internal_value=-0.000352001 -0.000511173 -0.000371377 0.000282065 0.00493992 0.00896544
internal_weight=4881 4784 4689 3034 303 209
internal_count=4881 4784 4689 3034 303 209
is_linear=0
shrinkage=0.03


Tree=21
num_leaves=7
num_cat=0
split_feature=4 7 16 8 0 4
split_gain=9.85177 10.0245 11.2474 9.80462 7.8967 9.06476
threshold=0.0059072773437947044 0.25502377748489385 0.072921078652143492 0.44865545630455023 4.2766945362091073 0.010848626960068943
decision_type=2 2 2 2 2 2
left_child=1 -1 -3 4 5 -2
right_child=3 2 -4 -5 -6 -7
leaf_value=-0.0007090299789574055 0.012720606571392101 -0.014757353580472143 0.00025080230857791572 0.011261494819191285 -0.0058908379827475842 0.0013584752318226241
leaf_weight=3506 63 94 82 91 119 926
leaf_count=3506 63 94 82 91 119 926
internal_value=-0.000296394 -0.00106552 -0.00795115 0.00206012 0.00125721 0.0021426
internal_weight=4881 3682 176 1199 1108 989
internal_count=4881 3682 176 1199 1108 989
is_linear=0
shrinkage=0.03


Tree=22
num_leaves=7
num_cat=0
split_feature=4 0 3 7 16 0
split_gain=13.0962 9.93828 11.278 10.579 11.8688 11.2553
threshold=0.0067474031820893296 4.2766945362091073 0.003307640785351396 0.13832706958055499 0.020720299333333973 3.3534936904907231
decision_type=2 2 2 2 2 2
left_child=-1 2 -2 4 5 -4
right_child=1 -3 3 -5 -6 -7
leaf_value=-0.00081041364792687454 0.0016079368490868585 -0.0049981327379790656 0.016653899454840401 0.018928082545890526 -0.0028506468708955628 0.0016170730422539956
leaf_weight=3668 709 126 97 63 97 82
leaf_count=3668 709 126 97 63 97 82
internal_value=7.27025e-05 0.00282361 0.00378328 0.00824339 0.00551109 0.00999665
internal_weight=4842 1174 1048 339 276 179
internal_count=4842 1174 1048 339 276 179
is_linear=0
shrinkage=0.03


Tree=23
num_leaves=7
num_cat=0
split_feature=0 17 5 16 3 3
split_gain=8.6357 12.1247 8.38611 8.99809 8.10023 15.8752
threshold=3.3622405529022221 11.592400074005129 0.27803313732147222 0.050029719248414047 0.002731771557591856 0.013066347222775223
decision_type=2 2 2 2 2 2
left_child=2 -2 -1 4 -4 -6
right_child=1 -3 3 -5 5 -7
leaf_value=-0.0040499405538139402 0.0077643779978542864 -0.0020413262143123461 0.0014158092268549566 -0.00098869789927266542 0.019270447954211546 0.00387420315821664
leaf_weight=251 116 1852 1214 805 64 518
leaf_count=251 116 1852 1214 805 64 518
internal_value=8.14212e-05 -0.00144514 0.0011355 0.00164271 0.00282162 0.00571698
internal_weight=4820 1968 2852 2601 1796 582
internal_count=4820 1968 2852 2601 1796 582
is_linear=0
shrinkage=0.03


Tree=24
num_leaves=7
num_cat=0
split_feature=4 7 0 0 8 8
split_gain=13.4108 8.14508 8.4407 8.2759 9.73927 18.8509
threshold=0.043453106656670577 0.24967052787542346 2.9151314496994023 1.6992253065109255 0.29581706225872045 0.24897765368223193
decision_type=2 2 2 2 2 2
left_child=1 2 3 4 5 -1
right_child=-2 -3 -4 -5 -6 -7
leaf_value=-0.0019013320313405282 0.0041530953053228823 -0.0061540591193262831 -0.0013444334652514209 0.0030458891129405124 -0.0072719390797962085 0.015928711083646001
leaf_weight=294 614 218 2490 1020 174 60
leaf_count=294 614 218 2490 1020 174 60
internal_value=2.69285e-05 -0.000572516 -0.000263946 0.00147278 -0.00156625 0.00130047
internal_weight=4870 4256 4038 1548 528 354
internal_count=4870 4256 4038 1548 528 354
is_linear=0
shrinkage=0.03


Tree=25
num_leaves=7
num_cat=0
split_feature=4 7 0 2 3 8
split_gain=7.74716 10.5402 7.93368 11.2471 7.89106 6.68065
threshold=0.042472744360566146 0.24967052787542346 3.2729531526565556 0.76370233297348034 0.042568512260913856 0.34484848380088812
decision_type=2 2 2 2 2 2
left_child=1 2 3 -1 -2 -4
right_child=4 -3 5 -5 -6 -7
leaf_value=0.00062776088185669118 0.0018214822303058542 -0.0071014550941607482 -0.0031034673940310859 0.012303216453859366 0.012477887594468997 0.00048857441204913177
leaf_weight=2111 550 204 1111 72 66 798
leaf_count=2111 550 204 1111 72 66 798
internal_value=-7.78536e-05 -0.00053003 -0.000194155 0.00104008 0.00305451 -0.00160457
internal_weight=4912 4296 4092 2183 616 1909
internal_count=4912 4296 4092 2183 616 1909
is_linear=0
shrinkage=0.03


Tree=26
num_leaves=7
num_cat=0
split_feature=6 5 5 17 6 9
split_gain=7.36738 8.4609 8.74109 7.6359 6.04481 5.77534
threshold=0.4771792888641358 0.70813778042793285 0.86236941814422619 89.592498779296889 0.45009063184261328 1.0000000180025095e-35
decision_type=2 2 2 2 2 2
left_child=1 4 -3 -2 5 -1
right_child=3 2 -4 -5 -6 -7
leaf_value=-0.00033979941324190321 -0.0046147593560025976 0.0044957935363640423 -0.0037948870795723147 0.0067312221330961671 -0.0080309953344421398 -0.008205155708047366
leaf_weight=3686 63 567 139 261 94 81
leaf_count=3686 63 567 139 261 94 81
internal_value=0.000152557 -0.00015962 0.00284828 0.00448845 -0.0007126 -0.000519577
internal_weight=4891 4567 706 324 3861 3767
internal_count=4891 4567 706 324 3861 3767
is_linear=0
shrinkage=0.03


Tree=27
num_leaves=7
num_cat=0
split_feature=4 1 1 4 5 3
split_gain=13.9292 6.5297 7.39714 7.47048 6.7884 6.07925
threshold=0.0012152607669122519 0.05406214855611325 0.039734639227390296 0.070024434477090849 0.38739526271820074 0.0059715171810239562
decision_type=2 2 2 2 2 2
left_child=-1 2 3 4 -2 -5
right_child=1 -3 -4 5 -6 -7
leaf_value=-0.00094548055856718898 0.0091463196291415774 -0.0043217243584804232 0.010923440689616397 0.0038527620605018457 -4.4540482384892289e-05 0.01340267814080497
leaf_weight=3623 76 105 101 235 675 79
leaf_count=3623 76 105 101 235 675 79
internal_value=2.72378e-06 0.0026987 0.00334666 0.00258042 0.0009399 0.00642786
internal_weight=4894 1271 1166 1065 751 314
internal_count=4894 1271 1166 1065 751 314
is_linear=0
shrinkage=0.03


Tree=28
num_leaves=7
num_cat=0
split_feature=4 4 6 3 4 0
split_gain=9.90008 9.82581 9.44022 14.0049 10.0575 7.28578
threshold=0.0054920080583542594 0.009577166289091112 0.37315471470355993 0.003307640785351396 0.075761772692203536 2.9151314496994023
decision_type=2 2 2 2 2 2
left_child=5 -2 4 -4 -3 -1
right_child=1 2 3 -5 -6 -7
leaf_value=0.00055461408515718581 0.013373293445276265 -0.0017035251397758461 0.0011497135141119359 0.017866520476463723 0.0051184974575236549 -0.0021528978424030353
leaf_weight=1534 61 684 120 68 266 2135
leaf_count=1534 61 684 120 68 266 2135
internal_value=-0.000248237 0.00211295 0.0014535 0.00750244 0.000223439 -0.00102168
internal_weight=4868 1199 1138 188 950 3669
internal_count=4868 1199 1138 188 950 3669
is_linear=0
shrinkage=0.03


Tree=29
num_leaves=7
num_cat=0
split_feature=0 17 4 0 0 3
split_gain=6.78067 7.28789 7.24385 6.24711 6.11095 7.11526
threshold=2.9151314496994023 2.9534034729003911 0.0067474031820893296 2.8665466308593754 4.3437170982360849 0.003307640785351396
decision_type=2 2 2 2 2 2
left_child=1 -1 -2 -3 5 -4
right_child=2 3 4 -5 -6 -7
leaf_value=-0.0081255864126371664 -0.0018673689281309828 0.001266985252424272 3.2682717561820282e-05 0.0091324802819872271 -0.004655387792736292 0.006189783308207417
leaf_weight=66 2160 1782 417 91 121 279
leaf_count=66 2160 1782 417 91 121 279
internal_value=-5.9711e-05 0.00131888 -0.000958331 0.00167243 0.00144174 0.00252738
internal_weight=4916 1939 2977 1873 817 696
internal_count=4916 1939 2977 1873 817 696
is_linear=0
shrinkage=0.03


Tree=30
num_leaves=7
num_cat=0
split_feature=4 7 8 8 7 17
split_gain=9.54 6.58049 15.6613 8.42787 8.74459 17.3093
threshold=0.041119797155261047 0.0035119766835123305 0.22739542275667193 0.37991861999034887 0.033269226551055915 119.98500061035158
decision_type=2 2 2 2 2 2
left_child=1 2 -1 -3 -5 -6
right_child=-2 3 -4 4 5 -7
leaf_value=6.1476705301128609e-05 0.003422403934984095 -0.0017157620975197555 0.016434646572725958 -0.0027323331998161358 -0.0029461624255384673 0.0061402488274736695
leaf_weight=232 632 2828 63 336 286 536
leaf_count=232 632 2828 63 336 286 536
internal_value=-3.2007e-06 -0.000512322 0.00377375 -0.000833861 0.00131798 0.0029801
internal_weight=4913 4281 295 3986 1158 822
internal_count=4913 4281 295 3986 1158 822
is_linear=0
shrinkage=0.03


Tree=31
num_leaves=7
num_cat=0
split_feature=4 7 5 7 8 8
split_gain=7.58588 6.5613 6.41586 12.9317 9.45049 8.41334
threshold=0.071184940636158003 0.035268457606434829 0.27803313732147222 1.0000000180025095e-35 0.16658125817775729 0.13537044823169711
decision_type=2 2 2 2 2 2
left_child=2 -2 -1 5 -5 -4
right_child=1 -3 3 4 -6 -7
leaf_value=-0.005039990951398109 -0.00078069360293447974 0.0075081833527936119 0.0017421757571864872 0.009912226817739957 -0.00069851722232907698 0.016560313196175479
leaf_weight=256 145 203 75 72 4024 61
leaf_count=256 145 203 75 72 4024 61
internal_value=-0.000142444 0.00409235 -0.000474998 -0.000193233 -0.000500143 0.0087401
internal_weight=4836 348 4488 4232 4096 136
internal_count=4836 348 4488 4232 4096 136
is_linear=0
shrinkage=0.03


Tree=32
num_leaves=7
num_cat=0
split_feature=1 6 0 0 6 16
split_gain=7.52297 13.7103 10.5836 14.8804 9.18177 18.5127
threshold=0.041225211694836623 0.21195524185895923 3.3332020044326787 1.7832150459289553 0.40087644755840307 0.049137374386191375
decision_type=2 2 2 2 2 2
left_child=4 2 3 -2 -1 -6
right_child=1 -3 -4 -5 5 -7
leaf_value=0.00030852272951855211 -0.0033898457429873256 -0.0045213966615112828 -0.0042170313410746047 0.015099515648159596 0.0090111681555870484 -0.0018536900768935259
leaf_weight=3454 60 629 93 100 327 243
leaf_count=3454 60 629 93 100 327 243
internal_value=0.000342995 -0.00215865 0.0036893 0.00827339 0.000893317 0.00440347
internal_weight=4906 882 253 160 4024 570
internal_count=4906 882 253 160 4024 570
is_linear=0
shrinkage=0.03


Tree=33
num_leaves=7
num_cat=0
split_feature=4 7 7 1 8 5
split_gain=10.3127 11.2009 8.8153 9.0055 9.21883 11.1774
threshold=0.0054920080583542594 0.23561251163482669 0.25502377748489385 1.0000000180025095e-35 0.34746630489826208 0.55950623750686657
decision_type=2 2 2 2 2 2
left_child=2 -2 3 -1 -5 -6
right_child=1 -3 -4 4 5 -7
leaf_value=0.001172887058472826 0.0018801053146671302 0.014346241520150847 -0.0071826401349570565 -0.0037527179000923726 -0.0021809809423656667 0.005517662733384365
leaf_weight=1857 1142 64 169 968 444 268
leaf_count=1857 1142 64 169 968 444 268
internal_value=0.000194463 0.00259816 -0.00059019 -0.000265505 -0.0018542 0.000735093
internal_weight=4912 1206 3706 3537 1680 712
internal_count=4912 1206 3706 3537 1680 712
is_linear=0
shrinkage=0.03


Tree=34
num_leaves=7
num_cat=0
split_feature=4 0 8 5 7 3
split_gain=9.19309 8.55064 9.97979 17.1264 12.6694 12.8541
threshold=0.0059072773437947044 3.2284388542175297 0.28450784087181097 0.31262132525444036 0.040890736505389221 0.0073124843183904895
decision_type=2 2 2 2 2 2
left_child=1 2 3 -1 5 -5
right_child=-2 -3 -4 4 -6 -7
leaf_value=-0.0049667826869749816 0.0025067013246065184 -0.0020682669797583986 -0.00090375281974091086 0.0054942579185025715 0.00010818216161207617 0.017700738877312026
leaf_weight=169 1201 1703 1206 292 233 105
leaf_count=169 1201 1703 1206 292 233 105
internal_value=0.000231266 -0.000508118 0.000818885 0.00340846 0.00567657 0.00890268
internal_weight=4909 3708 2005 799 630 397
internal_count=4909 3708 2005 799 630 397
is_linear=0
shrinkage=0.03


Tree=35
num_leaves=7
num_cat=0
split_feature=9 6 6 1 8 0
split_gain=10.0766 6.20645 5.86701 13.646 13.324 9.76954
threshold=1.0000000180025095e-35 0.57489266991615307 0.22482781857252124 0.041635783389210708 0.43096046149730688 4.5674436092376718
decision_type=2 2 2 2 2 2
left_child=1 2 4 -4 5 -1
right_child=-2 -3 3 -5 -6 -7
leaf_value=0.0013548049118897096 -0.0091453101512576854 0.0070447674999802798 0.00020986019044805896 -0.0051752111798070953 0.01366396914780527 -0.010514240421927891
leaf_weight=1582 100 113 2382 510 72 60
leaf_count=1582 100 113 2382 510 72 60
internal_value=4.6746e-05 0.000251008 7.68766e-05 -0.000747082 0.00146526 0.000890498
internal_weight=4819 4719 4606 2892 1714 1642
internal_count=4819 4719 4606 2892 1714 1642
is_linear=0
shrinkage=0.03


Tree=36
num_leaves=7
num_cat=0
split_feature=4 4 7 16 3 7
split_gain=7.4818 7.00051 6.62089 6.77254 6.4436 9.16816
threshold=0.0054920080583542594 0.009577166289091112 0.25502377748489385 0.072921078652143492 0.018536323681473735 0.12837137281894687
decision_type=2 2 2 2 2 2
left_child=2 -2 -1 -4 -3 -6
right_child=1 4 3 -5 5 -7
leaf_value=-0.00046700804695073137 0.011249793515257213 3.9733274679399283e-06 -0.011927608627865606 -0.00012274556375783062 0.0023257609621525634 0.014805806022794807
leaf_weight=3507 64 831 89 82 252 63
leaf_count=3507 64 831 89 82 252 63
internal_value=-7.92834e-05 0.0019622 -0.000752649 -0.0064311 0.0013969 0.00501411
internal_weight=4888 1210 3678 171 1146 315
internal_count=4888 1210 3678 171 1146 315
is_linear=0
shrinkage=0.03


Tree=37
num_leaves=7
num_cat=0
split_feature=5 5 5 7 0 8
split_gain=4.99234 5.09149 13.4782 14.0413 6.93899 5.58974
threshold=0.33716784417629247 0.85504746437072765 0.77049058675766002 0.048532016575336463 3.0759785175323491 0.25683298707008367
decision_type=2 2 2 2 2 2
left_child=-1 2 5 4 -4 -2
right_child=1 -3 3 -5 -6 -7
leaf_value=-0.0030209342809100516 0.0022461140029249498 -0.0050752720631264108 0.020877472768876363 -0.0019234427971874966 0.0062317990802351715 -0.00053343720804601173
leaf_weight=471 810 153 61 80 63 3234
leaf_count=471 810 153 61 80 63 3234
internal_value=-0.000102295 0.000213134 0.000409349 0.0078382 0.0139665 2.5384e-05
internal_weight=4872 4401 4248 204 124 4044
internal_count=4872 4401 4248 204 124 4044
is_linear=0
shrinkage=0.03


Tree=38
num_leaves=7
num_cat=0
split_feature=6 16 7 7 5 8
split_gain=6.7859 9.81365 8.52195 5.39373 5.81344 9.33874
threshold=0.40087644755840307 0.047094369307160384 0.26218667626380926 0.21447988599538806 0.54168215394020092 0.34746630489826208
decision_type=2 2 2 2 2 2
left_child=2 -2 3 4 -1 -6
right_child=1 -3 -4 -5 5 -7
leaf_value=-0.0021282921220892956 0.0052690227449146993 -0.0019658121169859569 -0.0090335186194578122 0.0057155168594760913 -0.00098850213658363052 0.0032683758821392245
leaf_weight=1690 414 279 106 113 1680 635
leaf_count=1690 414 279 106 113 1680 635
internal_value=-0.000377932 0.00236308 -0.000829891 -0.000608026 -0.000793347 0.000183679
internal_weight=4917 693 4224 4118 4005 2315
internal_count=4917 693 4224 4118 4005 2315
is_linear=0
shrinkage=0.03


Tree=39
num_leaves=7
num_cat=0
split_feature=6 9 3 5 7 6
split_gain=6.53657 6.53221 5.52546 7.68613 25.1666 6.06114
threshold=0.58999255299568187 1.0000000180025095e-35 0.0010768235079012813 0.77049058675766002 0.041689265519380576 0.24165781587362292
decision_type=2 2 2 2 2 2
left_child=1 2 -1 5 -5 -4
right_child=-2 -3 3 4 -6 -7
leaf_value=-0.00095898312080321818 0.0073440617805762779 -0.0077308462278989068 -0.0017931220035684566 0.019461446460694649 -0.0050313384329900143 0.0019245432602198688
leaf_weight=2836 98 99 615 73 70 1082
leaf_count=2836 98 99 615 73 70 1082
internal_value=-0.000133488 -0.000294476 -0.000128944 0.00114953 0.00770704 0.000575936
internal_weight=4873 4775 4676 1840 143 1697
internal_count=4873 4775 4676 1840 143 1697
is_linear=0
shrinkage=0.03


Tree=40
num_leaves=7
num_cat=0
split_feature=6 16 1 0 5 8
split_gain=7.75609 12.2502 11.1831 9.69806 5.71317 13.9129
threshold=0.40087644755840307 0.049137374386191375 0.023498926311731342 3.2549971342086796 0.56316417455673229 0.42295925319194799
decision_type=2 2 2 2 2 2
left_child=4 2 3 -2 -1 -6
right_child=1 -3 -4 -5 5 -7
leaf_value=-0.0015333958948770211 0.015530254079014745 -0.0019539150726186096 -0.0012228692967430439 0.0043869418910492388 5.553967364459708e-05 0.010151637408114571
leaf_weight=2074 126 269 126 164 1974 126
leaf_count=2074 126 269 126 164 1974 126
internal_value=6.82844e-05 0.00301491 0.00621297 0.00940968 -0.000418318 0.00068398
internal_weight=4859 685 416 290 4174 2100
internal_count=4859 685 416 290 4174 2100
is_linear=0
shrinkage=0.03


Tree=41
num_leaves=7
num_cat=0
split_feature=0 6 6 17 7 8
split_gain=8.01353 7.45441 7.18382 7.25504 13.2787 12.9891
threshold=4.2487645149230966 0.3032319992780686 0.58999255299568187 51.584999084472663 0.057804096490144737 0.26429583132267004
decision_type=2 2 2 2 2 2
left_child=2 -2 3 4 -1 -6
right_child=1 -3 -4 -5 5 -7
leaf_value=0.00757018609386722 -0.0063866202896460892 0.0011440230639106251 0.0091848012177894508 5.7504761977450982e-05 0.010025571975857019 -0.0033422298977169597
leaf_weight=344 280 200 85 3548 78 304
leaf_count=344 280 200 85 3548 78 304
internal_value=0.000389482 -0.00326941 0.000795673 0.000618295 0.00333977 -0.000518415
internal_weight=4839 480 4359 4274 726 382
internal_count=4839 480 4359 4274 726 382
is_linear=0
shrinkage=0.03


Tree=42
num_leaves=7
num_cat=0
split_feature=6 16 1 8 0 6
split_gain=12.0726 11.6781 11.3585 10.265 6.6446 10.6345
threshold=0.40087644755840307 0.062452405691146858 0.023498926311731342 0.28072609007358557 2.9057801961898808 0.32870453596115118
decision_type=2 2 2 2 2 2
left_child=4 2 3 -2 5 -1
right_child=1 -3 -4 -5 -6 -7
leaf_value=0.0018169887538936999 0.019798564758499376 -0.0015964021248173368 -0.0010394369452368726 0.0065752613818155147 -0.0015414595729192164 -0.0052008819546400841
leaf_weight=1467 66 237 124 248 2500 219
leaf_count=1467 66 237 124 248 2500 219
internal_value=4.05007e-05 0.00374827 0.00662562 0.00962144 -0.000561142 0.000892732
internal_weight=4861 675 438 314 4186 1686
internal_count=4861 675 438 314 4186 1686
is_linear=0
shrinkage=0.03


Tree=43
num_leaves=7
num_cat=0
split_feature=1 4 16 0 8 0
split_gain=7.43197 6.40309 6.1855 5.21394 8.86944 8.12261
threshold=0.10008683428168298 0.070024434477090849 0.062452405691146858 1.4820156097412112 0.29741533100605017 2.9151314496994023
decision_type=2 2 2 2 2 2
left_child=1 2 3 4 -1 -5
right_child=-2 -3 -4 5 -6 -7
leaf_value=0.00031739408857287801 -0.0078076803719624869 0.0042255169272383567 -0.0017265426706620441 0.0036019685824490812 -0.0096498085825958042 0.00017267682815753717
leaf_weight=297 95 369 1173 904 105 1968
leaf_count=297 95 369 1173 904 105 1968
internal_value=0.000287828 0.000455451 0.000138227 0.000807946 -0.00237255 0.00125648
internal_weight=4911 4816 4447 3274 402 2872
internal_count=4911 4816 4447 3274 402 2872
is_linear=0
shrinkage=0.03


Tree=44
num_leaves=7
num_cat=0
split_feature=5 7 5 4 12 17
split_gain=6.83465 10.8636 8.5446 9.4464 6.94613 6.85371
threshold=0.66757977008819591 0.04718329198658467 0.70049887895584118 0.029813040047883991 1.0000000180025095e-35 95.735000610351577
decision_type=2 2 2 2 2 2
left_child=4 5 -3 -4 -1 -2
right_child=1 2 3 -5 -6 -7
leaf_value=-0.0011021278558540446 -0.0014004798737538217 0.0050937676428221773 -0.0066632366357888611 0.0059109504937249072 0.0083730573182217247 0.0061932152200063545
leaf_weight=3743 137 117 265 63 66 458
leaf_count=3743 137 117 265 63 66 458
internal_value=-0.000338564 0.00181139 -0.00172375 -0.00419558 -0.000927186 0.00444765
internal_weight=4849 1040 445 328 3809 595
internal_count=4849 1040 445 328 3809 595
is_linear=0
shrinkage=0.03


Tree=45
num_leaves=7
num_cat=0
split_feature=6 7 6 1 1 6
split_gain=8.88488 8.1614 7.9811 11.7284 10.5811 12.0559
threshold=0.58999255299568187 0.25502377748489385 0.21304296702146533 0.035670109093189246 0.045675965026021011 0.17589653283357623
decision_type=2 2 2 2 2 2
left_child=1 2 4 -4 -1 -6
right_child=-2 -3 3 -5 5 -7
leaf_value=0.00076871435194762468 0.0088372517884613908 -0.0062993249188965329 0.00012920727823880626 -0.0041773860450504165 0.0015334692936197951 0.016478719731147229
leaf_weight=1355 93 190 2349 746 111 83
leaf_count=1355 93 190 2349 746 111 83
internal_value=-0.000105823 -0.00028683 -3.43303e-05 -0.000913891 0.00172037 0.00818095
internal_weight=4927 4834 4644 3095 1549 194
internal_count=4927 4834 4644 3095 1549 194
is_linear=0
shrinkage=0.03


Tree=46
num_leaves=7
num_cat=0
split_feature=4 1 6 0 4 6
split_gain=8.65585 7.54421 7.07284 8.88996 9.76844 8.16875
threshold=0.0012152607669122519 0.069822296500206008 0.34477356076240545 4.2487645149230966 0.0085406689904630202 0.046466309577226646
decision_type=2 2 2 2 2 2
left_child=-1 2 3 4 -2 -6
right_child=1 -3 -4 -5 5 -7
leaf_value=-0.001037677038167819 0.012687496631479007 -0.0080403268104948262 0.0066756471208137451 -0.0075683748896331771 0.010969148138133079 0.00015102424496050797
leaf_weight=3632 67 61 264 90 64 703
leaf_count=3632 67 61 264 90 64 703
internal_value=-0.000296898 0.00185278 0.00239233 0.00113918 0.00211835 0.00111891
internal_weight=4881 1249 1188 924 834 767
internal_count=4881 1249 1188 924 834 767
is_linear=0
shrinkage=0.03


Tree=47
num_leaves=7
num_cat=0
split_feature=4 0 3 7 5 16
split_gain=5.73636 10.11 8.62107 15.6429 7.53222 8.19635
threshold=0.0067474031820893296 4.3767399787902841 0.003307640785351396 0.12837137281894687 0.50276270508766185 0.02353999670594931
decision_type=2 2 2 2 2 2
left_child=-1 2 -2 4 -4 -6
right_child=1 -3 3 -5 5 -7
leaf_value=-0.00029435128558883078 0.0010005947664492474 -0.0061423055028681419 -0.0037390564358087651 0.017269852043307842 0.01058060011438971 -0.0021474053022291014
leaf_weight=3689 691 116 94 89 132 66
leaf_count=3689 691 116 94 89 132 66
internal_value=0.000290073 0.00209847 0.00301457 0.00660693 0.00312091 0.00638954
internal_weight=4877 1188 1072 381 292 198
internal_count=4877 1188 1072 381 292 198
is_linear=0
shrinkage=0.03


Tree=48
num_leaves=7
num_cat=0
split_feature=5 0 8 8 6 8
split_gain=6.9992 7.83141 10.1632 9.80834 7.13931 7.11736
threshold=0.74634754657745372 3.1364792585372929 0.24897765368223193 0.28989133238792425 0.57489266991615307 0.20442831516265872
decision_type=2 2 2 2 2 2
left_child=4 2 5 -4 -1 -2
right_child=1 -3 3 -5 -6 -7
leaf_value=-0.00076274348819344549 0.0068121153461160487 -0.0011944275373669091 0.019555518611481314 0.0031714532110117266 0.0065702327355038276 -0.006302809497017575
leaf_weight=4220 76 203 71 62 118 64
leaf_count=4220 76 203 71 62 118 64
internal_value=-0.000175825 0.00325812 0.00653091 0.0123095 -0.000555941 0.000806121
internal_weight=4814 476 273 133 4338 140
internal_count=4814 476 273 133 4338 140
is_linear=0
shrinkage=0.03


Tree=49
num_leaves=7
num_cat=0
split_feature=6 5 16 1 4 5
split_gain=5.78602 12.7051 10.4163 9.81721 5.34742 7.15182
threshold=0.40087644755840307 0.63790366053581249 0.059092139825224883 0.048813953995704658 0.070024434477090849 0.46466033160686498
decision_type=2 2 2 2 2 2
left_child=4 2 3 -2 -1 -6
right_child=1 -3 -4 -5 5 -7
leaf_value=-0.00068410344627640248 0.0060632461374048518 0.014901895293801584 -0.0039993519660068734 -0.0064598671106197046 -0.0037833379711399015 0.0061564260971448993
leaf_weight=3871 342 63 218 63 87 225
leaf_count=3871 342 63 218 63 87 225
internal_value=4.15418e-05 0.00258488 0.00123061 0.00406018 -0.000378146 0.0033688
internal_weight=4869 686 623 405 4183 312
internal_count=4869 686 623 405 4183 312
is_linear=0
shrinkage=0.03


Tree=50
num_leaves=7
num_cat=0
split_feature=5 7 5 6 6 0
split_gain=8.13742 22.437 9.82769 9.59589 4.93661 4.31268
threshold=0.70813778042793285 0.051263963803648956 0.86236941814422619 0.17147658020257953 0.3032319992780686 3.0343906879425053
decision_type=2 2 2 2 2 2
left_child=-1 2 3 -2 -3 -5
right_child=1 4 -4 5 -6 -7
leaf_value=-0.00053579596776516948 0.0029773009968031305 -0.0054385317501035356 -0.0018850008871363982 0.017518509060529798 0.003960321696618428 0.0082004461480447866
leaf_weight=4233 131 231 83 111 60 99
leaf_count=4233 131 231 83 111 60 99
internal_value=-3.48778e-05 0.00291382 0.00728211 0.0095084 -0.00346646 0.0134186
internal_weight=4948 715 424 341 291 210
internal_count=4948 715 424 341 291 210
is_linear=0
shrinkage=0.03


Tree=51
num_leaves=7
num_cat=0
split_feature=6 9 5 5 0 4
split_gain=7.21039 9.21277 7.64807 7.07884 11.1114 5.76734
threshold=0.58999255299568187 1.0000000180025095e-35 0.74634754657745372 0.84374806284904491 2.9151314496994023 0.070024434477090849
decision_type=2 2 2 2 2 2
left_child=1 2 5 4 -4 -1
right_child=-2 -3 3 -5 -6 -7
leaf_value=-0.00076947120222716826 0.0077345804327901887 -0.009125213459658537 0.012588978311775819 -0.0014407591967484409 0.0010192775087335202 0.0033947295500655417
leaf_weight=3937 99 98 133 161 165 319
leaf_count=3937 99 98 133 161 165 319
internal_value=-8.08366e-05 -0.000249454 -5.55027e-05 0.00360213 0.00630547 -0.000453735
internal_weight=4912 4813 4715 459 298 4256
internal_count=4912 4813 4715 459 298 4256
is_linear=0
shrinkage=0.03


Tree=52
num_leaves=7
num_cat=0
split_feature=4 17 1 1 0 1
split_gain=6.55589 7.67808 6.63131 7.48793 5.74396 8.93723
threshold=0.02394129149615765 2.9534034729003911 0.05406214855611325 0.0013534593163058164 3.7101968526840214 0.009161527734249832
decision_type=2 2 2 2 2 2
left_child=1 -1 3 -2 5 -3
right_child=2 4 -4 -5 -6 -7
leaf_value=-0.0074350483740369478 0.00089895907165428489 0.001839466312405057 -0.0054749378846397365 0.0066701901889922926 -0.0022143176199437217 -0.0015779427055544924
leaf_weight=130 511 1757 83 332 918 1126
leaf_count=130 511 1757 83 332 918 1126
internal_value=0.000131399 -0.000404233 0.00239519 0.00319778 -0.000154317 0.000504324
internal_weight=4857 3931 926 843 3801 2883
internal_count=4857 3931 926 843 3801 2883
is_linear=0
shrinkage=0.03


Tree=53
num_leaves=7
num_cat=0
split_feature=5 6 7 8 9 8
split_gain=7.1434 5.88563 5.81778 7.32246 5.98823 5.81634
threshold=0.27803313732147222 0.58999255299568187 1.0000000180025095e-35 0.15995751321315768 1.0000000180025095e-35 0.26429583132267004
decision_type=2 2 2 2 2 2
left_child=-1 2 3 -2 5 -4
right_child=1 -3 4 -5 -6 -7
leaf_value=-0.0044201762139665446 -0.00027593152102413056 0.0074396989542511423 0.0020332231668652094 0.013506025653153371 -0.0071532225598181995 -0.00053382588521236297
leaf_weight=306 74 96 1049 60 100 3220
leaf_count=306 74 96 1049 60 100 3220
internal_value=-1.97213e-05 0.000277551 0.000116778 0.00615894 -7.5368e-05 9.86029e-05
internal_weight=4905 4599 4503 134 4369 4269
internal_count=4905 4599 4503 134 4369 4269
is_linear=0
shrinkage=0.03


Tree=54
num_leaves=7
num_cat=0
split_feature=5 7 4 7 7 17
split_gain=6.29563 14.6167 5.5629 5.89187 6.12826 5.36874
threshold=0.74634754657745372 0.04718329198658467 0.070024434477090849 0.033838273957371719 0.068386737257242217 99.767196655273452
decision_type=2 2 2 2 2 2
left_child=2 5 -1 -4 -5 -2
right_child=1 -3 3 4 -6 -7
leaf_value=-0.00052722847179502441 0.00016342865953144304 -0.0026897080456098174 -0.00091883647667872863 0.014222346008549828 0.0028251881437654802 0.0098402947542028871
leaf_weight=4101 67 209 152 63 122 222
leaf_count=4101 67 209 152 63 122 222
internal_value=0.000138996 0.00331991 -0.000221278 0.00345515 0.00697852 0.0076378
internal_weight=4936 498 4438 337 185 289
internal_count=4936 498 4438 337 185 289
is_linear=0
shrinkage=0.03


Tree=55
num_leaves=7
num_cat=0
split_feature=5 16 4 7 0 5
split_gain=7.08923 9.16306 7.95645 7.35401 8.02301 6.99338
threshold=0.67023286223411571 0.044027473777532584 0.15103571861982348 0.0087522878311574476 2.412019014358521 0.71498426795005809
decision_type=2 2 2 2 2 2
left_child=2 3 -1 -2 5 -5
right_child=1 -3 -4 4 -6 -7
leaf_value=-0.00060937635781031937 0.013375528568774461 -0.0014313718662831972 0.0096700816125730449 0.0048813532447357739 0.0058189535526236378 -0.0062834819050959683
leaf_weight=3816 70 362 64 83 385 114
leaf_count=3816 70 362 64 83 385 114
internal_value=0.000156741 0.00238378 -0.000427591 0.00449678 0.00332405 -0.00157513
internal_weight=4894 1014 3880 652 582 197
internal_count=4894 1014 3880 652 582 197
is_linear=0
shrinkage=0.03


Tree=56
num_leaves=7
num_cat=0
split_feature=5 8 0 8 8 5
split_gain=9.81646 10.9301 10.5763 11.9785 4.66214 10.4162
threshold=0.74634754657745372 0.24897765368223193 3.1605128049850468 0.29198026657104498 0.25683298707008367 0.32472197711467748
decision_type=2 2 2 2 2 2
left_child=4 -2 3 -3 5 -1
right_child=1 2 -4 -5 -6 -7
leaf_value=-0.0046483388797882684 -0.00068747091021491324 0.021395046758595146 0.0011414840351489115 0.0036672883110919164 -0.0011509814863929571 0.0028473047644327286
leaf_weight=209 247 74 111 65 3419 755
leaf_count=209 247 74 111 65 3419 755
internal_value=-0.000177209 0.00379699 0.00815424 0.0135203 -0.000631667 0.00120661
internal_weight=4880 497 250 139 4383 964
internal_count=4880 497 250 139 4383 964
is_linear=0
shrinkage=0.03


Tree=57
num_leaves=7
num_cat=0
split_feature=6 3 6 7 0 6
split_gain=8.62273 8.27962 6.01871 6.14977 6.51445 6.36494
threshold=0.58999255299568187 0.0010768235079012813 0.22588361054658893 0.027696347795426849 2.3895741701126103 0.34358499944210058
decision_type=2 2 2 2 2 2
left_child=1 2 -1 -4 5 -5
right_child=-2 -3 3 4 -6 -7
leaf_value=0.00027068772666859008 0.0083496371106369979 0.0011387828745384211 -0.0055423169721902947 0.007097779021512516 -0.0023960260725666947 -0.0038829240158889189
leaf_weight=1152 99 1922 446 135 1058 68
leaf_count=1152 99 1922 446 135 1058 68
internal_value=-0.00019659 -0.000382095 -0.00140473 -0.0025329 -0.00145082 0.00341459
internal_weight=4880 4781 2859 1707 1261 203
internal_count=4880 4781 2859 1707 1261 203
is_linear=0
shrinkage=0.03


Tree=58
num_leaves=7
num_cat=0
split_feature=4 5 5 5 7 5
split_gain=5.27682 5.96846 7.67003 5.45449 17.6773 10.1424
threshold=0.071184940636158003 0.49730607867240911 0.5722167193889619 0.74634754657745372 0.055131293833255775 0.86236941814422619
decision_type=2 2 2 2 2 2
left_child=3 -2 -3 -1 5 -5
right_child=1 2 -4 4 -6 -7
leaf_value=-0.00057160874930024547 -0.0014215447618728025 0.013679127919761573 0.0021112334804351584 0.010980173587924006 -0.004849479264199469 -0.0013245253673011667
leaf_weight=4047 132 80 137 200 164 84
leaf_count=4047 132 80 137 200 164 84
internal_value=5.46714e-05 0.00358127 0.00658793 -0.000222815 0.00289954 0.00738081
internal_weight=4844 349 217 4495 448 284
internal_count=4844 349 217 4495 448 284
is_linear=0
shrinkage=0.03


Tree=59
num_leaves=7
num_cat=0
split_feature=8 9 5 5 8 8
split_gain=5.31299 7.53891 8.09723 9.28359 7.3804 8.00952
threshold=0.35051158070564276 1.0000000180025095e-35 0.75145044922828685 0.86236941814422619 0.24897765368223193 0.28754915297031408
decision_type=2 2 2 2 2 2
left_child=1 2 -1 4 -4 -6
right_child=-2 -3 3 -5 5 -7
leaf_value=-0.0012105233354914192 0.0012111734594050397 -0.010637030404911417 0.0012008230241446975 -0.0034632494149357076 0.017287020688172339 0.0028591082083142321
leaf_weight=2608 1824 64 131 120 77 64
leaf_count=2608 1824 64 131 120 77 64
internal_value=-6.87914e-05 -0.000831487 -0.000604951 0.00338846 0.00641923 0.0110604
internal_weight=4888 3064 3000 392 272 141
internal_count=4888 3064 3000 392 272 141
is_linear=0
shrinkage=0.03


Tree=60
num_leaves=7
num_cat=0
split_feature=4 1 1 17 5 1
split_gain=7.93473 7.9611 7.9742 6.32566 4.53768 4.23909
threshold=0.0054920080583542594 0.069822296500206008 0.035096194595098502 2.9534034729003911 0.5876080095767976 0.009161527734249832
decision_type=2 2 2 2 2 2
left_child=3 2 -2 -1 -4 -5
right_child=1 -3 4 5 -6 -7
leaf_value=-0.0068830857511737471 0.0019899188719977802 -0.0076777496174550977 0.011735436683417194 0.000909459351080675 0.0018685625558314115 -0.0011797662515235696
leaf_weight=119 958 60 130 2025 64 1530
leaf_count=119 958 60 130 2025 64 1530
internal_value=0.000472748 0.00257227 0.003137 -0.000222409 0.00860912 9.90486e-06
internal_weight=4886 1212 1152 3674 194 3555
internal_count=4886 1212 1152 3674 194 3555
is_linear=0
shrinkage=0.03


Tree=61
num_leaves=7
num_cat=0
split_feature=4 0 3 7 6 6
split_gain=4.31255 7.58108 7.30297 11.747 6.40628 12.0477
threshold=0.0072124586440622815 3.2729531526565556 0.026266014203429226 0.067253224551677718 0.32870453596115118 0.39830555021762853
decision_type=2 2 2 2 2 2
left_child=1 4 -2 -4 -1 -6
right_child=2 -3 3 -5 5 -7
leaf_value=0.0018009945693896875 0.00039927393754364207 -0.0018910616938676069 0.00095072077256599821 0.013760320270590692 -0.0068006473340626273 0.0020781816152540206
leaf_weight=1553 891 1658 164 102 247 299
leaf_count=1553 891 1658 164 102 247 299
internal_value=0.000115856 -0.000377693 0.00171323 0.00602593 0.00081937 -0.00196369
internal_weight=4914 3757 1157 266 2099 546
internal_count=4914 3757 1157 266 2099 546
is_linear=0
shrinkage=0.03


Tree=62
num_leaves=7
num_cat=0
split_feature=6 9 4 4 7 7
split_gain=8.76289 7.18764 4.94638 8.61335 6.68339 6.69982
threshold=0.58999255299568187 1.0000000180025095e-35 0.0059072773437947044 0.009577166289091112 0.24967052787542346 0.21447988599538806
decision_type=2 2 2 2 2 2
left_child=1 2 4 -4 5 -1
right_child=-2 -3 3 -5 -6 -7
leaf_value=-0.0004132171035338987 0.009171527105091299 -0.0078402566040999128 0.01220941943074785 0.0011318156686570804 -0.0064079257958651473 0.0077537527165165354
leaf_weight=3236 89 100 62 1140 158 88
leaf_count=3236 89 100 62 1140 158 88
internal_value=0.000100498 -7.76564e-05 9.6253e-05 0.00175142 -0.000476808 -0.000185683
internal_weight=4873 4784 4684 1202 3482 3324
internal_count=4873 4784 4684 1202 3482 3324
is_linear=0
shrinkage=0.03


Tree=63
num_leaves=7
num_cat=0
split_feature=9 4 7 7 0 0
split_gain=5.56313 5.53727 7.75202 5.31755 5.3884 12.8647
threshold=1.0000000180025095e-35 0.0072124586440622815 0.23561251163482669 0.26218667626380926 2.9151314496994023 2.3228595256805424
decision_type=2 2 2 2 2 2
left_child=1 3 -3 4 5 -1
right_child=-2 2 -4 -5 -6 -7
leaf_value=-0.0010591553398363622 -0.0069952628397218445 0.0012443250418895911 0.011231974007189272 -0.0056515917136219507 -0.0012204110008661403 0.0047664101817908276
leaf_weight=887 97 1073 70 166 2044 548
leaf_count=887 97 1073 70 166 2044 548
internal_value=-6.25199e-05 8.50812e-05 0.00190225 -0.000486572 -0.000232366 0.00117435
internal_weight=4885 4788 1143 3645 3479 1435
internal_count=4885 4788 1143 3645 3479 1435
is_linear=0
shrinkage=0.03


Tree=64
num_leaves=7
num_cat=0
split_feature=4 16 0 5 0 17
split_gain=4.41488 8.26421 4.87482 8.47458 9.15139 8.3663
threshold=0.056491579860448844 0.076064325869083418 2.9151314496994023 0.40213115513324743 2.8665466308593754 58.848070144653327
decision_type=2 2 2 2 2 2
left_child=2 -2 3 5 -5 -1
right_child=1 -3 -4 4 -6 -7
leaf_value=-0.012439171110403121 0.0010803912869366212 0.011907053951585252 -0.00094911572790194894 0.0015885440656292803 0.012197457022176911 -0.00075867869552002833
leaf_weight=63 368 72 2734 1239 73 297
leaf_count=63 368 72 2734 1239 73 297
internal_value=0.000118072 0.00296591 -0.000169363 0.00110469 0.00222289 -0.00294516
internal_weight=4846 440 4406 1672 1312 360
internal_count=4846 440 4406 1672 1312 360
is_linear=0
shrinkage=0.03


Tree=65
num_leaves=7
num_cat=0
split_feature=4 3 1 17 17 1
split_gain=7.28858 10.6099 5.15942 5.50404 5.00854 5.2818
threshold=0.043453106656670577 0.042568512260913856 0.041635783389210708 2.9534034729003911 24.033420562744144 0.046877713873982436
decision_type=2 2 2 2 2 2
left_child=2 -2 3 -1 -4 -6
right_child=1 -3 4 -5 5 -7
leaf_value=-0.0062631635964360268 0.0014323670460234974 0.013696251978787282 0.0047566144415879088 0.00012491565195682809 -0.0082725874411805379 -0.0021261493717173725
leaf_weight=121 552 67 68 3314 159 567
leaf_count=121 552 67 68 3314 159 567
internal_value=-0.000168192 0.00285891 -0.000614122 -0.000108885 -0.00278552 -0.00351965
internal_weight=4848 619 4229 3435 794 726
internal_count=4848 619 4229 3435 794 726
is_linear=0
shrinkage=0.03


Tree=66
num_leaves=7
num_cat=0
split_feature=4 0 5 0 0 1
split_gain=9.47226 7.23387 7.41475 6.77374 8.66121 8.17886
threshold=0.0072124586440622815 4.3437170982360849 0.70291984081268322 3.2284388542175297 5.5707807540893564 0.0065269849728792914
decision_type=2 2 2 2 2 2
left_child=3 2 -2 5 -5 -1
right_child=1 -3 -4 4 -6 -7
leaf_value=0.0018576319816438569 0.0020922682278441641 -0.0044845417228394323 0.009370704350656376 -0.0026514523331134295 0.007415451310678489 -0.0021115148102037132
leaf_weight=1263 885 121 143 1619 76 735
leaf_count=1263 885 121 143 1619 76 735
internal_value=-4.7126e-05 0.00232576 0.00314519 -0.000787547 -0.00217959 0.000395884
internal_weight=4842 1149 1028 3693 1695 1998
internal_count=4842 1149 1028 3693 1695 1998
is_linear=0
shrinkage=0.03


Tree=67
num_leaves=7
num_cat=0
split_feature=0 8 4 2 16 1
split_gain=4.36907 8.6265 8.71529 7.31493 4.31671 4.11116
threshold=3.2729531526565556 0.37874090671539312 0.056760221719741828 0.76370233297348034 0.07426363974809648 0.0039867528248578319
decision_type=2 2 2 2 2 2
left_child=3 2 -2 -1 5 -3
right_child=1 4 -4 -5 -6 -7
leaf_value=0.00071397271373397644 -0.0025996567704737309 -0.0016399039914995227 0.0054530762365638192 0.0095129393691604485 0.0081274521984952552 0.0035896374556978116
leaf_weight=2576 1484 251 127 83 89 283
leaf_count=2576 1484 251 127 83 89 283
internal_value=0.000185137 -0.000791917 -0.00194993 0.00100597 0.00219424 0.00113915
internal_weight=4893 2234 1611 2659 623 534
internal_count=4893 2234 1611 2659 623 534
is_linear=0
shrinkage=0.03


Tree=68
num_leaves=7
num_cat=0
split_feature=3 17 0 0 6 0
split_gain=4.72456 7.89731 6.69505 8.17938 8.29609 5.78838
threshold=0.0010768235079012813 2.9534034729003911 3.001455664634705 1.3690510392189028 0.3195060938596726 0.60534295439720165
decision_type=2 2 2 2 2 2
left_child=1 -1 3 5 -5 -3
right_child=-2 2 -4 4 -6 -7
leaf_value=-0.0097867842640234053 0.001247168347362614 0.00045216315029699534 -0.0018555843215880764 0.0041503317577626878 -0.0015684765708432996 -0.0066655035686316129
leaf_weight=78 1905 244 1439 740 326 172
leaf_count=78 1905 244 1439 740 326 172
internal_value=8.06581e-05 -0.000661165 -0.000401175 0.00101253 0.00240227 -0.00253493
internal_weight=4904 2999 2921 1482 1066 416
internal_count=4904 2999 2921 1482 1066 416
is_linear=0
shrinkage=0.03


Tree=69
num_leaves=7
num_cat=0
split_feature=6 16 5 0 6 5
split_gain=9.56492 8.15607 6.52281 8.05547 5.332 5.03436
threshold=0.40087644755840307 0.049137374386191375 0.31846165657043463 2.457211017608643 0.45009063184261328 0.5709875524044038
decision_type=2 2 2 2 2 2
left_child=-1 2 -2 -4 -5 -3
right_child=1 5 3 4 -6 -7
leaf_value=-0.00017356364101879661 -0.0021314462486811923 -0.0027055702836630675 0.017201290912660105 0.01060559593958065 0.002022716949743751 0.0068658970686105575
leaf_weight=4176 66 202 65 107 163 60
leaf_count=4176 66 202 65 107 163 60
internal_value=0.000359406 0.00369256 0.00635567 0.00803451 0.00555507 -0.000426104
internal_weight=4839 663 401 335 270 262
internal_count=4839 663 401 335 270 262
is_linear=0
shrinkage=0.03


Tree=70
num_leaves=7
num_cat=0
split_feature=5 5 7 8 1 8
split_gain=7.7464 13.6151 12.7282 11.4858 5.2079 3.72903
threshold=0.74634754657745372 0.84374806284904491 0.032967038452625282 0.24897765368223193 1.0000000180025095e-35 0.51462557911872875
decision_type=2 2 2 2 2 2
left_child=5 2 3 -2 -4 -1
right_child=1 -3 4 -5 -6 -7
leaf_value=-0.00033881810364672738 0.0050540983766162147 -0.0032075591172317764 0.0065895229935190296 0.023113759223010337 -0.0037395625907636009 -0.0051836157166965406
leaf_weight=4261 67 168 89 62 78 143
leaf_count=4261 67 168 89 62 78 143
internal_value=-0.000112032 0.0035536 0.00738056 0.0142725 0.00179669 -0.000501831
internal_weight=4868 464 296 129 167 4404
internal_count=4868 464 296 129 167 4404
is_linear=0
shrinkage=0.03


Tree=71
num_leaves=7
num_cat=0
split_feature=4 1 3 16 6 3
split_gain=6.85655 5.65311 4.28411 7.56465 10.5578 7.97998
threshold=0.15103571861982348 0.086985383182764067 0.0048240404576063165 0.0019299990963190796 0.40347713232040411 0.011951527558267118
decision_type=2 2 2 2 2 2
left_child=1 2 -1 4 5 -4
right_child=-2 -3 3 -5 -6 -7
leaf_value=-0.00056542782782003438 0.0081071986818171439 -0.0058446192332345685 0.011658961242863111 -0.0010044972747744853 0.011794689562248595 0.0011195999494520946
leaf_weight=2878 90 141 65 743 104 871
leaf_count=2878 90 141 65 743 104 871
internal_value=0.000126178 -3.16806e-05 0.000150241 0.00130378 0.00294978 0.00190956
internal_weight=4892 4802 4661 1783 1040 936
internal_count=4892 4802 4661 1783 1040 936
is_linear=0
shrinkage=0.03


Tree=72
num_leaves=7
num_cat=0
split_feature=8 8 6 6 4 16
split_gain=5.53448 9.5207 6.38691 8.03284 3.21386 9.24941
threshold=0.51462557911872875 0.44551086425781256 0.40826988220214849 0.3032319992780686 0.056491579860448844 0.076660804450511946
decision_type=2 2 2 2 2 2
left_child=1 4 3 -3 -1 -6
right_child=-2 2 -4 -5 5 -7
leaf_value=-0.00063998807923774687 -0.0061069716306646231 0.0073334895072401833 0.010995541615062393 -0.0035928965604104914 3.8750964996770534e-05 0.011666527313366532
leaf_weight=4038 133 119 100 114 344 70
leaf_count=4038 133 119 100 114 344 70
internal_value=-0.00018391 -1.30748e-05 0.00484121 0.00202436 -0.000381189 0.00212056
internal_weight=4918 4785 333 233 4452 414
internal_count=4918 4785 333 233 4452 414
is_linear=0
shrinkage=0.03


Tree=73
num_leaves=7
num_cat=0
split_feature=5 4 1 7 17 1
split_gain=5.91266 6.89697 10.997 8.14376 6.13248 5.118
threshold=0.49610832333564764 0.056760221719741828 0.013886573258787395 0.0022910413099452858 3.0805399417877202 0.039295230060815818
decision_type=2 2 2 2 2 2
left_child=5 3 -3 -2 -5 -1
right_child=1 2 -4 4 -6 -7
leaf_value=-0.00072488460867765024 0.007453543542286575 0.0010613078077753575 0.013871736032469722 -0.0075686025811592108 0.00014721682157691913 -0.0049180025929083616
leaf_weight=1364 129 190 84 91 2699 320
leaf_count=1364 129 190 84 91 2699 320
internal_value=-9.80981e-05 0.000660351 0.00516681 0.000229228 -0.000117535 -0.00153388
internal_weight=4877 3193 274 2919 2790 1684
internal_count=4877 3193 274 2919 2790 1684
is_linear=0
shrinkage=0.03


Tree=74
num_leaves=7
num_cat=0
split_feature=3 8 3 0 8 7
split_gain=5.73885 8.087 8.14812 7.81925 8.55518 6.76969
threshold=0.0023163243895396595 0.35051158070564276 0.095042504370212569 3.319634318351746 0.22739542275667193 0.032682301476597793
decision_type=2 2 2 2 2 2
left_child=-1 2 3 4 -2 -3
right_child=1 5 -4 -5 -6 -7
leaf_value=-0.00094895865034114321 0.011259818755541787 -0.00045748553706394615 -0.0076810741906690348 -0.0017555614581542852 0.001257511131675503 0.0057366884076007225
leaf_weight=3010 94 237 118 599 353 472
leaf_count=3010 94 237 118 599 353 472
internal_value=-0.000138225 0.00116372 -0.000376578 0.000480068 0.00346219 0.00367744
internal_weight=4883 1873 1164 1046 447 709
internal_count=4883 1873 1164 1046 447 709
is_linear=0
shrinkage=0.03


Tree=75
num_leaves=7
num_cat=0
split_feature=5 7 8 8 8 5
split_gain=4.16742 14.5692 10.159 4.72938 9.27291 8.32013
threshold=0.74634754657745372 0.04718329198658467 0.24897765368223193 0.44551086425781256 0.51462557911872875 0.54740685224533092
decision_type=2 2 2 2 2 2
left_child=3 2 -2 -1 5 -5
right_child=1 -3 -4 4 -6 -7
leaf_value=-0.00030798632806617931 0.0022471257713136024 -0.0030852047295013667 0.013538598724705881 0.0026316994392635443 -0.0036346366637959502 0.013274742374247819
leaf_weight=3905 167 209 124 255 138 86
leaf_count=3905 167 209 124 255 138 86
internal_value=0.000335655 0.00291634 0.00720603 3.83376e-05 0.00283572 0.00546891
internal_weight=4884 500 291 4384 479 341
internal_count=4884 500 291 4384 479 341
is_linear=0
shrinkage=0.03


Tree=76
num_leaves=7
num_cat=0
split_feature=6 5 6 16 1 8
split_gain=8.69635 8.23657 6.74954 5.61372 6.79849 5.16714
threshold=0.39830555021762853 0.65334510803222667 0.36609609425067907 0.074978251010179534 0.019374995492398742 0.35286000370979315
decision_type=2 2 2 2 2 2
left_child=2 3 -1 4 -2 -6
right_child=1 -3 -4 -5 5 -7
leaf_value=-0.00037919822925467408 0.0062727684064132977 0.013004637962863356 -0.0052600178238200171 -0.0023867143412424027 -0.0070550038055940106 0.0037795513598021212
leaf_weight=3885 297 61 268 193 72 77
leaf_count=3885 297 61 268 193 72 77
internal_value=-0.000177906 0.00290326 -0.000700112 0.00184549 0.00368307 -0.00151501
internal_weight=4853 700 4153 639 446 149
internal_count=4853 700 4153 639 446 149
is_linear=0
shrinkage=0.03


Tree=77
num_leaves=7
num_cat=0
split_feature=16 4 6 1 0 8
split_gain=5.49363 7.72211 7.37924 8.92666 9.03926 8.59744
threshold=0.059092139825224883 0.0537526123225689 0.40087644755840307 0.016734256409108642 3.2729531526565556 0.35598663985729223
decision_type=2 2 2 2 2 2
left_child=2 -2 -1 4 5 -4
right_child=1 -3 3 -5 -6 -7
leaf_value=0.00031050843786021995 -0.0021087507297981264 0.0066934125678921015 0.020026935469359158 -0.001573550636334152 0.0021708292211405932 0.0045899032088725462
leaf_weight=3155 1212 92 70 140 139 64
leaf_count=3155 1212 92 70 140 139 64
internal_value=0.000198334 -0.00146454 0.000807267 0.00455301 0.00766663 0.0130843
internal_weight=4872 1304 3568 413 273 134
internal_count=4872 1304 3568 413 273 134
is_linear=0
shrinkage=0.03


Tree=78
num_leaves=7
num_cat=0
split_feature=3 3 16 6 5 8
split_gain=5.46645 11.4187 7.33113 7.41149 4.66832 5.14583
threshold=0.0048240404576063165 0.0077541794162243613 0.0019299990963190796 0.40347713232040411 0.33716784417629247 0.27169084548950201
decision_type=2 2 2 2 2 2
left_child=4 -2 3 -3 -1 -6
right_child=1 2 -4 -5 5 -7
leaf_value=-0.004514193480335796 0.012397474455693737 0.0011995464826133073 -0.0017983541933464715 0.009415854057926382 0.0013133856946976055 -0.0015698852299369237
leaf_weight=324 70 922 752 106 784 1894
leaf_count=324 70 922 752 106 784 1894
internal_value=-0.000350942 0.00093024 0.000445818 0.00208823 -0.00114071 -0.000724916
internal_weight=4852 1850 1780 1028 3002 2678
internal_count=4852 1850 1780 1028 3002 2678
is_linear=0
shrinkage=0.03


Tree=79
num_leaves=7
num_cat=0
split_feature=0 0 8 16 17 17
split_gain=4.45075 10.5784 10.9406 6.81922 6.66739 5.61766
threshold=2.7484819889068608 2.5900197029113774 0.28450784087181097 0.024827616289258007 6.5000000000000009 6.8550000190734872
decision_type=2 2 2 2 2 2
left_child=1 4 -3 -4 -1 -2
right_child=5 2 3 -5 -6 -7
leaf_value=-0.0091504019101938377 0.0048610185747783551 0.017689242212245097 0.0084670666315976306 -0.0041188788817574581 0.00068076734583410613 -0.0010304281193411651
leaf_weight=60 148 60 80 67 1381 3069
leaf_count=60 148 60 80 67 1381 3069
internal_value=-0.000103099 0.00116256 0.00741954 0.00278382 0.000241195 -0.000752266
internal_weight=4865 1648 207 147 1441 3217
internal_count=4865 1648 207 147 1441 3217
is_linear=0
shrinkage=0.03


Tree=80
num_leaves=7
num_cat=0
split_feature=5 7 8 8 4 7
split_gain=5.39841 8.9853 10.8714 7.18599 6.40522 5.06169
threshold=0.33716784417629247 1.0000000180025095e-35 0.16658125817775729 0.15103866159915927 0.02394129149615765 0.25502377748489385
decision_type=2 2 2 2 2 2
left_child=-1 3 -3 -2 5 -4
right_child=1 2 4 -5 -6 -7
leaf_value=-0.0032413947640121373 0.0012477963727433234 0.010256008744239806 -0.00058613865179657032 0.014968012753300942 0.0021198070311274388 -0.0059139557764727683
leaf_weight=452 75 85 3232 60 803 164
leaf_count=452 75 85 3232 60 803 164
internal_value=-0.000137309 0.000183499 -6.08404e-05 0.00766246 -0.000281633 -0.000851746
internal_weight=4871 4419 4284 135 4199 3396
internal_count=4871 4419 4284 135 4199 3396
is_linear=0
shrinkage=0.03


Tree=81
num_leaves=7
num_cat=0
split_feature=8 16 3 3 16 6
split_gain=6.00434 7.97881 8.15278 6.76646 7.44425 6.27246
threshold=0.26429583132267004 0.10982060432434083 0.037871606647968299 0.0023163243895396595 0.0019299990963190796 0.2370979189872742
decision_type=2 2 2 2 2 2
left_child=1 2 -1 -2 5 -5
right_child=3 -3 -4 4 -6 -7
leaf_value=0.002174421731753225 -0.0015262395332909567 0.007512373426669881 -0.0040438122530150975 -0.00049569453581145475 -0.00161276962753685 0.0047779361674724274
leaf_weight=950 2135 189 232 318 539 552
leaf_count=950 2135 189 232 318 539 552
internal_value=0.000189693 0.00187179 0.00094203 -0.00046275 0.00114841 0.00285852
internal_weight=4915 1371 1182 3544 1409 870
internal_count=4915 1371 1182 3544 1409 870
is_linear=0
shrinkage=0.03


Tree=82
num_leaves=7
num_cat=0
split_feature=6 5 17 2 0 0
split_gain=5.42351 4.2545 3.80356 4.40456 3.9137 6.66708
threshold=0.57489266991615307 0.33716784417629247 2.9534034729003911 0.64385032653808605 1.5153263211250307 2.7229859828948979
decision_type=2 2 2 2 2 2
left_child=1 -1 -3 4 -4 -6
right_child=-2 2 3 -5 5 -7
leaf_value=-0.0027627851662744359 0.0064471713966903748 -0.0044691191511810752 -0.0028386731542646886 0.0060834630649173405 0.002774611578031909 -0.00013470649495642801
leaf_weight=437 117 139 320 118 940 2836
leaf_count=437 117 139 320 118 940 2836
internal_value=0.000200907 4.17726e-05 0.00032617 0.000489453 0.000321077 0.000592253
internal_weight=4907 4790 4353 4214 4096 3776
internal_count=4907 4790 4353 4214 4096 3776
is_linear=0
shrinkage=0.03


Tree=83
num_leaves=7
num_cat=0
split_feature=4 8 7 17 3 16
split_gain=4.0698 3.24373 8.91061 16.0283 12.222 10.4758
threshold=0.15103571861982348 0.35051158070564276 0.032438438385725028 119.98500061035158 0.017841906286776069 0.00084684509783983241
decision_type=2 2 2 2 2 2
left_child=1 -1 -3 -4 -5 -6
right_child=-2 2 3 4 5 -7
leaf_value=-0.00079485301170225471 0.0063211355893872676 -0.0023063471031898692 -0.0025223747926485336 0.0022493896461818078 0.015152313093383432 0.0023752978323575329
leaf_weight=3005 83 567 425 596 146 97
leaf_count=3005 83 567 425 596 146 97
internal_value=-7.26922e-05 -0.000188845 0.00080518 0.00220452 0.00459972 0.0102027
internal_weight=4919 4836 1831 1264 839 243
internal_count=4919 4836 1831 1264 839 243
is_linear=0
shrinkage=0.03


Tree=84
num_leaves=7
num_cat=0
split_feature=4 7 3 16 2 16
split_gain=4.02373 6.20387 7.43473 4.12316 7.66887 5.92771
threshold=0.070024434477090849 0.018895758315920833 0.003307640785351396 0.075627379119396224 0.28765098750591284 0.00084684509783983241
decision_type=2 2 2 2 2 2
left_child=3 -2 -3 4 -1 -6
right_child=1 2 -4 -5 5 -7
leaf_value=2.1564010221183274e-06 -0.0042944065549210464 0.0019730367060603188 0.012568608796111597 -0.0017653184924975235 0.0080827172449971837 -0.0018509966631581145
leaf_weight=3222 74 197 82 1012 187 73
leaf_count=3222 74 197 82 1012 187 73
internal_value=0.000159089 0.00322001 0.0052536 -8.46558e-05 0.000405639 0.00531134
internal_weight=4847 353 279 4494 3482 260
internal_count=4847 353 279 4494 3482 260
is_linear=0
shrinkage=0.03


Tree=85
num_leaves=7
num_cat=0
split_feature=5 7 8 17 7 8
split_gain=4.50909 18.1651 14.4057 4.35254 10.1418 7.16272
threshold=0.74634754657745372 0.04718329198658467 0.24897765368223193 46.469999313354499 0.056402480229735381 0.26429583132267004
decision_type=2 2 2 2 2 2
left_child=3 2 -2 4 -1 -6
right_child=1 -3 -4 -5 5 -7
leaf_value=0.006121053326470732 0.0021663251363247984 -0.0037348907935323521 0.01592352553422097 -0.00032889041209968562 0.0064897067176884612 -0.003298976734755623
leaf_weight=321 164 199 115 3689 82 293
leaf_count=321 164 199 115 3689 82 293
internal_value=0.000385593 0.00313668 0.00801737 8.24719e-05 0.0022496 -0.00110129
internal_weight=4863 478 279 4385 696 375
internal_count=4863 478 279 4385 696 375
is_linear=0
shrinkage=0.03


Tree=86
num_leaves=7
num_cat=0
split_feature=1 6 3 3 6 1
split_gain=3.71635 8.01707 4.91407 5.98386 5.34304 3.64275
threshold=0.041225211694836623 0.34686622023582464 0.045353131368756301 0.033295478671789176 0.22971279919147494 0.047646911814808852
decision_type=2 2 2 2 2 2
left_child=-1 2 3 4 5 -2
right_child=1 -3 -4 -5 -6 -7
leaf_value=1.3905335115023603e-05 -0.0029029786788128515 -0.0073000483376824332 -0.0060385178967844698 0.0089949525027152363 -0.0034805921381734972 0.0051158753766127009
leaf_weight=4078 69 202 115 63 254 165
leaf_count=4078 69 202 115 63 254 165
internal_value=-0.000366369 -0.00214281 -0.000535857 0.000656586 -0.000500193 0.00274008
internal_weight=4946 868 666 551 488 234
internal_count=4946 868 666 551 488 234
is_linear=0
shrinkage=0.03


Tree=87
num_leaves=7
num_cat=0
split_feature=5 6 8 7 0 7
split_gain=5.83115 14.4795 10.9453 7.80048 5.20974 7.15866
threshold=0.67244374752044689 0.28488616645336157 0.28450784087181097 0.04718329198658467 1.3170263171195986 0.04718329198658467
decision_type=2 2 2 2 2 2
left_child=-1 2 4 -3 -2 -6
right_child=1 3 -4 -5 5 -7
leaf_value=-0.00095638208249073015 -0.0049381991113785287 0.017147288057797899 -0.0042933906865374131 0.0038148169114374285 0.0066304470249214913 -0.0011274896941164084
leaf_weight=3894 66 67 324 96 290 166
leaf_count=3894 66 67 324 96 290 166
internal_value=-0.000429704 0.00159758 5.10715e-08 0.00964227 0.0026804 0.00382469
internal_weight=4903 1009 846 163 522 456
internal_count=4903 1009 846 163 522 456
is_linear=0
shrinkage=0.03


Tree=88
num_leaves=7
num_cat=0
split_feature=4 7 4 7 7 3
split_gain=3.97614 7.93866 6.71662 6.58156 5.39933 6.55654
threshold=0.0059072773437947044 0.25502377748489385 0.009577166289091112 0.20536644011735919 0.02816012687981129 0.017841906286776069
decision_type=2 2 2 2 2 2
left_child=1 3 -2 -1 -4 -6
right_child=2 -3 4 -5 5 -7
leaf_value=-0.00022939544058794191 0.01066447017088034 -0.0066500943326224969 -0.0022129595743244513 0.0065972266589894631 0.00066281367390705987 0.0065273080054024353
leaf_weight=3422 66 163 309 127 577 240
leaf_count=3422 66 163 309 127 577 240
internal_value=0.000206709 -0.000277783 0.00171032 2.38311e-05 0.00114065 0.00241478
internal_weight=4904 3712 1192 3549 1126 817
internal_count=4904 3712 1192 3549 1126 817
is_linear=0
shrinkage=0.03


Tree=89
num_leaves=7
num_cat=0
split_feature=3 4 7 1 3 17
split_gain=5.78529 7.46448 11.6713 5.47917 6.91096 10.1105
threshold=0.003307640785351396 0.037430545315146453 0.039578348398208625 0.081720679998397841 0.030607714317739013 16.947500228881839
decision_type=2 2 2 2 2 2
left_child=-1 3 -3 4 5 -2
right_child=1 2 -4 -5 -6 -7
leaf_value=-0.00073926599103308591 0.014041568723005743 -0.0019748092004556383 0.011618656095576612 0.0088181210558494205 -0.0012085004462847871 0.0014809557070347783
leaf_weight=3002 60 91 141 66 1007 528
leaf_count=3002 60 91 141 66 1007 528
internal_value=7.93683e-05 0.00137612 0.00635756 0.000663347 0.000299406 0.00287024
internal_weight=4895 1893 232 1661 1595 588
internal_count=4895 1893 232 1661 1595 588
is_linear=0
shrinkage=0.03


Tree=90
num_leaves=7
num_cat=0
split_feature=9 3 6 5 0 6
split_gain=4.10841 3.28229 4.42527 14.2547 5.75824 8.56136
threshold=1.0000000180025095e-35 0.0010768235079012813 0.2903785258531571 0.64265137910842907 3.7635402679443364 0.19126150757074359
decision_type=2 2 2 2 2 2
left_child=1 -1 4 -4 5 -3
right_child=-2 2 3 -5 -6 -7
leaf_value=-0.0004132306306109228 -0.0059077018774160647 0.0058267599311372879 0.0013714846347684488 0.013703026387734895 -0.0032076375747304995 -0.00091304825461684341
leaf_weight=2947 96 257 660 92 344 478
leaf_count=2947 96 257 660 92 344 478
internal_value=8.01065e-05 0.000206464 0.00120227 0.00296067 -3.12331e-05 0.00146704
internal_weight=4874 4778 1831 752 1079 735
internal_count=4874 4778 1831 752 1079 735
is_linear=0
shrinkage=0.03


Tree=91
num_leaves=7
num_cat=0
split_feature=3 3 16 16 5 7
split_gain=3.2866 8.9588 5.53778 4.87094 4.84923 4.28547
threshold=0.0023163243895396595 0.0077541794162243613 0.25020685791969305 0.0019299990963190796 0.67587074637413036 0.058962104842066772
decision_type=2 2 2 2 2 2
left_child=2 -2 -1 4 5 -3
right_child=1 3 -4 -5 -6 -7
leaf_value=-0.00092711418709329532 0.0089166373592347668 -0.00071326535884196855 0.0072242394554150567 -0.0015392313651964573 0.0059299743634362058 0.0040103929312317634
leaf_weight=2957 112 589 72 722 190 239
leaf_count=2957 112 589 72 722 190 239
internal_value=-0.000113471 0.000880682 -0.000721769 0.000339358 0.00167273 0.000666094
internal_weight=4881 1852 3029 1740 1018 828
internal_count=4881 1852 3029 1740 1018 828
is_linear=0
shrinkage=0.03


Tree=92
num_leaves=7
num_cat=0
split_feature=13 5 17 6 8 7
split_gain=6.76292 3.51484 3.97796 4.5054 10.1121 7.01275
threshold=1.0000000180025095e-35 0.28782793879508978 6.8550000190734872 0.10132208466529848 0.18873170018196109 0.0022910413099452858
decision_type=2 2 2 2 2 2
left_child=1 -1 -3 -4 -5 -6
right_child=-2 2 3 4 5 -7
leaf_value=-0.0029872852974382738 -0.0068405061287287253 0.0068277811921305127 -0.00362090974325838 0.0075075394998247351 0.0096761988840107609 -0.00011373813350933061
leaf_weight=321 128 76 267 166 62 3840
leaf_count=321 128 76 267 166 62 3840
internal_value=-0.000168696 1.8805e-05 0.000240701 0.000117485 0.000366995 5.40011e-05
internal_weight=4860 4732 4411 4335 4068 3902
internal_count=4860 4732 4411 4335 4068 3902
is_linear=0
shrinkage=0.03


Tree=93
num_leaves=7
num_cat=0
split_feature=6 1 8 4 16 0
split_gain=4.22141 8.2963 5.77233 5.06167 5.10007 6.9382
threshold=0.43017241358757025 0.0088728624396026152 0.48424878716468817 0.070024434477090849 0.0070497095584869393 3.3622405529022221
decision_type=2 2 2 2 2 2
left_child=3 2 -2 -1 5 -5
right_child=1 -3 -4 4 -6 -7
leaf_value=-0.00023221170908184043 0.0074345030365096003 -0.0030911026735211144 -0.0014172165275861818 0.0045442565435521165 0.0098281805592970069 -0.0064643945482444681
leaf_weight=4056 275 143 85 171 83 68
leaf_count=4056 275 143 85 171 83 68
internal_value=0.000357426 0.00294612 0.00535373 5.6983e-05 0.00364761 0.0013438
internal_weight=4881 503 360 4378 322 239
internal_count=4881 503 360 4378 322 239
is_linear=0
shrinkage=0.03


Tree=94
num_leaves=7
num_cat=0
split_feature=6 5 16 1 17 5
split_gain=7.85705 10.3594 6.32475 5.26502 4.82748 12.2908
threshold=0.40087644755840307 0.64673089981079113 0.047094369307160384 0.045675965026021011 62.227499008178718 0.69586241245269786
decision_type=2 2 2 2 2 2
left_child=4 2 3 -2 5 -1
right_child=1 -3 -4 -5 -6 -7
leaf_value=0.0031293272163726493 0.0057225132581661458 0.014195837763541224 -0.001970892470665276 -0.0037276262718324476 -0.00099663509991850907 -0.0066914528451628812
leaf_weight=704 315 62 245 60 3317 132
leaf_count=704 315 62 245 60 3317 132
internal_value=7.94395e-06 0.00298007 0.0017539 0.00418134 -0.000483131 0.00154811
internal_weight=4835 682 620 375 4153 836
internal_count=4835 682 620 375 4153 836
is_linear=0
shrinkage=0.03


Tree=95
num_leaves=7
num_cat=0
split_feature=6 5 16 1 7 8
split_gain=4.45783 5.00898 6.8073 6.8377 4.83172 4.77947
threshold=0.40087644755840307 0.63415399193763744 0.057567633688449867 0.023498926311731342 0.26218667626380926 0.48424878716468817
decision_type=2 2 2 2 2 2
left_child=4 2 3 5 -1 -2
right_child=1 -3 -4 -5 -6 -7
leaf_value=-0.00033469563924265727 0.0084346966148502577 0.0094913111425734848 -0.0029986414286277312 -0.0023056899443749455 -0.0064927699944296435 -0.0010414038306440819
leaf_weight=4103 202 69 217 119 113 61
leaf_count=4103 202 69 217 119 113 61
internal_value=-0.000145853 0.00212185 0.0012014 0.0035952 -0.000507244 0.00625839
internal_weight=4884 668 599 382 4216 263
internal_count=4884 668 599 382 4216 263
is_linear=0
shrinkage=0.03


Tree=96
num_leaves=7
num_cat=0
split_feature=5 6 7 6 0 7
split_gain=4.51895 11.157 9.3713 6.51557 9.57435 5.05169
threshold=0.74634754657745372 0.27566400170326238 0.046668771654367454 0.11927010864019395 3.1841266155242924 0.033838273957371719
decision_type=2 2 2 2 2 2
left_child=5 2 3 -2 -5 -1
right_child=1 -3 -4 4 -6 -7
leaf_value=-0.0014852044345181577 -0.0039675633844242176 0.013505225866227535 -0.0048355560528148935 0.012986307594190361 -0.00018493007883080281 0.0005812812157719679
leaf_weight=1805 61 69 157 104 91 2581
leaf_count=1805 61 69 157 104 91 2581
internal_value=3.42489e-05 0.00277602 0.000843385 0.00435209 0.00698877 -0.000269876
internal_weight=4868 482 413 256 195 4386
internal_count=4868 482 413 256 195 4386
is_linear=0
shrinkage=0.03


Tree=97
num_leaves=7
num_cat=0
split_feature=8 3 7 7 6 7
split_gain=4.20551 10.695 6.74777 6.55124 7.07043 6.29772
threshold=0.35051158070564276 0.017841906286776069 0.10461483523249628 0.033838273957371719 0.21054417639970782 0.037179531529545791
decision_type=2 2 2 2 2 2
left_child=2 3 -1 4 -2 -5
right_child=1 -3 -4 5 -6 -7
leaf_value=-0.00029545561502668059 0.0051903342728072139 0.0042207988288392286 -0.0040033326004515349 0.0097112029270184311 -0.0055198593664833387 5.4802079440935724e-05
leaf_weight=2517 62 579 531 61 340 770
leaf_count=2517 62 579 531 61 340 770
internal_value=-0.000267044 0.000876037 -0.000946913 -0.000705322 -0.00382457 0.000817477
internal_weight=4860 1812 3048 1233 402 831
internal_count=4860 1812 3048 1233 402 831
is_linear=0
shrinkage=0.03


Tree=98
num_leaves=7
num_cat=0
split_feature=6 1 1 6 7 5
split_gain=3.06689 8.55569 4.98166 4.93966 8.27989 4.84956
threshold=0.22482781857252124 0.040975881740450866 0.045675965026021011 0.40087644755840307 0.023535111919045452 0.36247752606868749
decision_type=2 2 2 2 2 2
left_child=2 3 -1 -2 -5 -6
right_child=1 -3 -4 4 5 -7
leaf_value=0.00032361946323263105 -0.00058647199081623871 -0.003950203003807772 0.0050250171793577002 0.012661613243743956 -0.0044692872914503211 0.0027288560958560622
leaf_weight=1530 1975 562 229 60 101 409
leaf_count=1530 1975 562 229 60 101 409
internal_value=-5.11934e-05 -0.000617601 0.000948192 0.000124624 0.00257219 0.00127379
internal_weight=4866 3107 1759 2545 570 510
internal_count=4866 3107 1759 2545 570 510
is_linear=0
shrinkage=0.03


Tree=99
num_leaves=7
num_cat=0
split_feature=4 5 5 0 9 1
split_gain=5.68407 5.68092 6.41926 5.96614 3.30776 2.63835
threshold=0.15103571861982348 0.86236941814422619 0.79482373595237743 3.001455664634705 1.0000000180025095e-35 0.10008683428168298
decision_type=2 2 2 2 2 2
left_child=1 2 4 -4 5 -1
right_child=-2 -3 3 -5 -6 -7
leaf_value=0.00018621805026968692 0.007281780861774269 -0.0062024927953652177 0.012331098663192746 -6.9982905209746578e-05 -0.0055205046047562181 -0.0049477132193177292
leaf_weight=4336 93 125 69 66 92 87
leaf_count=4336 93 125 69 66 92 87
internal_value=0.0001298 -1.6966e-05 0.000155795 0.00648238 -4.03332e-05 7.97613e-05
internal_weight=4868 4775 4650 135 4515 4423
internal_count=4868 4775 4650 135 4515 4423
is_linear=0
shrinkage=0.03


Tree=100
num_leaves=7
num_cat=0
split_feature=8 7 8 8 0 7
split_gain=3.72076 3.89243 3.6973 4.15966 6.78507 6.16946
threshold=0.51462557911872875 0.14918775111436847 0.44551086425781256 0.28650394082069403 4.1889679431915292 0.0041920728981494912
decision_type=2 2 2 2 2 2
left_child=2 -2 3 4 -1 -5
right_child=1 -3 -4 5 -6 -7
leaf_value=0.0013813221751548211 -0.00998691277664953 1.6466145962476729e-05 0.0029183924631536102 0.0081191354184769662 -0.0057916255112945691 -0.0012435514624744937
leaf_weight=1640 65 70 351 60 123 2571
leaf_count=1640 65 70 351 60 123 2571
internal_value=-0.000164503 -0.00498464 -2.22632e-05 -0.000260218 0.00086592 -0.00101504
internal_weight=4880 135 4745 4394 1763 2631
internal_count=4880 135 4745 4394 1763 2631
is_linear=0
shrinkage=0.03


Tree=101
num_leaves=7
num_cat=0
split_feature=3 6 5 3 1 8
split_gain=5.17476 4.13693 6.19628 6.08233 8.94212 6.37074
threshold=0.10619232803583147 0.40087644755840307 0.63790366053581249 0.04350907355546952 0.040830845013260848 0.51462557911872875
decision_type=2 2 2 2 2 2
left_child=1 -1 3 4 5 -3
right_child=-2 2 -4 -5 -6 -7
leaf_value=-3.9717943114526605e-05 -0.0057934361119623646 0.0036353000733339463 0.01096343549420791 0.0087447923253384536 -0.0086603305830675013 -0.0057811964833755277
leaf_weight=4059 123 358 65 84 80 74
leaf_count=4059 123 358 65 84 80 74
internal_value=0.00015873 0.000319806 0.00251126 0.00150592 0.000245206 0.0019746
internal_weight=4843 4720 661 596 512 432
internal_count=4843 4720 661 596 512 432
is_linear=0
shrinkage=0.03


Tree=102
num_leaves=7
num_cat=0
split_feature=5 7 6 5 4 17
split_gain=5.57578 17.0662 12.0858 7.94684 5.51379 4.76014
threshold=0.74634754657745372 0.04718329198658467 0.11927010864019395 0.84374806284904491 0.0059072773437947044 51.584999084472663
decision_type=2 2 2 2 2 2
left_child=5 2 -2 -4 -3 -1
right_child=1 4 3 -5 -6 -7
leaf_value=0.0019168171355328949 -0.0037238338354688423 -0.0061193500049354409 0.014771487409345594 0.0020034204368643903 0.0042848281211828668 -0.00070956526901786885
leaf_weight=743 60 156 154 63 60 3657
leaf_count=743 60 156 154 63 60 3657
internal_value=7.58472e-05 0.00308464 0.00795337 0.0111932 -0.00319774 -0.000264392
internal_weight=4893 493 277 217 216 4400
internal_count=4893 493 277 217 216 4400
is_linear=0
shrinkage=0.03


Tree=103
num_leaves=7
num_cat=0
split_feature=5 6 16 17 0 7
split_gain=4.0589 5.64804 8.16235 5.97806 11.928 12.087
threshold=0.33716784417629247 0.39830555021762853 0.061011411249637611 52.334999084472663 4.3767399787902841 0.056402480229735381
decision_type=2 2 2 2 2 2
left_child=-1 3 -3 4 5 -2
right_child=1 2 -4 -5 -6 -7
leaf_value=-0.0027929845428312844 0.007799893542148527 0.0055819982332029625 -0.0019106356199083867 -0.00073869911556563507 -0.0092270563678660735 -0.00060473106382414698
leaf_weight=436 310 373 197 3159 67 300
leaf_count=436 310 373 197 3159 67 300
internal_value=-4.88401e-05 0.000225568 0.00299834 -0.000189812 0.00235803 0.00369516
internal_weight=4842 4406 570 3836 677 610
internal_count=4842 4406 570 3836 677 610
is_linear=0
shrinkage=0.03


Tree=104
num_leaves=7
num_cat=0
split_feature=1 7 6 6 7 6
split_gain=6.34531 5.23224 5.62543 3.94755 3.73572 3.41023
threshold=0.0084659149870276468 0.23002395033836368 0.46350981295108801 0.4457098543643952 0.31073772907257086 0.40826988220214849
decision_type=2 2 2 2 2 2
left_child=1 2 -1 5 -3 -2
right_child=3 4 -4 -5 -6 -7
leaf_value=0.00066509342552718202 -0.0014242217446429608 -0.0074528615988975651 0.0059180797468262472 -0.0065385355783327843 0.00039914589871382602 0.0045294177031738082
leaf_weight=2382 1864 111 194 126 102 86
leaf_count=2382 1864 111 194 126 102 86
internal_value=-0.000238766 0.000695581 0.0010714 -0.00149267 -0.00376983 -0.00115074
internal_weight=4865 2789 2576 2076 213 1950
internal_count=4865 2789 2576 2076 213 1950
is_linear=0
shrinkage=0.03


Tree=105
num_leaves=7
num_cat=0
split_feature=5 8 7 0 6 7
split_gain=2.75092 4.68396 7.04148 3.15482 2.88481 4.8622
threshold=0.27803313732147222 0.16658125817775729 0.01238799747079611 2.7484819889068608 0.39830555021762853 0.024618890136480335
decision_type=2 2 2 2 2 2
left_child=3 2 -2 -1 -3 -6
right_child=1 4 -4 -5 5 -7
leaf_value=-0.0006942193006564464 0.00016419831184892481 -0.000237709249809604 0.012532706962412467 -0.0075322165526449675 0.0090816098152610818 0.00096572260585804247
leaf_weight=205 104 3814 64 82 71 542
leaf_count=205 104 3814 64 82 71 542
internal_value=8.02551e-05 0.000259412 0.00510205 -0.00274346 7.00905e-05 0.00197161
internal_weight=4882 4595 168 287 4427 613
internal_count=4882 4595 168 287 4427 613
is_linear=0
shrinkage=0.03


Tree=106
num_leaves=7
num_cat=0
split_feature=3 8 8 7 3 3
split_gain=3.93381 6.5102 8.61537 4.46719 5.38771 5.63441
threshold=0.0010768235079012813 0.2532592117786408 0.24652982503175738 0.0049961004406213769 0.097158942371606841 0.0843852534890175
decision_type=2 2 2 2 2 2
left_child=1 2 -1 -2 5 -5
right_child=3 -3 -4 4 -6 -7
leaf_value=0.00069781619737533708 0.008763723722694872 -0.0015151584083697269 0.011911152955966399 0.00081978099846871243 -0.0048216492735203547 0.0085734593303183494
leaf_weight=671 60 2226 63 1655 139 84
leaf_count=671 60 2226 63 1655 139 84
internal_value=-2.02809e-05 -0.000707803 0.00173435 0.00102892 0.000759191 0.00121782
internal_weight=4898 2960 734 1938 1878 1739
internal_count=4898 2960 734 1938 1878 1739
is_linear=0
shrinkage=0.03


Tree=107
num_leaves=7
num_cat=0
split_feature=5 5 7 8 8 5
split_gain=4.46398 7.0884 6.67555 3.62193 4.99752 5.97127
threshold=0.86236941814422619 0.79482373595237743 0.046303868293762214 0.51462557911872875 0.44551086425781256 0.52735438942909252
decision_type=2 2 2 2 2 2
left_child=1 3 -3 4 -1 -6
right_child=-2 2 -4 -5 5 -7
leaf_value=1.5624608748750903e-05 -0.005088893734957192 0.012090693591585891 -0.00082189290956235844 -0.0046838651497641366 0.00079196519951025646 0.0090445364805148733
leaf_weight=4156 134 83 60 130 220 119
leaf_count=4156 134 83 60 130 220 119
internal_value=0.000211047 0.000365172 0.00682809 0.000158187 0.000303273 0.00377824
internal_weight=4902 4768 143 4625 4495 339
internal_count=4902 4768 143 4625 4495 339
is_linear=0
shrinkage=0.03


Tree=108
num_leaves=7
num_cat=0
split_feature=6 1 7 8 16 0
split_gain=4.27435 6.84542 8.94184 4.80943 6.85909 6.84569
threshold=0.40087644755840307 0.045675965026021011 0.021392788738012317 0.41126199066638952 0.0019299990963190796 3.6548581123352055
decision_type=2 2 2 2 2 2
left_child=-1 2 -2 5 -5 -4
right_child=1 -3 3 4 -6 -7
leaf_value=-6.3062970469596164e-05 0.013968128577860839 -0.0047200380430063782 0.0025235180004375942 0.012352403461998113 0.0014490481332509911 -0.0076010321687769011
leaf_weight=4255 63 97 228 81 135 76
leaf_count=4255 63 97 228 81 135 76
internal_value=0.000290933 0.0024903 0.0037199 0.00235708 0.00572477 -8.96567e-05
internal_weight=4935 680 583 520 216 304
internal_count=4935 680 583 520 216 304
is_linear=0
shrinkage=0.03


Tree=109
num_leaves=7
num_cat=0
split_feature=6 0 9 6 0 1
split_gain=4.32402 8.28554 7.41408 4.12054 8.74269 9.95262
threshold=0.57489266991615307 3.2983907461166386 1.0000000180025095e-35 0.22588361054658893 4.6603341102600107 0.045675965026021011
decision_type=2 2 2 2 2 2
left_child=2 -2 3 4 5 -1
right_child=1 -3 -4 -5 -6 -7
leaf_value=0.00055160082932740001 0.012518272174160872 -0.0026487250676235324 -0.0080585556602613493 -0.00087035277278322664 -0.0091155411706406713 0.0075989608037154745
leaf_weight=1457 62 60 105 2887 69 201
leaf_count=1457 62 60 105 2887 69 201
internal_value=-0.000214541 0.00524848 -0.000361182 -0.000177481 0.000979952 0.00142623
internal_weight=4841 122 4719 4614 1727 1658
internal_count=4841 122 4719 4614 1727 1658
is_linear=0
shrinkage=0.03


Tree=110
num_leaves=7
num_cat=0
split_feature=8 8 5 7 7 5
split_gain=3.20185 5.46794 8.85949 7.11998 5.4419 5.02415
threshold=0.51462557911872875 0.44551086425781256 0.52735438942909252 0.072310671210289015 0.058345008641481406 0.49730607867240911
decision_type=2 2 2 2 2 2
left_child=1 -1 3 -3 -4 -2
right_child=5 2 4 -5 -6 -7
leaf_value=-1.8499533433666718e-05 -0.0098717028787359586 -0.0052572370477190064 0.016102431185765945 0.0055124475771712285 0.0033643918738446451 0.0013700849042475424
leaf_weight=4370 67 105 62 106 61 69
leaf_count=4370 67 105 62 106 61 69
internal_value=0.000132959 0.000266206 0.00393657 0.000155489 0.0101634 -0.00432182
internal_weight=4840 4704 334 211 123 136
internal_count=4840 4704 334 211 123 136
is_linear=0
shrinkage=0.03


Tree=111
num_leaves=7
num_cat=0
split_feature=1 6 0 16 16 4
split_gain=4.25124 4.83549 6.59913 2.73222 4.12293 5.19044
threshold=0.061142418533563621 0.23488453775644305 3.3404104709625249 0.01658512465655804 0.036782845854759223 0.054592899978160865
decision_type=2 2 2 2 2 2
left_child=3 2 -2 -1 -5 -6
right_child=1 -3 -4 4 5 -7
leaf_value=0.00092136387959613033 0.006691075489539039 -0.0052517899897481712 -0.0057259696567389393 -0.0047753114992458564 -0.00061188333154693132 0.0058488017368725819
leaf_weight=2783 86 261 62 185 1349 117
leaf_count=2783 86 261 62 185 1349 117
internal_value=7.73079e-05 -0.00283026 0.00147221 0.000348393 -0.000617298 -7.81348e-05
internal_weight=4843 409 148 4434 1651 1466
internal_count=4843 409 148 4434 1651 1466
is_linear=0
shrinkage=0.03


Tree=112
num_leaves=7
num_cat=0
split_feature=6 5 7 0 8 8
split_gain=4.82462 3.79205 2.80643 4.18514 3.81175 4.37069
threshold=0.58999255299568187 0.86236941814422619 0.26218667626380926 3.2983907461166386 0.51462557911872875 0.44551086425781256
decision_type=2 2 2 2 2 2
left_child=1 2 4 -4 5 -1
right_child=-2 -3 3 -5 -6 -7
leaf_value=0.00020273231074874893 0.0064311132038977646 -0.0049469600941747759 -0.0071013796019896462 0.0021810160948567692 -0.0061941929168621949 0.0040015811832423949
leaf_weight=4109 104 128 106 69 74 287
leaf_count=4109 104 128 106 69 74 287
internal_value=0.000190362 4.77935e-05 0.000190603 -0.00348254 0.000338137 0.000455011
internal_weight=4877 4773 4645 175 4470 4396
internal_count=4877 4773 4645 175 4470 4396
is_linear=0
shrinkage=0.03


Tree=113
num_leaves=7
num_cat=0
split_feature=5 6 16 5 5 1
split_gain=6.13218 6.84127 4.23489 7.92521 6.6345 4.10237
threshold=0.28782793879508978 0.39830555021762853 0.059092139825224883 0.45165339112281805 0.43379019200801855 0.016734256409108642
decision_type=2 2 2 2 2 2
left_child=-1 -2 3 -3 -4 -5
right_child=1 2 4 5 -6 -7
leaf_value=-0.0037300416958912157 5.133447936744991e-05 0.010154251991500428 -0.0073588610945703225 0.0045023258362940485 0.003610142074285015 -0.0038012843559096965
leaf_weight=324 3926 167 68 144 150 79
leaf_count=324 3926 167 68 144 150 79
internal_value=0.000225181 0.00051162 0.00345913 0.00531157 0.000100337 0.00154184
internal_weight=4858 4534 608 390 218 223
internal_count=4858 4534 608 390 218 223
is_linear=0
shrinkage=0.03


Tree=114
num_leaves=7
num_cat=0
split_feature=5 7 5 4 2 0
split_gain=3.94352 5.99354 6.18197 6.00619 5.74187 6.17381
threshold=0.67244374752044689 0.04718329198658467 0.70049887895584118 0.028983049094676975 0.71518984436988842 2.8559056520462041
decision_type=2 2 2 2 2 2
left_child=4 -2 -3 -4 -1 -6
right_child=1 2 3 -5 5 -7
leaf_value=8.6623209272938687e-05 0.0039679604032542152 0.0054896801407888244 -0.0049890712349675596 0.0052245637963377785 0.00044521011581475083 -0.01275880711428313
leaf_weight=3754 572 101 245 61 61 61
leaf_count=3754 572 101 245 61 61 61
internal_value=0.000304916 0.00200099 -0.000778011 -0.00290176 -0.000125504 -0.00639919
internal_weight=4855 979 407 306 3876 122
internal_count=4855 979 407 306 3876 122
is_linear=0
shrinkage=0.03


Tree=115
num_leaves=7
num_cat=0
split_feature=12 16 17 0 6 5
split_gain=2.86377 2.72377 3.18584 5.6626 3.93441 2.73429
threshold=1.0000000180025095e-35 0.27578969299793249 9.7358775138854998 3.6291729211807255 0.10132208466529848 0.86236941814422619
decision_type=2 2 2 2 2 2
left_child=1 2 3 4 -1 -4
right_child=-2 -3 5 -5 -6 -7
leaf_value=-0.012097969145021018 0.00583776693912102 0.0050617715669300485 0.00021983090627872434 0.0031340357847511767 -0.0026252814593155766 -0.004163628715905361
leaf_weight=63 72 89 4301 78 103 127
leaf_count=63 72 89 4301 78 103 127
internal_value=9.84374e-05 5.60892e-06 -9.60176e-05 -0.00339786 -0.00646896 8.9554e-05
internal_weight=4833 4761 4672 244 166 4428
internal_count=4833 4761 4672 244 166 4428
is_linear=0
shrinkage=0.03


Tree=116
num_leaves=7
num_cat=0
split_feature=1 5 4 5 5 0
split_gain=3.09302 4.24746 3.39045 3.22961 8.19492 6.66919
threshold=0.061142418533563621 0.51527279615402233 0.15103571861982348 0.75145044922828685 0.84374806284904491 2.9151314496994023
decision_type=2 2 2 2 2 2
left_child=2 -2 3 -1 5 -5
right_child=1 -3 -4 4 -6 -7
leaf_value=-0.00011719212454474688 -0.0059983125514217785 6.010543380842637e-05 0.0061293327610072645 0.010890016716328403 -0.0026437590237050742 0.0012739170280377
leaf_weight=3968 170 257 82 121 160 137
leaf_count=3968 170 257 82 121 160 137
internal_value=3.07161e-05 -0.00239342 0.000264803 0.000148306 0.00264023 0.00590509
internal_weight=4895 427 4468 4386 418 258
internal_count=4895 427 4468 4386 418 258
is_linear=0
shrinkage=0.03


Tree=117
num_leaves=7
num_cat=0
split_feature=8 6 8 7 8 8
split_gain=3.93572 8.51234 6.75763 4.23058 7.92775 5.94728
threshold=0.51462557911872875 0.57489266991615307 0.49238805472850805 0.0035119766835123305 0.21427113562822345 0.16658125817775729
decision_type=2 2 2 2 2 2
left_child=1 2 3 4 -1 -5
right_child=-2 -3 -4 5 -6 -7
leaf_value=8.3970012536155989e-05 -0.0052052297068505803 0.0088891721529216726 0.0087378502958209096 0.0070153616371301363 0.010474027623751443 -0.00069626184127624322
leaf_weight=235 127 91 71 87 87 4198
leaf_count=235 127 91 71 87 87 4198
internal_value=-9.52591e-05 4.61301e-05 -0.000135199 -0.000281269 0.00300845 -0.000531696
internal_weight=4896 4769 4678 4607 322 4285
internal_count=4896 4769 4678 4607 322 4285
is_linear=0
shrinkage=0.03


Tree=118
num_leaves=7
num_cat=0
split_feature=8 8 8 0 7 8
split_gain=4.86265 4.31508 4.5327 3.3075 3.02117 17.6077
threshold=0.51462557911872875 0.44551086425781256 0.45629209280014044 3.1687347888946538 1.0000000180025095e-35 0.16658125817775729
decision_type=2 2 2 2 2 2
left_child=1 4 -3 -4 5 -1
right_child=-2 2 3 -5 -6 -7
leaf_value=-0.0011584118749571803 -0.0056262657326409836 0.0090983352643113757 -0.0023392696571877089 0.0043582584132472501 -0.00029216789927953953 0.016240105055108228
leaf_weight=225 129 87 118 140 4152 63
leaf_count=225 129 87 118 140 4152 63
internal_value=1.0306e-05 0.000167978 0.00337504 0.00130881 -8.47356e-05 0.0028597
internal_weight=4914 4785 345 258 4440 288
internal_count=4914 4785 345 258 4440 288
is_linear=0
shrinkage=0.03


Tree=119
num_leaves=7
num_cat=0
split_feature=3 13 6 6 6 6
split_gain=4.19642 6.14668 4.79797 13.6283 6.62202 14.1005
threshold=0.0013135187327861788 1.0000000180025095e-35 0.29276655614376074 0.30106772482395178 0.19126150757074359 0.18052112311124804
decision_type=2 2 2 2 2 2
left_child=1 -1 4 -4 5 -2
right_child=2 -3 3 -5 -6 -7
leaf_value=-0.00015024846142404442 0.00076924883816785136 -0.0090849495146580975 0.016444304615832291 0.0020460083983278592 -0.00138164371654485 0.015710863786466096
leaf_weight=2901 326 66 60 688 772 64
leaf_count=2901 326 66 60 688 772 64
internal_value=0.000342123 -0.000363948 0.00143702 0.00330247 0.000227193 0.00338904
internal_weight=4877 2967 1910 748 1162 390
internal_count=4877 2967 1910 748 1162 390
is_linear=0
shrinkage=0.03


Tree=120
num_leaves=7
num_cat=0
split_feature=4 8 5 6 17 6
split_gain=5.97747 3.05423 7.15173 7.08635 5.6356 3.80315
threshold=0.10998133942484857 0.44551086425781256 0.56635624170303356 0.32100246846675878 80.61999893188478 0.40087644755840307
decision_type=2 2 2 2 2 2
left_child=1 -1 4 -4 -3 -6
right_child=-2 2 3 -5 5 -7
leaf_value=-0.00044984765298073547 0.0053044220640298886 -0.0081432873907212443 0.014988338745368474 0.00085010300499989704 -0.0017211710136161734 0.0051185788599109935
leaf_weight=4211 180 60 61 63 146 138
leaf_count=4211 180 60 61 63 146 138
internal_value=1.53257e-05 -0.00019359 0.00209257 0.00811657 -0.000164051 0.00163343
internal_weight=4859 4679 468 124 344 284
internal_count=4859 4679 468 124 344 284
is_linear=0
shrinkage=0.03


Tree=121
num_leaves=7
num_cat=0
split_feature=6 0 0 6 0 6
split_gain=3.31987 4.01486 4.87977 8.74485 8.92215 8.51485
threshold=0.57489266991615307 2.1717207431793217 2.7368921041488652 0.3195060938596726 2.5900197029113774 0.22151301801204684
decision_type=2 2 2 2 2 2
left_child=1 -1 3 4 -3 -6
right_child=-2 2 -4 -5 5 -7
leaf_value=-0.00185576762325674 0.004930050840893806 0.0023552314021486527 -0.00016382098416799765 -0.0024386593437110875 0.019087716491698326 0.0032046785592459714
leaf_weight=939 116 344 3203 208 62 60
leaf_count=939 116 344 3203 208 62 60
internal_value=2.20531e-05 -0.000101153 0.000325653 0.00263582 0.00490267 0.0117101
internal_weight=4932 4816 3877 674 466 122
internal_count=4932 4816 3877 674 466 122
is_linear=0
shrinkage=0.03


Tree=122
num_leaves=7
num_cat=0
split_feature=4 7 1 1 16 0
split_gain=3.70184 7.08415 6.40306 11.3315 5.90059 4.47628
threshold=0.0059072773437947044 0.26218667626380926 0.05406214855611325 0.03995135426521302 0.07426363974809648 3.6218658685684209
decision_type=2 2 2 2 2 2
left_child=1 5 3 -2 -3 -1
right_child=2 4 -4 -5 -6 -7
leaf_value=0.00050191666689042758 0.0012265715448589593 -0.012021063604172976 -0.0054517860675061293 0.012171882357027743 -0.00052075764845784108 -0.0019232008325635146
leaf_weight=2535 1028 80 105 88 77 933
leaf_count=2535 1028 80 105 88 77 933
internal_value=4.2414e-05 -0.000439005 0.00146765 0.00214008 -0.00657094 -0.000152345
internal_weight=4846 3625 1221 1116 157 3468
internal_count=4846 3625 1221 1116 157 3468
is_linear=0
shrinkage=0.03


Tree=123
num_leaves=7
num_cat=0
split_feature=9 8 7 7 7 0
split_gain=4.42507 2.62922 5.87179 5.20957 10.272 5.71601
threshold=1.0000000180025095e-35 0.28650394082069403 0.013055660761892797 0.12602695077657702 0.160416916012764 4.1889679431915292
decision_type=2 2 2 2 2 2
left_child=1 2 -1 5 -5 -4
right_child=-2 -3 3 4 -6 -7
leaf_value=-0.001835570933345104 -0.0058571365078572525 -0.00030958536620892118 0.0035310330975863741 -0.012037081630392509 0.0027684530710122722 -0.0042617258093049443
leaf_weight=438 105 2995 1041 61 113 88
leaf_count=438 105 2995 1041 61 113 88
internal_value=9.14468e-05 0.000229369 0.00115475 0.00216311 -0.00261324 0.00290751
internal_weight=4841 4736 1741 1303 174 1129
internal_count=4841 4736 1741 1303 174 1129
is_linear=0
shrinkage=0.03


Tree=124
num_leaves=7
num_cat=0
split_feature=8 5 7 8 5 7
split_gain=3.8116 5.89993 5.3732 3.79427 3.75925 11.0055
threshold=0.44551086425781256 0.56635624170303356 0.26218667626380926 0.45629209280014044 0.74634754657745372 0.04718329198658467
decision_type=2 2 2 2 2 2
left_child=2 3 4 -2 -1 -6
right_child=1 -3 -4 -5 5 -7
leaf_value=-0.00064791988615169071 0.006194191617004078 0.0080985670553974237 -0.0065459232785479099 -0.0012311438570052177 0.0057906834249435036 -0.0033569909261617187
leaf_weight=3816 74 114 124 282 291 193
leaf_count=3816 74 114 124 282 291 193
internal_value=-0.000239036 0.00231523 -0.000512704 0.000376739 -0.000331323 0.00214593
internal_weight=4894 470 4424 356 4300 484
internal_count=4894 470 4424 356 4300 484
is_linear=0
shrinkage=0.03


Tree=125
num_leaves=7
num_cat=0
split_feature=5 0 7 0 7 6
split_gain=5.4327 5.98026 5.98802 6.38585 7.20497 6.53004
threshold=0.27803313732147222 2.9151314496994023 0.15843024849891665 1.6992253065109255 0.01238799747079611 0.33348578214645391
decision_type=2 2 2 2 2 2
left_child=-1 2 3 4 -2 -5
right_child=1 -3 -4 5 -6 -7
leaf_value=-0.0040424907882560014 0.0039135773717528669 -0.0005973900935470585 -0.0028219620818866692 0.0048334922853666782 -0.0038588813078505074 -0.00099476458177574583
leaf_weight=280 176 2926 230 820 259 217
leaf_count=280 176 2926 230 820 259 217
internal_value=-2.23519e-05 0.000224972 0.00163635 0.00234015 -0.000705425 0.00361496
internal_weight=4908 4628 1702 1472 435 1037
internal_count=4908 4628 1702 1472 435 1037
is_linear=0
shrinkage=0.03


Tree=126
num_leaves=7
num_cat=0
split_feature=7 1 0 3 0 3
split_gain=4.57056 4.55631 4.85537 4.04682 3.66131 3.10198
threshold=0.0041920728981494912 0.057159423828125007 1.3690510392189028 0.0010768235079012813 1.3170263171195986 0.021148367784917358
decision_type=2 2 2 2 2 2
left_child=3 2 -2 4 -1 -3
right_child=1 5 -4 -5 -6 -7
leaf_value=0.0037048091868647809 -0.0044203493281295804 -0.0049154014633329005 0.00039441429320721041 0.010065936291826639 -0.0041580828457528024 0.000329369659949508
leaf_weight=213 193 279 3927 62 66 157
leaf_count=213 193 279 3927 62 66 157
internal_value=0.000106045 -0.000146242 0.000163784 0.00343018 0.00180431 -0.00304448
internal_weight=4897 4556 4120 341 279 436
internal_count=4897 4556 4120 341 279 436
is_linear=0
shrinkage=0.03


Tree=127
num_leaves=7
num_cat=0
split_feature=0 6 6 6 3 0
split_gain=3.8477 4.60592 8.41332 8.2511 10.468 8.00743
threshold=2.9151314496994023 0.52193909883499157 0.3195060938596726 0.20862044394016269 0.053773444145917899 1.4223380684852602
decision_type=2 2 2 2 2 2
left_child=1 2 3 -1 5 -5
right_child=-2 -3 -4 4 -6 -7
leaf_value=-0.00027750177865194656 -0.00076674386057397771 0.0082864509975990736 -0.0030032330222461946 -0.0052029314820444383 0.015504433231344863 0.0044032084029154081
leaf_weight=814 2974 69 432 88 62 501
leaf_count=814 2974 69 432 88 62 501
internal_value=-8.64856e-05 0.000941887 0.00065366 0.00173855 0.0042423 0.00293628
internal_weight=4940 1966 1897 1465 651 589
internal_count=4940 1966 1897 1465 651 589
is_linear=0
shrinkage=0.03


Tree=128
num_leaves=7
num_cat=0
split_feature=1 3 4 3 17 1
split_gain=2.90745 2.63065 6.46095 8.82221 12.0946 8.36072
threshold=0.10370014607906343 0.0023163243895396595 0.03879665024578572 0.030607714317739013 27.382500648498539 1.0000000180025095e-35
decision_type=2 2 2 2 2 2
left_child=1 -1 3 4 -3 -4
right_child=-2 2 5 -5 -6 -7
leaf_value=-0.00040133913486439338 -0.0049338243515128994 0.013377846433936308 -0.0010918820360975882 -0.0013085436549334988 0.0014887290804414183 0.010902133161933825
leaf_weight=2924 98 85 88 1028 546 121
leaf_count=2924 98 85 88 1028 546 121
internal_value=5.33172e-05 0.000160344 0.00103828 0.000404189 0.00318286 0.0059445
internal_weight=4890 4792 1868 1659 631 209
internal_count=4890 4792 1868 1659 631 209
is_linear=0
shrinkage=0.03


Tree=129
num_leaves=7
num_cat=0
split_feature=7 5 16 0 5 0
split_gain=3.99925 4.98327 4.17372 6.14645 3.79666 3.40383
threshold=1.0000000180025095e-35 0.50104746222496044 0.14012700319290164 3.4423429965972905 0.69084608554840099 1.5153263211250307
decision_type=2 2 2 2 2 2
left_child=1 -1 5 4 -4 -2
right_child=2 -3 3 -5 -6 -7
leaf_value=-0.0002543721346970583 -0.0041053977639967341 0.0075781865363810643 -0.0014601089018933047 0.0081875517970930126 0.0057212562377339802 -0.00053188135818142419
leaf_weight=168 251 124 273 112 82 3865
leaf_count=168 251 124 273 112 82 3865
internal_value=-0.000230738 0.00314337 -0.000448906 0.00222412 0.000255108 -0.000754517
internal_weight=4875 292 4583 467 355 4116
internal_count=4875 292 4583 467 355 4116
is_linear=0
shrinkage=0.03


Tree=130
num_leaves=7
num_cat=0
split_feature=4 3 3 7 7 8
split_gain=4.38205 3.71818 5.10046 4.11199 4.30776 3.35118
threshold=0.15103571861982348 0.10619232803583147 0.083338953554630293 0.25502377748489385 0.29508748650550848 0.51462557911872875
decision_type=2 2 2 2 2 2
left_child=1 2 3 5 -5 -1
right_child=-2 -3 -4 4 -6 -7
leaf_value=0.00040639408947851767 0.0066346763488539353 -0.0049105559307365456 0.0062865598712948563 -0.0090639140463264819 -0.00053647342124875158 -0.0050708446814452558
leaf_weight=4218 89 125 117 83 137 98
leaf_count=4218 89 125 117 83 137 98
internal_value=0.000220105 9.38092e-05 0.000233375 7.04914e-05 -0.00388357 0.000276303
internal_weight=4867 4778 4653 4536 220 4316
internal_count=4867 4778 4653 4536 220 4316
is_linear=0
shrinkage=0.03


Tree=131
num_leaves=7
num_cat=0
split_feature=6 1 6 0 1 0
split_gain=4.22909 8.0064 4.00017 7.32361 8.01139 8.50611
threshold=0.39830555021762853 0.040645170956850059 0.22482781857252124 4.6603341102600107 0.045675965026021011 3.3332020044326787
decision_type=2 2 2 2 2 2
left_child=2 -2 3 4 -1 -6
right_child=1 -3 -4 -5 5 -7
leaf_value=0.0005070478862237225 0.0037501183176784129 -0.0046794343689774594 -0.00098223743635282492 -0.0081619014642458389 0.010964555655560501 -0.0014236453227640595
leaf_weight=1478 585 118 2432 72 138 75
leaf_count=1478 585 118 2432 72 138 75
internal_value=0.00016741 0.00231215 -0.00019433 0.000892266 0.0013007 0.00666991
internal_weight=4898 703 4195 1763 1691 213
internal_count=4898 703 4195 1763 1691 213
is_linear=0
shrinkage=0.03


Tree=132
num_leaves=7
num_cat=0
split_feature=6 9 1 0 17 1
split_gain=3.69084 4.93735 2.86085 2.60639 5.56734 5.96112
threshold=0.58999255299568187 1.0000000180025095e-35 0.088245231658220305 4.3437170982360849 119.16360092163087 0.005059711867943407
decision_type=2 2 2 2 2 2
left_child=1 2 3 -1 -5 -6
right_child=-2 -3 -4 4 5 -7
leaf_value=0.00056702509817886638 0.0057013278250869744 -0.0063350813438729286 -0.0041745047529156394 -0.0064963261839492536 -0.0070062950859541319 0.0033486574773225141
leaf_weight=4092 102 101 125 147 62 193
leaf_count=4092 102 101 125 147 62 193
internal_value=0.000191653 6.66811e-05 0.000213362 0.000339914 -0.00195044 0.000744663
internal_weight=4822 4720 4619 4494 402 255
internal_count=4822 4720 4619 4494 402 255
is_linear=0
shrinkage=0.03


Tree=133
num_leaves=7
num_cat=0
split_feature=6 6 1 0 0 0
split_gain=2.83733 6.3331 5.0287 6.55838 5.20746 4.634
threshold=0.29395081102848059 0.28209675848484045 0.040975881740450866 4.9829294681549081 1.7493762969970705 3.2207410335540776
decision_type=2 2 2 2 2 2
left_child=1 -1 3 4 -2 -4
right_child=2 -3 5 -5 -6 -7
leaf_value=-0.00032943113664796289 0.0080929949836184567 -0.0060867777203217326 -0.0062686838954687119 0.010263142136580035 0.00064049980166664235 0.00064136002027080391
leaf_weight=2863 85 178 152 69 1376 195
leaf_count=2863 85 178 152 69 1376 195
internal_value=-0.000110142 -0.000675866 0.000805771 0.00154552 0.0011002 -0.00243157
internal_weight=4918 3041 1877 1530 1461 347
internal_count=4918 3041 1877 1530 1461 347
is_linear=0
shrinkage=0.03


Tree=134
num_leaves=7
num_cat=0
split_feature=3 12 7 16 8 5
split_gain=3.38866 3.83808 3.06327 5.11429 4.23157 3.25857
threshold=0.11663350835442544 1.0000000180025095e-35 0.25502377748489385 0.072921078652143492 0.38686351478099829 0.55562397837638866
decision_type=2 2 2 2 2 2
left_child=1 2 5 4 -4 -1
right_child=-2 -3 3 -5 -6 -7
leaf_value=-0.00063502388816150861 -0.0056370162141852467 0.0067729065247419231 -0.012622773681174624 0.0021891166276276804 -0.0015195858089083975 0.00098228769448864463
leaf_weight=2330 90 71 61 81 61 2152
leaf_count=2330 90 71 61 81 61 2152
internal_value=-2.67767e-05 8.5197e-05 -2.32661e-05 -0.00358236 -0.00734957 0.000141746
internal_weight=4846 4756 4685 203 122 4482
internal_count=4846 4756 4685 203 122 4482
is_linear=0
shrinkage=0.03


Tree=135
num_leaves=7
num_cat=0
split_feature=17 7 1 3 5 3
split_gain=2.79912 8.22653 9.82919 6.20275 5.15189 4.39135
threshold=46.469999313354499 0.096193920820951476 0.01639482751488686 0.037062475457787521 0.52046087384223949 0.040219489485025413
decision_type=2 2 2 2 2 2
left_child=1 3 4 -1 -3 -2
right_child=5 2 -4 -5 -6 -7
leaf_value=0.00592825600866069 -0.00063292203007259237 -0.00049495592083343689 0.0074262221817459374 -0.0022812350056806785 -0.0099663645964548249 0.0019539657894882593
leaf_weight=375 3390 97 65 103 107 710
leaf_count=375 3390 97 65 103 107 710
internal_value=0.000125267 0.00180782 -0.00236089 0.00415396 -0.00558238 -0.000183114
internal_weight=4847 747 269 478 204 4100
internal_count=4847 747 269 478 204 4100
is_linear=0
shrinkage=0.03


Tree=136
num_leaves=7
num_cat=0
split_feature=1 0 0 7 8 8
split_gain=3.82949 3.96163 4.16518 4.19196 3.86004 3.27516
threshold=0.10370014607906343 0.60534295439720165 1.4820156097412112 0.046303868293762214 0.16658125817775729 0.34746630489826208
decision_type=2 2 2 2 2 2
left_child=1 -1 3 -3 -4 -6
right_child=-2 2 4 -5 5 -7
leaf_value=0.0037883899171828944 -0.0058918596619740131 -0.0064009009126642586 0.0065421817548297068 0.0024606082892483644 -0.00078278921628661209 0.00089938606975009758
leaf_weight=236 95 171 76 63 2449 1805
leaf_count=236 95 171 76 63 2449 1805
internal_value=-8.13429e-05 3.96682e-05 -0.000158108 -0.00401354 5.46345e-05 -6.88133e-05
internal_weight=4895 4800 4564 234 4330 4254
internal_count=4895 4800 4564 234 4330 4254
is_linear=0
shrinkage=0.03


Tree=137
num_leaves=7
num_cat=0
split_feature=6 1 1 0 6 0
split_gain=3.93229 2.29386 2.72773 5.75621 6.47739 13.9358
threshold=0.58999255299568187 0.088245231658220305 0.027291251346468929 1.6318929195404055 0.21304296702146533 3.4632489681243901
decision_type=2 2 2 2 2 2
left_child=1 2 -1 -4 5 -5
right_child=-2 -3 3 4 -6 -7
leaf_value=-0.00054260717803417417 0.0058357306799823134 -0.0039073636285220717 -0.0059345836114917637 0.010147284270860483 0.00020905830397483825 -0.0016832260883206294
leaf_weight=3348 94 141 93 200 861 157
leaf_count=3348 94 141 93 200 861 157
internal_value=-8.26972e-05 -0.000204552 -8.84211e-05 0.00106912 0.00162596 0.00499312
internal_weight=4894 4800 4659 1311 1218 357
internal_count=4894 4800 4659 1311 1218 357
is_linear=0
shrinkage=0.03


Tree=138
num_leaves=7
num_cat=0
split_feature=0 8 1 7 1 7
split_gain=3.49386 7.58226 7.00055 8.73178 4.07589 10.8853
threshold=3.6548581123352055 0.34566122293472296 0.005059711867943407 0.070328731089830412 0.00034974981099367147 0.24967052787542346
decision_type=2 2 2 2 2 2
left_child=4 -2 -3 -4 5 -1
right_child=1 2 3 -5 -6 -7
leaf_value=0.0018646401773229839 -0.003374265072018406 -0.0031313457836136768 0.00097653282759531358 0.011743402291810319 -0.00075442929302590913 -0.0067981302291154865
leaf_weight=1953 732 199 254 88 1508 135
leaf_count=1953 732 199 254 88 1508 135
internal_value=-4.57107e-05 -0.00139325 0.00129352 0.00387625 0.000432595 0.00128965
internal_weight=4869 1273 541 342 3596 2088
internal_count=4869 1273 541 342 3596 2088
is_linear=0
shrinkage=0.03


Tree=139
num_leaves=7
num_cat=0
split_feature=7 1 16 1 5 5
split_gain=3.50307 3.315 5.79509 3.06218 6.14407 6.97986
threshold=0.25502377748489385 0.0016918215551413598 0.072921078652143492 0.040975881740450866 0.55814906954765331 0.58128243684768688
decision_type=2 2 2 2 2 2
left_child=3 2 -2 -1 -5 -6
right_child=1 -3 -4 4 5 -7
leaf_value=0.00052632477414613576 -0.011752813323691953 0.0015275405112748282 -0.00024496649807117073 -0.0038605793376164099 0.010206846738950563 -0.0004646250358034098
leaf_weight=3785 75 74 78 450 60 362
leaf_count=3785 75 74 78 450 60 362
internal_value=-2.22431e-05 -0.00362018 -0.00607948 0.000156829 -0.00144086 0.0011544
internal_weight=4884 227 153 4657 872 422
internal_count=4884 227 153 4657 872 422
is_linear=0
shrinkage=0.03


Tree=140
num_leaves=7
num_cat=0
split_feature=8 3 3 7 5 5
split_gain=4.13733 6.64153 6.22686 5.29337 16.599 8.23999
threshold=0.35051158070564276 0.099274560809135451 0.083338953554630293 0.033838273957371719 0.55950623750686657 0.61832252144813549
decision_type=2 2 2 2 2 2
left_child=1 2 -1 4 -2 -6
right_child=3 -3 -4 -5 5 -7
leaf_value=-0.0009110418876319931 -0.0052875662710321382 -0.0082144994858059685 0.008410794207064266 0.0019509422463264306 0.010599571017072658 -0.00077533434476640252
leaf_weight=2874 377 105 61 1231 110 113
leaf_count=2874 377 105 61 1231 110 113
internal_value=-0.000297866 -0.00097582 -0.000703326 0.000827329 -0.00147502 0.00494501
internal_weight=4871 3040 2935 1831 600 223
internal_count=4871 3040 2935 1831 600 223
is_linear=0
shrinkage=0.03


Tree=141
num_leaves=7
num_cat=0
split_feature=0 6 0 1 6 0
split_gain=2.03325 6.76913 2.30336 2.02855 1.9497 7.75978
threshold=4.3437170982360849 0.3032319992780686 5.5707807540893564 0.0046005998738110074 0.22588361054658893 2.412019014358521
decision_type=2 2 2 2 2 2
left_child=4 3 -3 -2 5 -1
right_child=1 2 -4 -5 -6 -7
leaf_value=-0.0016480369134175153 -0.0090456883472401686 -0.00024877447901417327 0.0064685514323694045 -0.0032503891937355461 -0.00043535704155277547 0.002499204576233538
leaf_weight=668 78 123 68 189 2753 1020
leaf_count=668 78 123 68 189 2753 1020
internal_value=-0.000140531 -0.00203241 0.00224674 -0.00507856 5.66444e-05 0.000857977
internal_weight=4899 458 191 267 4441 1688
internal_count=4899 458 191 267 4441 1688
is_linear=0
shrinkage=0.03


Tree=142
num_leaves=7
num_cat=0
split_feature=7 8 17 3 7 1
split_gain=3.02372 4.93178 8.77992 8.72391 6.23639 8.24335
threshold=0.033838273957371719 0.34746630489826208 119.98500061035158 0.0092670074664056318 0.061623524874448783 0.020201634615659717
decision_type=2 2 2 2 2 2
left_child=-1 -2 4 -4 -3 -6
right_child=1 2 3 -5 5 -7
leaf_value=-0.00062835170154682668 -0.00021636320944284454 0.0045799781218910018 0.0018556189761328404 0.0083838819655369309 -0.0064107709737512963 0.0044864238949556805
leaf_weight=2045 1605 116 543 277 223 82
leaf_count=2045 1605 116 543 277 223 82
internal_value=0.000250717 0.000882367 0.00229853 0.00409834 -0.00121399 -0.00345593
internal_weight=4891 2846 1241 820 421 305
internal_count=4891 2846 1241 820 421 305
is_linear=0
shrinkage=0.03


Tree=143
num_leaves=7
num_cat=0
split_feature=6 9 7 0 17 7
split_gain=2.79765 4.47266 3.7391 5.47 3.6562 6.37755
threshold=0.58999255299568187 1.0000000180025095e-35 0.26218667626380926 3.4423429965972905 49.625000000000007 0.057804096490144737
decision_type=2 2 2 2 2 2
left_child=1 2 4 -4 5 -1
right_child=-2 -3 3 -5 -6 -7
leaf_value=0.0048022900833627332 0.0049741092906799168 -0.0062796793048025918 -0.0077823746746646287 0.0029454453119924706 -0.00015858028406760534 -0.00088829372446066796
leaf_weight=380 95 98 119 62 3766 326
leaf_count=380 95 98 119 62 3766 326
internal_value=8.20131e-06 -9.62209e-05 4.06141e-05 -0.00412726 0.000213726 0.00218686
internal_weight=4846 4751 4653 181 4472 706
internal_count=4846 4751 4653 181 4472 706
is_linear=0
shrinkage=0.03


Tree=144
num_leaves=7
num_cat=0
split_feature=3 16 0 3 1 17
split_gain=5.79038 5.27294 8.98523 6.44806 8.189 6.14608
threshold=0.003307640785351396 0.0019299990963190796 3.3744995594024663 0.013338428921997549 0.033470248803496368 117.27499771118165
decision_type=2 2 2 2 2 2
left_child=-1 2 3 -2 5 -5
right_child=1 -3 -4 4 -6 -7
leaf_value=-0.00094356522103248826 0.013519136141411552 -0.00074148027988906265 -0.00022850914299988779 0.00089074318168284601 -0.0016332236944257231 0.0094529842517363863
leaf_weight=2968 68 760 553 116 162 217
leaf_count=2968 68 760 553 116 162 217
internal_value=-0.000119503 0.00118328 0.00249151 0.00514171 0.00386719 0.00652764
internal_weight=4844 1876 1116 563 495 333
internal_count=4844 1876 1116 563 495 333
is_linear=0
shrinkage=0.03


Tree=145
num_leaves=7
num_cat=0
split_feature=1 0 2 17 17 6
split_gain=4.24641 4.26891 9.18293 9.87775 5.48482 5.36872
threshold=0.10370014607906343 2.9151314496994023 0.71097981929779064 6.8550000190734872 6.9304399490356454 0.33348578214645391
decision_type=2 2 2 2 2 2
left_child=1 4 3 -3 -1 -5
right_child=-2 2 -4 5 -6 -7
leaf_value=-0.0055979062518319829 -0.0063905259926104923 0.0080006640013542112 -0.011167969739291111 -0.0016791804522109514 0.0014961087143713478 0.001244703276740226
leaf_weight=99 91 114 69 1937 1759 793
leaf_count=99 91 114 69 1937 1759 793
internal_value=-0.000143535 -1.78167e-05 -0.00073408 -0.000461782 0.00110411 -0.000829139
internal_weight=4862 4771 2913 2844 1858 2730
internal_count=4862 4771 2913 2844 1858 2730
is_linear=0
shrinkage=0.03


Tree=146
num_leaves=7
num_cat=0
split_feature=7 4 16 7 5 3
split_gain=3.63034 7.48615 6.5515 5.52447 5.21815 2.64519
threshold=0.24027579277753833 0.0012152607669122519 0.072921078652143492 0.20536644011735919 0.53015834093093883 0.030607714317739013
decision_type=2 2 2 2 2 2
left_child=3 2 -2 5 -5 -1
right_child=1 -3 -4 4 -6 -7
leaf_value=0.00041985620203941517 -0.010512631987831334 0.0047870188972712318 -0.00013342064421843078 0.012299092213408304 7.6390766877342355e-05 -0.0012888097965398546
leaf_weight=3443 121 74 97 60 61 1063
leaf_count=3443 121 74 97 60 61 1063
internal_value=-1.71259e-05 -0.00323241 -0.0060009 0.000189054 0.00638478 1.5787e-05
internal_weight=4919 292 218 4627 121 4506
internal_count=4919 292 218 4627 121 4506
is_linear=0
shrinkage=0.03


Tree=147
num_leaves=7
num_cat=0
split_feature=6 1 17 7 8 8
split_gain=4.1025 2.88616 2.03446 7.65668 9.0143 8.41656
threshold=0.61945113539695751 0.11023262515664102 46.469999313354499 0.055131293833255775 0.21953622996807101 0.26429583132267004
decision_type=2 2 2 2 2 2
left_child=1 2 3 4 -1 -5
right_child=-2 -3 -4 5 -6 -7
leaf_value=-0.0045294232344410068 -0.0068073981979300509 -0.0057792457625927291 0.000177557919697669 0.0071840105218331464 0.007444581894314308 -0.0032671381623173754
leaf_weight=67 68 63 3997 84 280 310
leaf_count=67 68 63 3997 84 280 310
internal_value=0.000251636 0.000358596 0.000446216 0.00188447 0.0051011 -0.000976871
internal_weight=4869 4801 4738 741 347 394
internal_count=4869 4801 4738 741 347 394
is_linear=0
shrinkage=0.03


Tree=148
num_leaves=7
num_cat=0
split_feature=0 1 7 8 5 8
split_gain=2.50541 4.86118 5.64429 7.58935 3.36855 3.26469
threshold=4.1262433528900155 0.0055452501401305207 0.032967038452625282 0.34063766896724706 0.54618108272552501 0.47885392606258398
decision_type=2 2 2 2 2 2
left_child=5 -2 4 -4 -3 -1
right_child=1 2 3 -5 -6 -7
leaf_value=0.00057348227655194936 -0.0055156919472042392 -0.0072447886649519202 -0.0033995945429631386 0.0083798843171567685 0.00076375952441125143 -0.0032194825908992176
leaf_weight=4094 194 95 78 119 88 210
leaf_count=4094 194 95 78 119 88 210
internal_value=0.00013606 -0.00171698 0.000268805 0.00374722 -0.00347579 0.000384896
internal_weight=4878 574 380 197 183 4304
internal_count=4878 574 380 197 183 4304
is_linear=0
shrinkage=0.03


Tree=149
num_leaves=7
num_cat=0
split_feature=17 5 7 17 8 7
split_gain=4.0628 7.19436 4.03175 2.82302 8.23147 8.1077
threshold=2.9534034729003911 0.56463631987571727 0.3381993174552918 17.38749980926514 0.28898908197879797 0.053512938320636756
decision_type=2 2 2 2 2 2
left_child=1 -1 3 4 -2 -6
right_child=2 -3 -4 -5 5 -7
leaf_value=-0.0099748300880040091 -0.0048358106391504403 0.0029199630869969503 0.0068747740023230256 -0.00025236528298376023 0.014858500940381023 0.00043627080882524511
leaf_weight=92 70 62 71 4433 64 72
leaf_count=92 70 62 71 4433 64 72
internal_value=-0.000138281 -0.00485485 2.09182e-05 -9.12691e-05 0.00329926 0.00750943
internal_weight=4864 154 4710 4639 206 136
internal_count=4864 154 4710 4639 206 136
is_linear=0
shrinkage=0.03


Tree=150
num_leaves=7
num_cat=0
split_feature=4 5 5 7 8 8
split_gain=5.31695 3.79795 4.84105 9.13689 6.00636 4.09071
threshold=0.15103571861982348 0.86236941814422619 0.74634754657745372 0.050688253715634353 0.24897765368223193 0.39417019486427313
decision_type=2 2 2 2 2 2
left_child=1 2 5 4 -4 -1
right_child=-2 -3 3 -5 -6 -7
leaf_value=-0.00047767296154638896 0.0072876557291601781 -0.0047482633122000028 0.0023544172892296634 -0.0024109185197438198 0.012544806592373385 0.0017015766193490881
leaf_weight=3330 91 133 106 132 103 1005
leaf_count=3330 91 133 106 132 103 1005
internal_value=0.000296797 0.000157079 0.000301525 0.00371643 0.00755224 2.89293e-05
internal_weight=4900 4809 4676 341 209 4335
internal_count=4900 4809 4676 341 209 4335
is_linear=0
shrinkage=0.03


Tree=151
num_leaves=7
num_cat=0
split_feature=6 9 17 3 3 7
split_gain=2.63474 4.96229 2.67454 4.71534 6.29941 7.6514
threshold=0.57489266991615307 1.0000000180025095e-35 51.584999084472663 0.041956996545195586 0.024097646586596969 0.027241117320954803
decision_type=2 2 2 2 2 2
left_child=1 2 3 4 5 -1
right_child=-2 -3 -4 -5 -6 -7
leaf_value=0.0076873103815973181 0.0042552749403957715 -0.0065724157382334976 -0.00030139716952400693 -0.0033443608687875764 0.010073276408637562 -0.00048541301519486248
leaf_weight=131 122 100 3853 137 85 424
leaf_count=131 122 100 3853 137 85 424
internal_value=-8.96569e-06 -0.00012333 2.28991e-05 0.00162267 0.00270361 0.00149506
internal_weight=4852 4730 4630 777 640 555
internal_count=4852 4730 4630 777 640 555
is_linear=0
shrinkage=0.03


Tree=152
num_leaves=7
num_cat=0
split_feature=5 7 8 8 0 4
split_gain=6.26624 6.21182 5.56775 4.78455 5.60381 4.97463
threshold=0.27803313732147222 1.0000000180025095e-35 0.16658125817775729 0.28650394082069403 4.1889679431915292 0.11692462489008905
decision_type=2 2 2 2 2 2
left_child=-1 2 -2 4 -3 -5
right_child=1 3 -4 5 -6 -7
leaf_value=-0.0040034015740323071 0.0010268787179873989 0.0021675292611367902 0.012808284384287509 -0.0006536256051324973 -0.0047648112718506079 0.0068849313766178154
leaf_weight=299 79 1362 63 2896 109 76
leaf_count=299 79 1362 63 2896 109 76
internal_value=0.000168035 0.00044413 0.00651171 0.000243106 0.00163945 -0.00044961
internal_weight=4884 4585 142 4443 1471 2972
internal_count=4884 4585 142 4443 1471 2972
is_linear=0
shrinkage=0.03


Tree=153
num_leaves=7
num_cat=0
split_feature=8 0 17 8 5 3
split_gain=3.88385 4.52289 6.44029 4.90923 5.63354 6.86938
threshold=0.35051158070564276 3.2729531526565556 5.6849999427795419 0.33956982195377355 0.61050915718078624 0.068571295589208617
decision_type=2 2 2 2 2 2
left_child=1 3 -3 4 -1 -6
right_child=-2 2 -4 -5 5 -7
leaf_value=0.0020511748401419025 0.00078446022013369801 0.0068366658876636132 -0.0027224573721695376 -0.0060639641524546529 -0.00051027258976192624 -0.010190971019249912
leaf_weight=895 1791 62 1293 105 614 69
leaf_count=895 1791 62 1293 105 614 69
internal_value=-0.000322253 -0.000974914 -0.00226154 6.45917e-05 0.000490251 -0.00155522
internal_weight=4829 3038 1355 1683 1578 683
internal_count=4829 3038 1355 1683 1578 683
is_linear=0
shrinkage=0.03


Tree=154
num_leaves=7
num_cat=0
split_feature=0 0 7 7 17 3
split_gain=2.69769 4.13825 3.97161 3.60927 4.53828 3.39871
threshold=0.60534295439720165 1.0000000180025095e-35 0.010837182402610781 0.016746720299124721 89.937500000000014 0.029417733661830429
decision_type=2 2 2 2 2 2
left_child=1 -1 -2 4 -4 -6
right_child=2 -3 3 -5 5 -7
leaf_value=-0.00087923953995108599 -0.0030164613007493983 0.0068429257740808677 0.0098169935841674674 -9.8937200734832461e-05 -0.0011118195207560793 0.0067056149601096831
leaf_weight=120 386 123 68 3977 166 66
leaf_count=120 386 123 68 3977 166 66
internal_value=3.97482e-05 0.00308867 -0.000122276 0.000142142 0.00328727 0.00120666
internal_weight=4906 243 4663 4277 300 232
internal_count=4906 243 4663 4277 300 232
is_linear=0
shrinkage=0.03


Tree=155
num_leaves=7
num_cat=0
split_feature=4 17 0 17 6 0
split_gain=3.87921 7.95479 7.49745 7.74864 5.47238 6.45032
threshold=0.0067474031820893296 101.14479827880861 4.0928468704223642 43.550001144409187 0.1683321222662926 2.3228595256805424
decision_type=2 2 2 2 2 2
left_child=-1 2 3 -2 -3 -6
right_child=1 4 -4 -5 5 -7
leaf_value=-0.00051481460351893973 0.004329042269828472 -0.0040460630668507462 -0.01178394288297456 -0.0064358238974320031 0.010301407213862005 0.0025539518678040461
leaf_weight=3652 136 88 60 100 109 685
leaf_count=3652 136 88 60 100 109 685
internal_value=-3.17883e-05 0.00146152 -0.00276187 -0.00027123 0.00288648 0.00367533
internal_weight=4830 1178 296 236 882 794
internal_count=4830 1178 296 236 882 794
is_linear=0
shrinkage=0.03


Tree=156
num_leaves=7
num_cat=0
split_feature=8 8 5 5 7 7
split_gain=2.89677 5.56398 9.51462 5.35646 8.96772 7.95398
threshold=0.34746630489826208 0.3648981004953385 0.69084608554840099 0.55682492256164562 0.032967038452625282 0.026913633570075039
decision_type=2 2 2 2 2 2
left_child=-1 -2 3 4 -3 -5
right_child=1 2 -4 5 -6 -7
leaf_value=-0.00045805646564126072 0.0045203926906345736 -0.0045593047682523204 -0.0090265449785417121 0.010699153261052238 0.0015646326781988227 0.0013183421718789949
leaf_weight=2973 335 308 88 103 684 337
leaf_count=2973 335 308 88 103 684 337
internal_value=0.000122227 0.00105098 0.000274021 0.000874983 -0.000350081 0.00360985
internal_weight=4828 1855 1520 1432 992 440
internal_count=4828 1855 1520 1432 992 440
is_linear=0
shrinkage=0.03


Tree=157
num_leaves=7
num_cat=0
split_feature=4 5 7 8 8 7
split_gain=2.61584 2.42591 4.16792 6.67896 5.06897 4.34815
threshold=0.15103571861982348 0.27803313732147222 1.0000000180025095e-35 0.16658125817775729 0.17090371996164325 0.010495730675756933
decision_type=2 2 2 2 2 2
left_child=1 -1 4 -4 -3 -5
right_child=-2 2 3 5 -6 -7
leaf_value=-0.0026582535272914798 0.0049834598380910002 0.00027431053167020672 0.0086448161399457612 -0.0037967193237251388 0.011448904474624074 0.00014232795173384737
leaf_weight=274 94 84 75 264 60 4037
leaf_count=274 94 84 75 264 60 4037
internal_value=0.000156521 5.67821e-05 0.000224122 5.60505e-05 0.00515834 -0.000103583
internal_weight=4888 4794 4520 4376 144 4301
internal_count=4888 4794 4520 4376 144 4301
is_linear=0
shrinkage=0.03


Tree=158
num_leaves=7
num_cat=0
split_feature=3 3 4 6 8 5
split_gain=4.31113 10.1962 5.73914 10.6577 7.44209 6.63121
threshold=0.0048240404576063165 0.0082457456737756746 0.02394129149615765 0.068839538842439665 0.39828678965568548 0.63586571812629711
decision_type=2 2 2 2 2 2
left_child=-1 -2 3 -3 5 -4
right_child=1 2 4 -5 -6 -7
leaf_value=-0.00073600650465002054 0.011182995837636638 -0.011257675996087995 -0.0014724277295010712 0.00041619723757700173 0.013113517837105867 0.0091732396484401658
leaf_weight=3019 81 69 168 1436 63 71
leaf_count=3019 81 69 168 1436 63 71
internal_value=-3.32081e-05 0.00108957 0.000607521 -0.000154522 0.00434578 0.00181326
internal_weight=4907 1888 1807 1505 302 239
internal_count=4907 1888 1807 1505 302 239
is_linear=0
shrinkage=0.03


Tree=159
num_leaves=7
num_cat=0
split_feature=8 8 12 5 7 6
split_gain=4.33918 6.53003 2.81074 2.65833 10.5545 9.63687
threshold=0.51462557911872875 0.49238805472850805 1.0000000180025095e-35 0.70813778042793285 0.04718329198658467 0.17147658020257953
decision_type=2 2 2 2 2 2
left_child=1 2 3 -1 5 -5
right_child=-2 -3 -4 4 -6 -7
leaf_value=-0.00044037721614600386 -0.0053567899863183905 0.0086506468710737146 0.0056389805906778808 -0.00031090959047176995 -0.0027174498967127876 0.0089575065336486501
leaf_weight=3966 130 74 72 186 295 215
leaf_count=3966 130 74 72 186 295 215
internal_value=-5.22495e-05 9.6592e-05 -4.61076e-05 -0.000139855 0.00156353 0.00470756
internal_weight=4938 4808 4734 4662 696 401
internal_count=4938 4808 4734 4662 696 401
is_linear=0
shrinkage=0.03


Tree=160
num_leaves=7
num_cat=0
split_feature=5 5 6 0 5 17
split_gain=3.61773 5.77313 4.14716 9.39403 7.34458 13.7004
threshold=0.84374806284904491 0.77049058675766002 0.13718722015619281 2.7484819889068608 0.52046087384223949 16.198322296142582
decision_type=2 2 2 2 2 2
left_child=1 2 3 -1 -5 -6
right_child=-2 -3 -4 4 5 -7
leaf_value=-0.00082128832108073003 -0.0042118992924438849 0.005415095134561042 -0.00022861607613903082 0.015600301075557415 -0.004251165306632174 0.012279252871806017
leaf_weight=318 158 188 3915 61 91 81
leaf_count=318 158 188 3915 61 91 81
internal_value=0.000181575 0.00033509 0.000115427 0.00254001 0.00704842 0.00366047
internal_weight=4812 4654 4466 551 233 172
internal_count=4812 4654 4466 551 233 172
is_linear=0
shrinkage=0.03


Tree=161
num_leaves=7
num_cat=0
split_feature=9 3 4 7 6 16
split_gain=5.53629 5.76889 8.05148 8.31213 5.36839 3.8646
threshold=1.0000000180025095e-35 0.003307640785351396 0.03879665024578572 0.039578348398208625 0.082261845469474806 0.0019299990963190796
decision_type=2 2 2 2 2 2
left_child=1 -1 4 -4 -3 -6
right_child=-2 2 3 -5 5 -7
leaf_value=-0.00051104044449253321 -0.0065355160371015917 -0.0064511166714570104 -0.00018018515165591531 0.011735830675054314 0.0026270274472981578 -0.00043431871568435227
leaf_weight=2963 104 80 87 128 851 653
leaf_count=2963 104 80 87 128 851 653
internal_value=0.000149817 0.000302523 0.00164019 0.00701949 0.000890251 0.00130083
internal_weight=4866 4762 1799 215 1584 1504
internal_count=4866 4762 1799 215 1584 1504
is_linear=0
shrinkage=0.03


Tree=162
num_leaves=7
num_cat=0
split_feature=5 5 6 8 8 5
split_gain=3.12022 3.52752 4.0719 3.26002 8.93591 5.03911
threshold=0.86236941814422619 0.79482373595237743 0.19360905140638354 0.44551086425781256 0.47885392606258398 0.52858293056488048
decision_type=2 2 2 2 2 2
left_child=1 3 -3 -1 5 -5
right_child=-2 2 -4 4 -6 -7
leaf_value=-0.00039994085037941635 -0.0045572043177874192 0.0091652960400679141 -0.00080468037854492045 0.0028601032333755668 -0.0015290240037998657 0.012221445561047982
leaf_weight=4133 133 75 67 136 263 83
leaf_count=4133 133 75 67 136 263 83
internal_value=-0.000110231 1.87557e-05 0.00459379 -0.000126834 0.00219504 0.00660162
internal_weight=4890 4757 142 4615 482 219
internal_count=4890 4757 142 4615 482 219
is_linear=0
shrinkage=0.03


Tree=163
num_leaves=7
num_cat=0
split_feature=0 6 0 17 0 17
split_gain=3.05496 3.17799 3.0607 9.27135 9.13296 5.79115
threshold=4.2487645149230966 0.2903785258531571 3.5539845228195195 10.342500209808351 3.6126425266265874 7.8324999809265146
decision_type=2 2 2 2 2 2
left_child=2 -2 5 -4 -5 -1
right_child=1 -3 3 4 -6 -7
leaf_value=-0.0059769168677739799 -0.0048957078790824327 5.5856407192107793e-05 0.012251936881379648 0.008126577246626179 -0.00050018071358227056 -0.00021198243913707847
leaf_weight=160 247 217 61 122 844 3176
leaf_count=160 247 217 61 122 844 3176
internal_value=-0.000303348 -0.00260409 -5.59656e-05 0.00137214 0.000625563 -0.000497009
internal_weight=4827 464 4363 1027 966 3336
internal_count=4827 464 4363 1027 966 3336
is_linear=0
shrinkage=0.03


Tree=164
num_leaves=7
num_cat=0
split_feature=3 16 6 7 1 8
split_gain=4.32318 4.80908 8.41798 10.331 8.87802 8.77566
threshold=0.0023163243895396595 0.0019299990963190796 0.22151301801204684 0.026404812000691894 0.035932321101427085 0.23949850350618365
decision_type=2 2 2 2 2 2
left_child=-1 2 3 -2 5 -4
right_child=1 -3 4 -5 -6 -7
leaf_value=-0.00059080910097808698 0.0040115884386645838 -0.00056294378571881303 -0.0035951674003988059 -0.0058069037731847007 -0.00012898879123098226 0.0082446882556371816
leaf_weight=2968 179 785 62 198 262 423
leaf_count=2968 179 785 62 198 262 423
internal_value=0.000125264 0.00123721 0.00249136 -0.00115358 0.00432634 0.0067099
internal_weight=4877 1909 1124 377 747 485
internal_count=4877 1909 1124 377 747 485
is_linear=0
shrinkage=0.03


Tree=165
num_leaves=7
num_cat=0
split_feature=1 6 9 3 8 17
split_gain=3.17624 2.82191 3.91043 3.02385 7.18504 5.7595
threshold=0.10008683428168298 0.57489266991615307 1.0000000180025095e-35 1.0000000180025095e-35 0.2532592117786408 3.0805399417877202
decision_type=2 2 2 2 2 2
left_child=1 2 3 4 -1 -6
right_child=-2 -3 -4 -5 5 -7
leaf_value=0.0022139276584582121 -0.0050532872123942481 0.0047988125195320792 -0.0057871455998159942 0.0011574921551039566 -0.0099125912877292745 -0.0010242494628790782
leaf_weight=688 101 112 95 1812 63 1958
leaf_count=688 101 112 95 1812 63 1958
internal_value=8.27173e-05 0.000197656 8.09441e-05 0.000210508 -0.000423878 -0.0013251
internal_weight=4829 4728 4616 4521 2709 2021
internal_count=4829 4728 4616 4521 2709 2021
is_linear=0
shrinkage=0.03


Tree=166
num_leaves=7
num_cat=0
split_feature=3 3 7 0 0 3
split_gain=2.40853 5.96951 4.73315 5.53658 4.6697 4.16975
threshold=0.090937513858079924 0.06173535808920861 0.051755368709564216 3.4560940265655522 3.5439554452896123 0.04644304886460305
decision_type=2 2 2 2 2 2
left_child=1 5 3 -3 -4 -1
right_child=-2 2 4 -5 -6 -7
leaf_value=-3.3248528551171869e-05 -0.0034224077398539517 0.014273604159517322 -0.0056449778244661332 0.0023745769527123632 0.0056835337746888401 -0.004053282178640252
leaf_weight=4146 187 63 61 78 60 241
leaf_count=4146 187 63 61 78 60 241
internal_value=-0.000129657 6.32447e-06 0.00436163 0.00799791 -2.49114e-05 -0.000258452
internal_weight=4836 4649 262 141 121 4387
internal_count=4836 4649 262 141 121 4387
is_linear=0
shrinkage=0.03


Tree=167
num_leaves=7
num_cat=0
split_feature=5 6 17 6 8 0
split_gain=6.00177 16.2747 6.79773 5.31691 4.06378 3.0039
threshold=0.74634754657745372 0.27566400170326238 97.292499542236342 0.19126150757074359 0.21037887781858447 3.0759785175323491
decision_type=2 2 2 2 2 2
left_child=-1 2 -2 4 -4 -5
right_child=1 -3 3 5 -6 -7
leaf_value=-0.000301723413389336 -0.0047976516154449199 0.017053409125867555 0.00099538487041942207 0.0033665217092403994 0.010120242282100345 -0.005603891702568425
leaf_weight=4352 123 61 73 60 110 65
leaf_count=4352 123 61 73 60 110 65
internal_value=5.46166e-05 0.00317796 0.0010411 0.0034122 0.00660355 -0.00133422
internal_weight=4844 492 431 308 183 125
internal_count=4844 492 431 308 183 125
is_linear=0
shrinkage=0.03


Tree=168
num_leaves=7
num_cat=0
split_feature=8 5 8 8 7 8
split_gain=2.71359 3.3667 3.04442 4.90447 4.64106 4.47815
threshold=0.51462557911872875 0.48788468539714819 0.44551086425781256 0.433787152171135 0.033474147319793708 0.45629209280014044
decision_type=2 2 2 2 2 2
left_child=2 -2 3 -1 -4 -6
right_child=1 -3 4 -5 5 -7
leaf_value=0.00040295686800906431 -0.0087687103789872833 0.00069941573449083274 -0.0028097663843169962 -0.0061905762002928758 0.011240212979288802 0.0025475065299150547
leaf_weight=4284 60 69 85 99 72 188
leaf_count=4284 60 69 85 99 72 188
internal_value=0.000343591 -0.00386723 0.000462444 0.000247143 0.0031551 0.00512138
internal_weight=4857 129 4728 4383 345 260
internal_count=4857 129 4728 4383 345 260
is_linear=0
shrinkage=0.03


Tree=169
num_leaves=7
num_cat=0
split_feature=8 1 6 6 1 6
split_gain=4.89228 7.72367 14.0895 9.12212 7.12467 8.16978
threshold=0.35051158070564276 0.0095207975246012228 0.46350981295108801 0.36609609425067907 0.025028912350535396 0.19126150757074359
decision_type=2 2 2 2 2 2
left_child=1 2 -1 -3 -2 -6
right_child=4 3 -4 -5 5 -7
leaf_value=-0.00028466453425542545 -0.00023859107736475731 -0.00170319956911054 0.011286486767604947 -0.0092966074655679125 0.012076961596185961 0.002251468835070736
leaf_weight=1786 1243 1069 95 160 85 522
leaf_count=1786 1243 1069 95 160 85 522
internal_value=-0.000154818 -0.000881015 0.000328109 -0.00272543 0.00106506 0.00371479
internal_weight=4960 3110 1881 1229 1850 607
internal_count=4960 3110 1881 1229 1850 607
is_linear=0
shrinkage=0.03


Tree=170
num_leaves=7
num_cat=0
split_feature=17 17 6 0 8 0
split_gain=3.07173 4.40884 3.83486 7.21054 7.86489 9.34905
threshold=46.469999313354499 39.381660461425788 0.1683321222662926 2.7229859828948979 0.27761849761009222 1.3170263171195986
decision_type=2 2 2 2 2 2
left_child=1 -1 -2 4 5 -4
right_child=2 -3 3 -5 -6 -7
leaf_value=0.00086895357329517435 -0.0025896280442006801 0.0078558570924665647 -0.0034873942415351452 -0.00080882352158883719 0.00049157210735892743 0.0092985215171651637
leaf_weight=660 583 88 64 2582 705 218
leaf_count=660 583 88 64 2582 705 218
internal_value=-2.54276e-05 0.00173765 -0.000344761 2.50503e-05 0.00219955 0.00638655
internal_weight=4900 748 4152 3569 987 282
internal_count=4900 748 4152 3569 987 282
is_linear=0
shrinkage=0.03


Tree=171
num_leaves=7
num_cat=0
split_feature=17 7 17 7 8 8
split_gain=3.01026 4.4596 4.22553 3.61556 3.72047 3.6325
threshold=2.9534034729003911 0.07527217268943788 6.6600000858306894 0.3381993174552918 0.51462557911872875 0.49238805472850805
decision_type=2 2 2 2 2 2
left_child=1 -1 -2 4 5 -4
right_child=2 -3 3 -5 -6 -7
leaf_value=0.001662882060474275 0.0078383208390038744 -0.0082227717897659473 6.6387347365325319e-05 0.0068071860583343857 -0.0050315962348309318 0.0068593897225218822
leaf_weight=71 60 88 4434 67 122 67
leaf_count=71 60 88 4434 67 122 67
internal_value=0.000103953 -0.00389231 0.000241675 0.000136246 3.23156e-05 0.000175004
internal_weight=4909 159 4750 4690 4623 4501
internal_count=4909 159 4750 4690 4623 4501
is_linear=0
shrinkage=0.03


Tree=172
num_leaves=7
num_cat=0
split_feature=6 5 7 7 4 6
split_gain=3.49018 5.58311 7.17512 5.4509 6.57548 4.57103
threshold=0.40087644755840307 0.33716784417629247 0.021392788738012317 0.036955561488866813 0.0074707930907607087 0.22482781857252124
decision_type=2 2 2 2 2 2
left_child=5 -2 -3 -4 -5 -1
right_child=1 2 3 4 -6 -7
leaf_value=0.0013392797375400907 -0.0029114010332899928 0.013161504388428651 -0.0050622573836605891 0.0018142308504749405 0.010721317999996245 -0.00066287050391518982
leaf_weight=1756 137 60 69 348 91 2455
leaf_count=1756 137 60 69 348 91 2455
internal_value=0.000500905 0.00244668 0.00375316 0.00252449 0.00376052 0.00017263
internal_weight=4916 705 568 508 439 4211
internal_count=4916 705 568 508 439 4211
is_linear=0
shrinkage=0.03


Tree=173
num_leaves=7
num_cat=0
split_feature=0 0 9 8 3 8
split_gain=3.29057 3.75653 3.42113 3.4553 12.1147 6.36079
threshold=0.60534295439720165 1.6318929195404055 1.0000000180025095e-35 0.23277727514505389 0.038251483812928207 0.23949850350618365
decision_type=2 2 2 2 2 2
left_child=-1 -2 3 4 -3 -5
right_child=1 2 -4 5 -6 -7
leaf_value=0.0033609565814885383 -0.0032237395628893482 0.0052252219779729322 -0.006393341847140444 -0.0081448729868597268 -0.0043258006272426002 1.7915299762922672e-05
leaf_weight=242 336 390 68 83 167 3628
leaf_count=242 336 390 68 83 167 3628
internal_value=-1.37407e-05 -0.000191949 4.6429e-05 0.000156392 0.00234862 -0.000175367
internal_weight=4914 4672 4336 4268 557 3711
internal_count=4914 4672 4336 4268 557 3711
is_linear=0
shrinkage=0.03


Tree=174
num_leaves=7
num_cat=0
split_feature=8 8 17 7 3 6
split_gain=4.16006 4.94601 3.62663 6.87281 6.37246 7.3239
threshold=0.51462557911872875 0.49238805472850805 51.584999084472663 0.096193920820951476 0.030072936788201336 0.19462142884731296
decision_type=2 2 2 2 2 2
left_child=1 2 3 -1 5 -5
right_child=-2 -3 -4 4 -6 -7
leaf_value=0.0038971677627730162 -0.005241617573819194 0.0076416674658915463 -0.00030440106054931089 -0.010903579214016997 0.0054525529099749273 0.00048861832833640138
leaf_weight=526 125 74 3908 88 72 111
leaf_count=526 125 74 3908 88 72 111
internal_value=5.35852e-05 0.000197421 7.23499e-05 0.00191009 -0.00194749 -0.00469291
internal_weight=4904 4779 4705 797 271 199
internal_count=4904 4779 4705 797 271 199
is_linear=0
shrinkage=0.03


Tree=175
num_leaves=7
num_cat=0
split_feature=6 9 8 6 5 6
split_gain=2.70743 3.85685 2.41965 7.29675 9.6718 6.51153
threshold=0.57489266991615307 1.0000000180025095e-35 0.42749693989753729 0.29934652149677282 0.56635624170303356 0.35436329245567327
decision_type=2 2 2 2 2 2
left_child=1 2 -1 4 -4 -5
right_child=-2 -3 3 5 -6 -7
leaf_value=-0.00019472141833450749 0.0045928854682158833 -0.0057792954550509772 0.0010786637315145274 -0.0062471235381634602 0.014499649869071114 0.0021088281215589423
leaf_weight=4082 110 99 122 119 76 255
leaf_count=4082 110 99 122 119 76 255
internal_value=4.44582e-05 -6.55232e-05 6.20922e-05 0.00188061 0.0064604 -0.000597224
internal_weight=4863 4753 4654 572 198 374
internal_count=4863 4753 4654 572 198 374
is_linear=0
shrinkage=0.03


Tree=176
num_leaves=7
num_cat=0
split_feature=3 3 0 0 8 8
split_gain=2.36253 4.84945 4.75655 4.33728 4.19348 4.74466
threshold=0.002731771557591856 0.0077541794162243613 2.9151314496994023 2.8665466308593754 0.35051158070564276 0.37266299128532415
decision_type=2 2 2 2 2 2
left_child=2 -2 3 -1 -3 -6
right_child=1 4 -4 -5 5 -7
leaf_value=0.00014225418202833018 0.0065179366964208049 -0.00091965976676270939 -0.0018560758530323652 0.007851475128580046 0.0061851167006914138 0.00053501745719996413
leaf_weight=1370 112 1110 1622 64 179 494
leaf_count=1370 112 1110 1622 64 179 494
internal_value=-0.000230079 0.000601165 -0.000745666 0.000512405 0.000212312 0.00207232
internal_weight=4951 1895 3056 1434 1783 673
internal_count=4951 1895 3056 1434 1783 673
is_linear=0
shrinkage=0.03


Tree=177
num_leaves=7
num_cat=0
split_feature=3 3 8 2 2 17
split_gain=3.6249 8.15964 6.41217 7.09268 7.26622 6.77813
threshold=0.0048240404576063165 0.0077541794162243613 0.35412263870239263 0.017829976044595245 0.60466679930686962 119.98500061035158
decision_type=2 2 2 2 2 2
left_child=-1 -2 3 -3 5 -5
right_child=1 2 -4 4 -6 -7
leaf_value=-0.00067062612459608314 0.010837980976124127 -0.0017582632721432369 0.0029620850807019956 0.001392183870881457 -0.003584442542407161 0.015390278080647642
leaf_weight=3035 68 976 657 61 62 61
leaf_count=3035 68 976 657 61 62 61
internal_value=-2.9239e-05 0.00100249 0.000605669 -0.000735941 0.00458987 0.00872159
internal_weight=4920 1885 1817 1160 184 122
internal_count=4920 1885 1817 1160 184 122
is_linear=0
shrinkage=0.03


Tree=178
num_leaves=7
num_cat=0
split_feature=5 2 0 5 2 16
split_gain=3.52134 2.97739 8.59422 2.98468 2.23184 2.12445
threshold=0.86236941814422619 0.71518984436988842 2.9287534952163701 0.81187909841537487 0.53395020961761486 0.01658512465655804
decision_type=2 2 2 2 2 2
left_child=1 3 -3 4 5 -1
right_child=-2 2 -4 -5 -6 -7
leaf_value=0.0005060359830941296 -0.004906187065961686 0.0029660460190428202 -0.011056960975178158 0.0057701105217394582 0.0056133087346903407 -0.00086762519587961213
leaf_weight=2820 127 76 73 80 60 1575
leaf_count=2820 127 76 73 80 60 1575
internal_value=-7.38749e-05 6.22382e-05 -0.00404022 0.000201328 9.49706e-05 1.33418e-05
internal_weight=4811 4684 149 4535 4455 4395
internal_count=4811 4684 149 4535 4455 4395
is_linear=0
shrinkage=0.03


Tree=179
num_leaves=7
num_cat=0
split_feature=16 8 8 7 6 3
split_gain=2.85674 2.59618 5.19876 5.94 4.94086 3.09353
threshold=0.27578969299793249 0.47885392606258398 0.45074588060379034 0.25502377748489385 0.35436329245567327 0.11117926612496377
decision_type=2 2 2 2 2 2
left_child=1 2 3 5 -4 -1
right_child=-2 -3 4 -5 -6 -7
leaf_value=0.000401449620707554 0.0052797116946467024 -0.0028464761201299612 0.00075856128114924586 -0.0059390330373250933 0.011334660372709575 -0.0049647180894107521
leaf_weight=4158 93 249 89 138 68 94
leaf_count=4158 93 249 89 138 68 94
internal_value=0.000209152 0.000105431 0.000270031 7.51868e-05 0.00554775 0.000277127
internal_weight=4889 4796 4547 4390 157 4252
internal_count=4889 4796 4547 4390 157 4252
is_linear=0
shrinkage=0.03


Tree=180
num_leaves=7
num_cat=0
split_feature=8 17 8 5 0 7
split_gain=2.92806 3.5198 3.28962 8.33351 5.32902 3.09589
threshold=0.47885392606258398 115.45070266723634 0.44551086425781256 0.52858293056488048 3.1930630207061772 0.076357189565897002
decision_type=2 2 2 2 2 2
left_child=2 -2 -1 4 -4 -3
right_child=1 5 3 -5 -6 -7
leaf_value=-0.00015660257357138257 -0.0092891577453567426 -0.0056870479368704499 -0.0073674272863337624 0.01087779235722887 0.0044509645474736566 0.0017233638127529343
leaf_weight=4410 60 79 60 81 68 124
leaf_count=4410 60 79 60 81 68 124
internal_value=-0.00015737 -0.00320595 1.94912e-05 0.003652 -0.00115761 -0.00122788
internal_weight=4882 263 4619 209 128 203
internal_count=4882 263 4619 209 128 203
is_linear=0
shrinkage=0.03


Tree=181
num_leaves=7
num_cat=0
split_feature=5 8 4 5 1 16
split_gain=1.90098 2.34932 2.05252 2.43139 6.08728 4.3869
threshold=0.27803313732147222 0.31508085131645208 0.15103571861982348 0.39080354571342474 0.031740464270114906 0.059092139825224883
decision_type=2 2 2 2 2 2
left_child=1 -1 3 4 5 -2
right_child=2 -3 -4 -5 -6 -7
leaf_value=-0.0038950956847025628 0.0066953216073375611 0.0018792044321625408 0.0048719044855807898 -0.00028617607565229391 -0.0038470607962195588 -0.0011242288187349914
leaf_weight=233 207 83 72 4129 108 91
leaf_count=233 207 83 72 4129 108 91
internal_value=-0.000140587 -0.00237278 1.49283e-05 -6.74642e-05 0.00213325 0.00432832
internal_weight=4923 316 4607 4535 406 298
internal_count=4923 316 4607 4535 406 298
is_linear=0
shrinkage=0.03


Tree=182
num_leaves=7
num_cat=0
split_feature=5 7 5 7 0 8
split_gain=3.68798 8.69017 7.00718 4.00805 3.01188 2.914
threshold=0.74634754657745372 0.04718329198658467 0.84374806284904491 0.069565653800964369 3.0759785175323491 0.18873170018196109
decision_type=2 2 2 2 2 2
left_child=5 2 4 -3 -2 -1
right_child=1 3 -4 -5 -6 -7
leaf_value=0.0025203540998241193 0.012713876946696213 -0.0072517791335806525 -0.00059422442779957666 0.0013238403045323724 0.0046028694915103497 -0.00044714182962891225
leaf_weight=316 100 80 98 113 82 4125
leaf_count=316 100 80 98 113 82 4125
internal_value=3.58511e-05 0.00253978 0.00587439 -0.00232418 0.00928025 -0.000233392
internal_weight=4914 473 280 193 182 4441
internal_count=4914 473 280 193 182 4441
is_linear=0
shrinkage=0.03


Tree=183
num_leaves=7
num_cat=0
split_feature=7 5 0 7 8 8
split_gain=4.58772 4.75365 4.47808 10.9142 9.05939 4.59577
threshold=0.033838273957371719 0.70813778042793285 2.3068416118621831 0.040890736505389221 0.4324589222669602 0.33956982195377355
decision_type=2 2 2 2 2 2
left_child=1 -1 3 -2 5 -5
right_child=2 -3 -4 4 -6 -7
leaf_value=-0.0016016307088275814 0.01488024848714386 0.0025781373414946228 0.00033676822883749874 0.0019264346620704079 0.011817869139835237 -0.0057828882600452821
leaf_weight=1750 61 280 2437 219 60 96
leaf_count=1750 61 280 2437 219 60 96
internal_value=7.00902e-05 -0.00102019 0.000840895 0.00362292 0.00162003 -0.00047672
internal_weight=4903 2030 2873 436 375 315
internal_count=4903 2030 2873 436 375 315
is_linear=0
shrinkage=0.03


Tree=184
num_leaves=7
num_cat=0
split_feature=6 17 16 17 0 0
split_gain=3.28966 2.73512 5.70867 7.57903 7.16878 9.42852
threshold=0.61945113539695751 55.307498931884773 0.066671170294284834 34.260000228881843 4.6603341102600107 2.412019014358521
decision_type=2 2 2 2 2 2
left_child=1 2 4 -4 5 -1
right_child=-2 -3 3 -5 -6 -7
leaf_value=-0.0020535376328334677 -0.0065831323640782435 -0.00022100353716510954 -0.0059833165739136924 0.0057394136257547263 -0.0060119465924799442 0.0065656087531470288
leaf_weight=155 62 3975 157 67 65 409
leaf_count=155 62 3975 157 67 65 409
internal_value=1.88021e-05 0.000110305 0.0016465 -0.00242821 0.0031053 0.00419964
internal_weight=4890 4828 853 224 629 564
internal_count=4890 4828 853 224 629 564
is_linear=0
shrinkage=0.03


Tree=185
num_leaves=7
num_cat=0
split_feature=5 7 6 6 5 6
split_gain=2.42174 11.2801 9.69015 5.59861 4.4121 4.3096
threshold=0.70813778042793285 0.048532016575336463 0.17147658020257953 0.29647020995616918 0.76651382446289074 0.21054417639970782
decision_type=2 2 2 2 2 2
left_child=-1 2 4 -3 -2 -4
right_child=1 3 5 -5 -6 -7
leaf_value=-8.0429488617424867e-05 -0.0057657638738212516 -0.0044599329210401849 0.014211559679896867 0.0053803368612319567 0.0035730497049521804 0.0053420760812323788
leaf_weight=4160 68 248 92 61 116 121
leaf_count=4160 68 248 92 61 116 121
internal_value=0.00019602 0.00181407 0.00513199 -0.00246261 6.05198e-05 0.00941111
internal_weight=4866 706 397 309 184 213
internal_count=4866 706 397 309 184 213
is_linear=0
shrinkage=0.03


Tree=186
num_leaves=7
num_cat=0
split_feature=5 1 5 6 1 6
split_gain=3.01956 5.4118 4.68349 4.11995 5.88811 4.52075
threshold=0.45165339112281805 0.041635783389210708 0.43379019200801855 0.10132208466529848 0.0058115925639867791 1.0000000180025095e-35
decision_type=2 2 2 2 2 2
left_child=1 2 -1 4 5 -2
right_child=3 -3 -4 -5 -6 -7
leaf_value=0.0010966232624392168 -0.0030286461714951491 -0.0032408053473868656 0.0069589977816652514 -0.00041124144107014955 0.0020273693307193323 -0.012046689845632168
leaf_weight=848 127 216 139 3356 97 83
leaf_count=848 127 216 139 3356 97 83
internal_value=-0.000290286 0.00101101 0.00195314 -0.000718452 -0.00401634 -0.00679019
internal_weight=4866 1203 987 3663 307 210
internal_count=4866 1203 987 3663 307 210
is_linear=0
shrinkage=0.03


Tree=187
num_leaves=7
num_cat=0
split_feature=6 9 5 6 17 6
split_gain=3.98791 2.56613 2.4748 9.83815 6.32452 4.51453
threshold=0.58999255299568187 1.0000000180025095e-35 0.74634754657745372 0.27566400170326238 103.48500061035158 0.19126150757074359
decision_type=2 2 2 2 2 2
left_child=1 2 -1 4 -4 -6
right_child=-2 -3 3 -5 5 -7
leaf_value=-0.00022298862347550996 0.0060438318209981873 -0.004567461658714223 -0.0052574229026504321 0.012712913153331671 0.0058717156327085917 -0.0016025058990635443
leaf_weight=4256 92 108 123 62 167 123
leaf_count=4256 92 108 123 62 167 123
internal_value=2.09893e-05 -9.96384e-05 7.06817e-06 0.00204923 0.000315465 0.00272818
internal_weight=4931 4839 4731 475 413 290
internal_count=4931 4839 4731 475 413 290
is_linear=0
shrinkage=0.03


Tree=188
num_leaves=7
num_cat=0
split_feature=5 1 8 16 16 17
split_gain=3.04062 4.1705 4.70259 3.87623 6.61358 3.48121
threshold=0.45165339112281805 0.04001466557383538 0.41575309634208685 0.10421390458941461 0.022838698700070385 26.480799674987797
decision_type=2 2 2 2 2 2
left_child=1 2 3 4 5 -1
right_child=-2 -3 -4 -5 -6 -7
leaf_value=0.010208428844543439 -0.0003924735932683251 -0.0022432917395394437 -0.0019737600894150827 0.0089296746127503473 -0.0032438045657299636 0.0029722859931164904
leaf_weight=65 3686 232 192 90 143 487
leaf_count=65 3686 232 192 90 143 487
internal_value=3.59347e-05 0.0013383 0.00219589 0.00322176 0.0024241 0.00390836
internal_weight=4895 1209 977 785 695 552
internal_count=4895 1209 977 785 695 552
is_linear=0
shrinkage=0.03


Tree=189
num_leaves=7
num_cat=0
split_feature=5 5 16 7 5 5
split_gain=4.43538 5.28097 9.00864 8.11066 3.38109 7.31012
threshold=0.86236941814422619 0.78130862116813671 0.061011411249637611 0.034082762897014625 0.76278787851333629 0.74897953867912304
decision_type=2 2 2 2 2 2
left_child=1 4 3 -3 5 -1
right_child=-2 2 -4 -5 -6 -7
leaf_value=-7.6889394256817069e-05 -0.0053501938325144459 0.0076315539702773091 0.013831162601709366 -0.006968105676863596 -0.0063831969423571956 0.0093070789453524507
leaf_weight=4407 129 63 63 64 69 71
leaf_count=4407 129 63 63 64 69 71
internal_value=3.23311e-05 0.000184397 0.0050188 0.000288988 -2.2903e-05 8.21106e-05
internal_weight=4866 4737 190 127 4547 4478
internal_count=4866 4737 190 127 4547 4478
is_linear=0
shrinkage=0.03


Tree=190
num_leaves=7
num_cat=0
split_feature=17 17 6 1 7 7
split_gain=2.60095 4.3424 5.85935 4.37747 5.90386 3.80631
threshold=46.469999313354499 39.721200942993171 0.33441132307052618 0.03095637354999781 0.04466726258397103 0.12248472869396211
decision_type=2 2 2 2 2 2
left_child=1 2 3 -1 -5 -2
right_child=5 -3 -4 4 -6 -7
leaf_value=0.00033001696174947675 -0.00082889633798634472 0.0076663300619910953 -0.0056343467475695385 0.00051331021948027662 0.012579958344691656 0.0015297600578418524
leaf_weight=415 3358 86 106 76 66 749
leaf_count=415 3358 86 106 76 66 749
internal_value=-0.000100505 0.00151934 0.000670584 0.0019099 0.00635888 -0.000397407
internal_weight=4856 749 663 557 142 4107
internal_count=4856 749 663 557 142 4107
is_linear=0
shrinkage=0.03


Tree=191
num_leaves=7
num_cat=0
split_feature=7 8 3 5 5 7
split_gain=3.43178 6.03126 7.65626 11.1371 8.95404 4.40153
threshold=0.12417064234614374 0.30386322736740118 0.002731771557591856 0.52046087384223949 0.5057688057422639 0.17951486259698871
decision_type=2 2 2 2 2 2
left_child=-1 5 4 -4 -3 -2
right_child=1 2 3 -5 -6 -7
leaf_value=-0.00046653169895116936 -0.0064243988446363309 -0.0036811745987123637 0.012770423654450237 0.00024811989116686869 0.0046386053218866281 0.0016928063178081707
leaf_weight=3922 122 223 135 118 233 111
leaf_count=3922 122 223 135 118 233 111
internal_value=-7.56921e-05 0.00154543 0.00291745 0.00704798 0.000574144 -0.00260308
internal_weight=4864 942 709 253 456 233
internal_count=4864 942 709 253 456 233
is_linear=0
shrinkage=0.03


Tree=192
num_leaves=7
num_cat=0
split_feature=0 6 0 2 17 2
split_gain=3.09976 8.27352 6.49168 6.2766 6.28714 6.2419
threshold=2.7229859828948979 0.1140962913632393 0.69433704018592846 0.60466679930686962 5.6849999427795419 0.17937809228897098
decision_type=2 2 2 2 2 2
left_child=1 2 -1 4 -2 -3
right_child=3 5 -4 -5 -6 -7
leaf_value=-0.00017764651359252598 0.0064216645612870729 0.0014208608571899747 -0.00892093517483236 -0.0074803999855969864 -0.00063539347094333884 0.0088747477707629262
leaf_weight=221 113 1180 112 111 3065 106
leaf_count=221 113 1180 112 111 3065 106
internal_value=-9.68264e-05 0.000975936 -0.0032068 -0.00062557 -0.000374773 0.00206725
internal_weight=4908 1619 333 3289 3178 1286
internal_count=4908 1619 333 3289 3178 1286
is_linear=0
shrinkage=0.03


Tree=193
num_leaves=7
num_cat=0
split_feature=0 1 5 6 1 8
split_gain=2.72299 4.59616 7.07522 7.43717 5.26928 4.37536
threshold=3.7299276590347294 0.024996567517519001 0.55950623750686657 0.22009773552417758 0.042639840394258506 0.51462557911872875
decision_type=2 2 2 2 2 2
left_child=5 -2 -3 -4 -5 -1
right_child=1 2 3 4 -6 -7
leaf_value=0.00050630538090571341 -0.0030139456939095692 -0.0022749502913696536 -0.0016928255062629567 0.01554782508062915 0.0031114361959550039 -0.0055937374750186404
leaf_weight=3646 640 283 89 60 64 104
leaf_count=3646 640 283 89 60 64 104
internal_value=-6.01523e-05 -0.00134357 0.000820332 0.0048907 0.00949843 0.000329908
internal_weight=4886 1136 496 213 124 3750
internal_count=4886 1136 496 213 124 3750
is_linear=0
shrinkage=0.03


Tree=194
num_leaves=7
num_cat=0
split_feature=1 1 6 0 1 5
split_gain=2.44134 4.13083 3.51073 2.3168 4.40213 7.39672
threshold=0.057159423828125007 0.052637506276369102 0.19707931578159335 4.2487645149230966 0.034010838717222221 0.56093668937683117
decision_type=2 2 2 2 2 2
left_child=1 3 -2 -1 5 -5
right_child=2 -3 -4 4 -6 -7
leaf_value=0.00024224929077345549 0.0023760498957708476 0.0066265542517167288 -0.0035675888611364933 8.0805711875684929e-05 0.0035602690080339286 -0.0093511480042375184
leaf_weight=3979 115 82 356 178 89 124
leaf_count=3979 115 82 356 178 89 124
internal_value=-6.45267e-05 0.000153643 -0.00210667 2.47488e-05 -0.00216375 -0.00388114
internal_weight=4923 4452 471 4370 391 302
internal_count=4923 4452 471 4370 391 302
is_linear=0
shrinkage=0.03


Tree=195
num_leaves=7
num_cat=0
split_feature=5 7 3 7 16 7
split_gain=2.27071 10.7303 7.29483 10.6835 6.31413 4.81629
threshold=0.70813778042793285 0.04718329198658467 0.0036537122214213018 0.030293455347418789 0.074978251010179534 0.04466726258397103
decision_type=2 2 2 2 2 2
left_child=5 2 -2 -4 -3 -1
right_child=1 4 3 -5 -6 -7
leaf_value=-0.0010938791075642807 0.001481194547176315 -0.0059207114412496787 0.0033333646938222172 0.018894621614325681 0.0027634766984461056 0.00095009724940362959
leaf_weight=2164 238 185 102 63 121 1984
leaf_count=2164 238 185 102 63 121 1984
internal_value=0.000152574 0.00171526 0.00490548 0.00965591 -0.00249755 -0.000116273
internal_weight=4857 709 403 165 306 4148
internal_count=4857 709 403 165 306 4148
is_linear=0
shrinkage=0.03


Tree=196
num_leaves=7
num_cat=0
split_feature=3 3 2 5 6 6
split_gain=2.98999 6.4444 5.69742 4.56673 4.01977 3.80292
threshold=0.002731771557591856 0.0077541794162243613 0.017829976044595245 0.31846165657043463 0.13922312110662463 0.18831763416528705
decision_type=2 2 2 2 2 2
left_child=-1 -2 3 -3 -5 -6
right_child=1 2 -4 4 5 -7
leaf_value=-0.0005096221174505515 0.0081684063688773553 0.0070570383862253614 0.0050968696005134415 -0.0053913518635264196 0.0044000524787697936 -0.00052740469333255975
leaf_weight=3013 102 72 215 129 155 1180
leaf_count=3013 102 72 215 129 155 1180
internal_value=7.33475e-05 0.00102008 0.000581604 -6.49029e-05 -0.00043799 5.89805e-05
internal_weight=4866 1853 1751 1536 1464 1335
internal_count=4866 1853 1751 1536 1464 1335
is_linear=0
shrinkage=0.03


Tree=197
num_leaves=7
num_cat=0
split_feature=0 0 16 0 0 2
split_gain=3.5183 5.82458 4.62391 5.47363 6.64977 5.57673
threshold=3.6454805135726933 3.5833874940872197 0.050029719248414047 3.3622405529022221 3.1142195463180546 0.059310568496584899
decision_type=2 2 2 2 2 2
left_child=1 2 3 4 5 -1
right_child=-2 -3 -4 -5 -6 -7
leaf_value=0.00037738835218336855 -0.0012323634421542431 0.0067492339919020131 -0.0012851560424736762 -0.0022681783312736899 0.0053760021721470826 0.0066715488561148164
leaf_weight=1556 1295 128 1071 368 357 133
leaf_count=1556 1295 128 1071 368 357 133
internal_value=0.000106372 0.000587252 0.000351585 0.0010789 0.00168498 0.00089125
internal_weight=4908 3613 3485 2414 2046 1689
internal_count=4908 3613 3485 2414 2046 1689
is_linear=0
shrinkage=0.03


Tree=198
num_leaves=7
num_cat=0
split_feature=5 5 5 17 17 16
split_gain=3.3448 2.58206 2.508 6.12196 4.07469 4.38131
threshold=0.84374806284904491 0.80623200535774242 0.61515113711357128 23.746956825256351 43.550001144409187 0.12509416788816455
decision_type=2 2 2 2 2 2
left_child=1 2 -1 -4 -5 -6
right_child=-2 -3 3 4 5 -7
leaf_value=0.00064236457048645352 -0.0039459707613649034 0.0059676550442195487 -0.0071374167611338631 0.0062666147126367797 -0.0014132424412220486 0.0041735984954565505
leaf_weight=3318 169 66 123 76 981 140
leaf_count=3318 169 66 123 76 981 140
internal_value=0.000138869 0.000289659 0.00020252 -0.000901343 -0.000233519 -0.000700076
internal_weight=4873 4704 4638 1320 1197 1121
internal_count=4873 4704 4638 1320 1197 1121
is_linear=0
shrinkage=0.03


Tree=199
num_leaves=7
num_cat=0
split_feature=9 8 8 7 7 0
split_gain=2.46063 2.20273 4.72318 5.37233 5.27362 8.36192
threshold=1.0000000180025095e-35 0.2795537561178208 0.34292870759963995 0.015386517625302078 0.12417064234614374 1.6992253065109255
decision_type=2 2 2 2 2 2
left_child=1 -1 3 -3 5 -4
right_child=-2 2 4 -5 -6 -7
leaf_value=0.00088232626112634495 -0.0046344118118989011 0.0034960129879389517 -0.0085196428499550343 -0.0026434059337332207 0.0029108314941166547 0.00013700585323476842
leaf_weight=1626 101 141 104 1086 553 1275
leaf_count=1626 101 141 104 1086 553 1275
internal_value=-0.000113421 -1.32554e-05 -0.000474895 -0.00192657 0.000449649 -0.000544273
internal_weight=4886 4785 3159 1227 1932 1379
internal_count=4886 4785 3159 1227 1932 1379
is_linear=0
shrinkage=0.03


end of trees

feature_importances:
redundancy=160
promise_sim=159
wps=154
novelty=150
topic_sim=146
filler_rate=90
numeral_rate=85
you_rate=82
since_last_hook=71
complexity=58
cta=24
question=14
greeting=4
hook=3

parameters:
[boosting: gbdt]
[objective: regression]
[metric: l2]
[tree_learner: serial]
[device_type: cpu]
[data_sample_strategy: bagging]
[data: ]
[valid: ]
[num_iterations: 200]
[learning_rate: 0.03]
[num_leaves: 7]
[num_threads: 8]
[seed: 7]
[deterministic: 0]
[force_col_wise: 0]
[force_row_wise: 0]
[histogram_pool_size: -1]
[max_depth: -1]
[min_data_in_leaf: 60]
[min_sum_hessian_in_leaf: 0.001]
[bagging_fraction: 0.8]
[pos_bagging_fraction: 1]
[neg_bagging_fraction: 1]
[bagging_freq: 1]
[bagging_seed: 17422]
[bagging_by_query: 0]
[feature_fraction: 0.8]
[feature_fraction_bynode: 1]
[feature_fraction_seed: 7040]
[extra_trees: 0]
[extra_seed: 6516]
[early_stopping_round: 0]
[early_stopping_min_delta: 0]
[first_metric_only: 0]
[max_delta_step: 0]
[lambda_l1: 0]
[lambda_l2: 5]
[linear_lambda: 0]
[min_gain_to_split: 0]
[drop_rate: 0.1]
[max_drop: 50]
[skip_drop: 0.5]
[xgboost_dart_mode: 0]
[uniform_drop: 0]
[drop_seed: 15215]
[top_rate: 0.2]
[other_rate: 0.1]
[min_data_per_group: 100]
[max_cat_threshold: 32]
[cat_l2: 10]
[cat_smooth: 10]
[max_cat_to_onehot: 4]
[top_k: 20]
[monotone_constraints: ]
[monotone_constraints_method: basic]
[monotone_penalty: 0]
[feature_contri: ]
[forcedsplits_filename: ]
[refit_decay_rate: 0.9]
[cegb_tradeoff: 1]
[cegb_penalty_split: 0]
[cegb_penalty_feature_lazy: ]
[cegb_penalty_feature_coupled: ]
[path_smooth: 0]
[interaction_constraints: ]
[verbosity: -1]
[saved_feature_importance_type: 0]
[use_quantized_grad: 0]
[num_grad_quant_bins: 4]
[quant_train_renew_leaf: 0]
[stochastic_rounding: 1]
[linear_tree: 0]
[max_bin: 255]
[max_bin_by_feature: ]
[min_data_in_bin: 3]
[bin_construct_sample_cnt: 200000]
[data_random_seed: 61]
[is_enable_sparse: 1]
[enable_bundle: 1]
[use_missing: 1]
[zero_as_missing: 0]
[feature_pre_filter: 1]
[pre_partition: 0]
[two_round: 0]
[header: 0]
[label_column: ]
[weight_column: ]
[group_column: ]
[ignore_column: ]
[categorical_feature: ]
[forcedbins_filename: ]
[precise_float_parser: 0]
[parser_config_file: ]
[objective_seed: 15521]
[num_class: 1]
[is_unbalance: 0]
[scale_pos_weight: 1]
[sigmoid: 1]
[boost_from_average: 1]
[reg_sqrt: 0]
[alpha: 0.9]
[fair_c: 1]
[poisson_max_delta_step: 0.7]
[tweedie_variance_power: 1.5]
[lambdarank_truncation_level: 30]
[lambdarank_norm: 1]
[label_gain: ]
[lambdarank_position_bias_regularization: 0]
[eval_at: ]
[multi_error_top_k: 1]
[auc_mu_weights: ]
[num_machines: 1]
[local_listen_port: 12400]
[time_out: 120]
[machine_list_filename: ]
[machines: ]
[gpu_platform_id: -1]
[gpu_device_id: -1]
[gpu_device_id_list: ]
[gpu_use_dp: 0]
[num_gpu: 1]

end of parameters

pandas_categorical:null
